Bundling 8%
Bundling 24%
Bundling 65%
Bundling 70%
Bundling 75%
Bundling 81%
Bundling 87%
Bundling 93%
Bundling 100%
Copying public dir 10.8 MB
Copying public dir 21.6 MB
Copying public dir 32.6 MB
Copying public dir 44.1 MB
Copying public dir 45.1 MB
Copying public dir 45.4 MB
Copying public dir 46.8 MB
Copying public dir 47.9 MB
Copying public dir 49.7 MB
Getting composition
[90mComposition          VoxEssay[39m
[90mCodec                h264[39m
[90mOutput               out/compound.mp4[39m
[90mConcurrency          4x[39m
Rendered 0/18000
Rendered 1/18000, time remaining: 4h 42m 53s
Rendered 2/18000, time remaining: 2h 29m 23s
Rendered 3/18000, time remaining: 1h 42m 16s
Rendered 4/18000, time remaining: 1h 19m 24s
Rendered 5/18000, time remaining: 1h 13m 17s
Rendered 6/18000, time remaining: 1h 7m 31s
Rendered 7/18000, time remaining: 1h 14s
Rendered 8/18000, time remaining: 56m 33s
Rendered 9/18000, time remaining: 50m 48s
Rendered 10/18000, time remaining: 49m 4s
Rendered 11/18000, time remaining: 47m 5s
Rendered 12/18000, time remaining: 44m 13s
Rendered 13/18000, time remaining: 42m 18s
Rendered 14/18000, time remaining: 43m 43s
Rendered 15/18000, time remaining: 41m 19s
Rendered 16/18000, time remaining: 39m 10s
Rendered 17/18000, time remaining: 37m 19s
Rendered 18/18000, time remaining: 40m 22s
Rendered 19/18000, time remaining: 39m 3s
Rendered 20/18000, time remaining: 37m 32s
Rendered 21/18000, time remaining: 36m 12s
Rendered 22/18000, time remaining: 37m 40s
Rendered 23/18000, time remaining: 36m 42s
Rendered 24/18000, time remaining: 35m 45s
Rendered 25/18000, time remaining: 35m 8s
Rendered 26/18000, time remaining: 36m 27s
Rendered 27/18000, time remaining: 35m 41s
Rendered 28/18000, time remaining: 34m 44s
Rendered 29/18000, time remaining: 34m 11s
Rendered 30/18000, time remaining: 34m 46s
Rendered 31/18000, time remaining: 34m 13s
Rendered 32/18000, time remaining: 33m 23s
Rendered 33/18000, time remaining: 32m 59s
Rendered 34/18000, time remaining: 33m 25s
Rendered 35/18000, time remaining: 32m 51s
Rendered 36/18000, time remaining: 32m 9s
Rendered 37/18000, time remaining: 31m 51s
Rendered 38/18000, time remaining: 31m 54s
Rendered 39/18000, time remaining: 31m 45s
Rendered 40/18000, time remaining: 31m 25s
Rendered 41/18000, time remaining: 30m 46s
Rendered 42/18000, time remaining: 31m 13s
Rendered 43/18000, time remaining: 30m 50s
Rendered 44/18000, time remaining: 30m 40s
Rendered 45/18000, time remaining: 30m 5s
Rendered 46/18000, time remaining: 30m 2s
Rendered 47/18000, time remaining: 29m 54s
Rendered 48/18000, time remaining: 30m 1s
Rendered 49/18000, time remaining: 29m 48s
Rendered 50/18000, time remaining: 29m 19s
Rendered 51/18000, time remaining: 29m 12s
Rendered 52/18000, time remaining: 29m 13s
Rendered 53/18000, time remaining: 29m 19s
Rendered 54/18000, time remaining: 29m 0s
Rendered 55/18000, time remaining: 28m 55s
Rendered 56/18000, time remaining: 28m 28s
Rendered 57/18000, time remaining: 28m 44s
Rendered 58/18000, time remaining: 28m 40s
Rendered 59/18000, time remaining: 28m 33s
Rendered 60/18000, time remaining: 28m 24s
Rendered 61/18000, time remaining: 28m 10s
Rendered 62/18000, time remaining: 28m 1s
Rendered 63/18000, time remaining: 27m 52s
Rendered 64/18000, time remaining: 28m 17s
Rendered 65/18000, time remaining: 28m 10s
Rendered 66/18000, time remaining: 28m 15s
Rendered 67/18000, time remaining: 27m 56s
Rendered 68/18000, time remaining: 27m 56s
Rendered 69/18000, time remaining: 27m 54s
Rendered 70/18000, time remaining: 27m 52s
Rendered 71/18000, time remaining: 27m 49s
Rendered 72/18000, time remaining: 27m 27s
Rendered 73/18000, time remaining: 27m 25s
Rendered 74/18000, time remaining: 27m 36s
Rendered 75/18000, time remaining: 27m 48s
Rendered 76/18000, time remaining: 27m 31s
Rendered 77/18000, time remaining: 27m 22s
Rendered 78/18000, time remaining: 27m 8s
Rendered 79/18000, time remaining: 27m 31s
Rendered 80/18000, time remaining: 27m 21s
Rendered 81/18000, time remaining: 27m 6s
Rendered 82/18000, time remaining: 27m 0s
Rendered 83/18000, time remaining: 27m 16s
Rendered 84/18000, time remaining: 27m 11s
Rendered 85/18000, time remaining: 26m 58s
Rendered 86/18000, time remaining: 26m 52s
Rendered 87/18000, time remaining: 27m 2s
Rendered 88/18000, time remaining: 26m 58s
Rendered 89/18000, time remaining: 26m 49s
Rendered 90/18000, time remaining: 26m 37s
Rendered 91/18000, time remaining: 26m 49s
Rendered 92/18000, time remaining: 26m 48s
Rendered 93/18000, time remaining: 26m 48s
Rendered 94/18000, time remaining: 26m 31s
Rendered 95/18000, time remaining: 26m 43s
Rendered 96/18000, time remaining: 26m 40s
Rendered 97/18000, time remaining: 26m 40s
Rendered 98/18000, time remaining: 26m 37s
Rendered 99/18000, time remaining: 26m 37s
Rendered 100/18000, time remaining: 26m 22s
Rendered 101/18000, time remaining: 26m 19s
Rendered 102/18000, time remaining: 26m 24s
Rendered 103/18000, time remaining: 26m 28s
Rendered 104/18000, time remaining: 26m 17s
Rendered 105/18000, time remaining: 26m 27s
Rendered 106/18000, time remaining: 26m 14s
Rendered 107/18000, time remaining: 26m 12s
Rendered 108/18000, time remaining: 26m 1s
Rendered 109/18000, time remaining: 26m 16s
Rendered 110/18000, time remaining: 26m 8s
Rendered 111/18000, time remaining: 26m 4s
Rendered 112/18000, time remaining: 25m 54s
Rendered 113/18000, time remaining: 26m 11s
Rendered 114/18000, time remaining: 26m 8s
Rendered 115/18000, time remaining: 25m 59s
Rendered 116/18000, time remaining: 25m 48s
Rendered 117/18000, time remaining: 26m 8s
Rendered 118/18000, time remaining: 26m 8s
Rendered 119/18000, time remaining: 26m 3s
Rendered 120/18000, time remaining: 25m 59s
Rendered 121/18000, time remaining: 26m 3s
Rendered 122/18000, time remaining: 26m 0s
Rendered 123/18000, time remaining: 25m 56s
Rendered 124/18000, time remaining: 25m 56s
Rendered 125/18000, time remaining: 25m 57s
Rendered 126/18000, time remaining: 26m 0s
Rendered 127/18000, time remaining: 25m 50s
Rendered 128/18000, time remaining: 25m 49s
Rendered 129/18000, time remaining: 25m 50s
Rendered 130/18000, time remaining: 25m 51s
Rendered 131/18000, time remaining: 25m 41s
Rendered 132/18000, time remaining: 25m 38s
Rendered 133/18000, time remaining: 25m 40s
Rendered 134/18000, time remaining: 25m 42s
Rendered 135/18000, time remaining: 25m 39s
Rendered 136/18000, time remaining: 25m 39s
Rendered 137/18000, time remaining: 25m 30s
Rendered 138/18000, time remaining: 25m 29s
Rendered 139/18000, time remaining: 25m 32s
Rendered 140/18000, time remaining: 25m 34s
Rendered 141/18000, time remaining: 25m 33s
Rendered 142/18000, time remaining: 25m 24s
Rendered 143/18000, time remaining: 25m 24s
Rendered 144/18000, time remaining: 25m 33s
Rendered 145/18000, time remaining: 25m 29s
Rendered 146/18000, time remaining: 25m 22s
Rendered 147/18000, time remaining: 25m 18s
Rendered 148/18000, time remaining: 25m 23s
Rendered 149/18000, time remaining: 25m 25s
Rendered 150/18000, time remaining: 25m 28s
Rendered 151/18000, time remaining: 23m 48s
Rendered 152/18000, time remaining: 23m 44s
Rendered 153/18000, time remaining: 23m 48s
Rendered 154/18000, time remaining: 24m 2s
Rendered 155/18000, time remaining: 23m 49s
Rendered 156/18000, time remaining: 23m 37s
Rendered 157/18000, time remaining: 23m 34s
Rendered 158/18000, time remaining: 23m 39s
Rendered 159/18000, time remaining: 23m 51s
Rendered 160/18000, time remaining: 23m 40s
Rendered 161/18000, time remaining: 23m 36s
Rendered 162/18000, time remaining: 23m 44s
Rendered 163/18000, time remaining: 23m 50s
Rendered 164/18000, time remaining: 23m 32s
Rendered 165/18000, time remaining: 23m 32s
Rendered 166/18000, time remaining: 23m 39s
Rendered 167/18000, time remaining: 23m 49s
Rendered 168/18000, time remaining: 23m 22s
Rendered 169/18000, time remaining: 23m 24s
Rendered 170/18000, time remaining: 23m 22s
Rendered 171/18000, time remaining: 23m 28s
Rendered 172/18000, time remaining: 23m 12s
Rendered 173/18000, time remaining: 23m 16s
Rendered 174/18000, time remaining: 23m 19s
Rendered 175/18000, time remaining: 23m 13s
Rendered 176/18000, time remaining: 22m 53s
Rendered 177/18000, time remaining: 23m 7s
Rendered 178/18000, time remaining: 23m 9s
Rendered 179/18000, time remaining: 23m 5s
Rendered 180/18000, time remaining: 22m 48s
Rendered 181/18000, time remaining: 22m 50s
Rendered 182/18000, time remaining: 23m 15s
Rendered 183/18000, time remaining: 23m 12s
Rendered 184/18000, time remaining: 22m 56s
Rendered 185/18000, time remaining: 22m 54s
Rendered 186/18000, time remaining: 23m 13s
Rendered 187/18000, time remaining: 23m 13s
Rendered 188/18000, time remaining: 23m 3s
Rendered 189/18000, time remaining: 22m 59s
Rendered 190/18000, time remaining: 22m 56s
Rendered 191/18000, time remaining: 23m 15s
Rendered 192/18000, time remaining: 22m 58s
Rendered 193/18000, time remaining: 23m 0s
Rendered 194/18000, time remaining: 22m 53s
Rendered 195/18000, time remaining: 23m 13s
Rendered 196/18000, time remaining: 23m 3s
Rendered 197/18000, time remaining: 23m 0s
Rendered 198/18000, time remaining: 22m 49s
Rendered 199/18000, time remaining: 23m 4s
Rendered 200/18000, time remaining: 23m 4s
Rendered 201/18000, time remaining: 23m 1s
Rendered 202/18000, time remaining: 22m 52s
Rendered 203/18000, time remaining: 23m 2s
Rendered 204/18000, time remaining: 23m 2s
Rendered 205/18000, time remaining: 22m 56s
Rendered 206/18000, time remaining: 22m 57s
Rendered 207/18000, time remaining: 23m 5s
Rendered 208/18000, time remaining: 23m 1s
Rendered 209/18000, time remaining: 22m 55s
Rendered 210/18000, time remaining: 22m 50s
Rendered 211/18000, time remaining: 23m 5s
Rendered 212/18000, time remaining: 23m 9s
Rendered 213/18000, time remaining: 23m 4s
Rendered 214/18000, time remaining: 22m 51s
Rendered 215/18000, time remaining: 22m 54s
Rendered 216/18000, time remaining: 23m 0s
Rendered 217/18000, time remaining: 22m 59s
Rendered 218/18000, time remaining: 22m 55s
Rendered 219/18000, time remaining: 22m 49s
Rendered 220/18000, time remaining: 23m 5s
Rendered 221/18000, time remaining: 23m 0s
Rendered 222/18000, time remaining: 23m 3s
Rendered 223/18000, time remaining: 22m 55s
Rendered 224/18000, time remaining: 23m 4s
Rendered 225/18000, time remaining: 22m 54s
Rendered 226/18000, time remaining: 22m 54s
Rendered 227/18000, time remaining: 22m 58s
Rendered 228/18000, time remaining: 23m 5s
Rendered 229/18000, time remaining: 22m 52s
Rendered 230/18000, time remaining: 22m 55s
Rendered 231/18000, time remaining: 23m 0s
Rendered 232/18000, time remaining: 22m 57s
Rendered 233/18000, time remaining: 22m 45s
Rendered 234/18000, time remaining: 22m 54s
Rendered 235/18000, time remaining: 23m 5s
Rendered 236/18000, time remaining: 23m 0s
Rendered 237/18000, time remaining: 22m 50s
Rendered 238/18000, time remaining: 22m 46s
Rendered 239/18000, time remaining: 23m 3s
Rendered 240/18000, time remaining: 23m 1s
Rendered 241/18000, time remaining: 22m 54s
Rendered 242/18000, time remaining: 22m 49s
Rendered 243/18000, time remaining: 23m 12s
Rendered 244/18000, time remaining: 23m 19s
Rendered 245/18000, time remaining: 23m 4s
Rendered 246/18000, time remaining: 23m 3s
Rendered 247/18000, time remaining: 23m 21s
Rendered 248/18000, time remaining: 23m 18s
Rendered 249/18000, time remaining: 23m 10s
Rendered 250/18000, time remaining: 23m 17s
Rendered 251/18000, time remaining: 23m 27s
Rendered 252/18000, time remaining: 23m 19s
Rendered 253/18000, time remaining: 23m 10s
Rendered 254/18000, time remaining: 23m 14s
Rendered 255/18000, time remaining: 23m 18s
Rendered 256/18000, time remaining: 23m 22s
Rendered 257/18000, time remaining: 23m 17s
Rendered 258/18000, time remaining: 23m 18s
Rendered 259/18000, time remaining: 23m 15s
Rendered 260/18000, time remaining: 23m 27s
Rendered 261/18000, time remaining: 23m 27s
Rendered 262/18000, time remaining: 23m 27s
Rendered 263/18000, time remaining: 23m 18s
Rendered 264/18000, time remaining: 23m 17s
Rendered 265/18000, time remaining: 23m 28s
Rendered 266/18000, time remaining: 23m 33s
Rendered 267/18000, time remaining: 23m 17s
Rendered 268/18000, time remaining: 23m 8s
Rendered 269/18000, time remaining: 23m 11s
Rendered 270/18000, time remaining: 23m 19s
Rendered 271/18000, time remaining: 23m 17s
Rendered 272/18000, time remaining: 23m 10s
Rendered 273/18000, time remaining: 23m 14s
Rendered 274/18000, time remaining: 23m 11s
Rendered 275/18000, time remaining: 23m 13s
Rendered 276/18000, time remaining: 23m 6s
Rendered 277/18000, time remaining: 23m 11s
Rendered 278/18000, time remaining: 23m 10s
Rendered 279/18000, time remaining: 23m 12s
Rendered 280/18000, time remaining: 23m 12s
Rendered 281/18000, time remaining: 23m 21s
Rendered 282/18000, time remaining: 23m 20s
Rendered 283/18000, time remaining: 23m 16s
Rendered 284/18000, time remaining: 23m 12s
Rendered 285/18000, time remaining: 23m 15s
Rendered 286/18000, time remaining: 23m 15s
Rendered 287/18000, time remaining: 23m 18s
Rendered 288/18000, time remaining: 23m 17s
Rendered 289/18000, time remaining: 23m 12s
Rendered 290/18000, time remaining: 23m 12s
Rendered 291/18000, time remaining: 23m 10s
Rendered 292/18000, time remaining: 23m 15s
Rendered 293/18000, time remaining: 23m 15s
Rendered 294/18000, time remaining: 23m 6s
Rendered 295/18000, time remaining: 23m 5s
Rendered 296/18000, time remaining: 23m 13s
Rendered 297/18000, time remaining: 23m 17s
Rendered 298/18000, time remaining: 23m 12s
Rendered 299/18000, time remaining: 23m 7s
Rendered 300/18000, time remaining: 22m 58s
Rendered 301/18000, time remaining: 22m 56s
Rendered 302/18000, time remaining: 23m 5s
Rendered 303/18000, time remaining: 23m 6s
Rendered 304/18000, time remaining: 22m 59s
Rendered 305/18000, time remaining: 23m 0s
Rendered 306/18000, time remaining: 22m 59s
Rendered 307/18000, time remaining: 23m 5s
Rendered 308/18000, time remaining: 23m 1s
Rendered 309/18000, time remaining: 22m 56s
Rendered 310/18000, time remaining: 23m 1s
Rendered 311/18000, time remaining: 23m 7s
Rendered 312/18000, time remaining: 23m 2s
Rendered 313/18000, time remaining: 22m 55s
Rendered 314/18000, time remaining: 22m 57s
Rendered 315/18000, time remaining: 23m 1s
Rendered 316/18000, time remaining: 23m 1s
Rendered 317/18000, time remaining: 22m 58s
Rendered 318/18000, time remaining: 23m 0s
Rendered 319/18000, time remaining: 22m 59s
Rendered 320/18000, time remaining: 23m 2s
Rendered 321/18000, time remaining: 23m 10s
Rendered 322/18000, time remaining: 23m 5s
Rendered 323/18000, time remaining: 23m 2s
Rendered 324/18000, time remaining: 22m 56s
Rendered 325/18000, time remaining: 23m 16s
Rendered 326/18000, time remaining: 23m 15s
Rendered 327/18000, time remaining: 23m 2s
Rendered 328/18000, time remaining: 22m 59s
Rendered 329/18000, time remaining: 23m 15s
Rendered 330/18000, time remaining: 23m 21s
Rendered 331/18000, time remaining: 23m 21s
Rendered 332/18000, time remaining: 22m 56s
Rendered 333/18000, time remaining: 23m 0s
Rendered 334/18000, time remaining: 23m 13s
Rendered 335/18000, time remaining: 23m 19s
Rendered 336/18000, time remaining: 23m 1s
Rendered 337/18000, time remaining: 22m 59s
Rendered 338/18000, time remaining: 23m 6s
Rendered 339/18000, time remaining: 23m 13s
Rendered 340/18000, time remaining: 23m 16s
Rendered 341/18000, time remaining: 22m 59s
Rendered 342/18000, time remaining: 23m 6s
Rendered 343/18000, time remaining: 23m 8s
Rendered 344/18000, time remaining: 23m 16s
Rendered 345/18000, time remaining: 22m 59s
Rendered 346/18000, time remaining: 23m 4s
Rendered 347/18000, time remaining: 23m 2s
Rendered 348/18000, time remaining: 23m 19s
Rendered 349/18000, time remaining: 23m 3s
Rendered 350/18000, time remaining: 23m 9s
Rendered 351/18000, time remaining: 23m 4s
Rendered 352/18000, time remaining: 23m 11s
Rendered 353/18000, time remaining: 23m 2s
Rendered 354/18000, time remaining: 23m 6s
Rendered 355/18000, time remaining: 23m 5s
Rendered 356/18000, time remaining: 23m 10s
Rendered 357/18000, time remaining: 23m 0s
Rendered 358/18000, time remaining: 23m 3s
Rendered 359/18000, time remaining: 23m 3s
Rendered 360/18000, time remaining: 23m 7s
Rendered 361/18000, time remaining: 23m 3s
Rendered 362/18000, time remaining: 22m 57s
Rendered 363/18000, time remaining: 23m 2s
Rendered 364/18000, time remaining: 22m 56s
Rendered 365/18000, time remaining: 22m 57s
Rendered 366/18000, time remaining: 22m 47s
Rendered 367/18000, time remaining: 22m 56s
Rendered 368/18000, time remaining: 22m 57s
Rendered 369/18000, time remaining: 23m 1s
Rendered 370/18000, time remaining: 22m 38s
Rendered 371/18000, time remaining: 22m 40s
Rendered 372/18000, time remaining: 22m 52s
Rendered 373/18000, time remaining: 23m 2s
Rendered 374/18000, time remaining: 22m 44s
Rendered 375/18000, time remaining: 22m 45s
Rendered 376/18000, time remaining: 22m 48s
Rendered 377/18000, time remaining: 22m 46s
Rendered 378/18000, time remaining: 22m 50s
Rendered 379/18000, time remaining: 22m 49s
Rendered 380/18000, time remaining: 22m 50s
Rendered 381/18000, time remaining: 22m 50s
Rendered 382/18000, time remaining: 22m 55s
Rendered 383/18000, time remaining: 22m 55s
Rendered 384/18000, time remaining: 22m 41s
Rendered 385/18000, time remaining: 22m 38s
Rendered 386/18000, time remaining: 22m 52s
Rendered 387/18000, time remaining: 22m 58s
Rendered 388/18000, time remaining: 22m 56s
Rendered 389/18000, time remaining: 22m 45s
Rendered 390/18000, time remaining: 22m 57s
Rendered 391/18000, time remaining: 22m 57s
Rendered 392/18000, time remaining: 23m 2s
Rendered 393/18000, time remaining: 22m 29s
Rendered 394/18000, time remaining: 22m 34s
Rendered 395/18000, time remaining: 22m 46s
Rendered 396/18000, time remaining: 22m 46s
Rendered 397/18000, time remaining: 22m 20s
Rendered 398/18000, time remaining: 22m 26s
Rendered 399/18000, time remaining: 22m 39s
Rendered 400/18000, time remaining: 22m 38s
Rendered 401/18000, time remaining: 22m 23s
Rendered 402/18000, time remaining: 22m 29s
Rendered 403/18000, time remaining: 22m 34s
Rendered 404/18000, time remaining: 22m 45s
Rendered 405/18000, time remaining: 22m 31s
Rendered 406/18000, time remaining: 22m 27s
Rendered 407/18000, time remaining: 22m 40s
Rendered 408/18000, time remaining: 22m 42s
Rendered 409/18000, time remaining: 22m 37s
Rendered 410/18000, time remaining: 22m 22s
Rendered 411/18000, time remaining: 22m 25s
Rendered 412/18000, time remaining: 22m 33s
Rendered 413/18000, time remaining: 22m 30s
Rendered 414/18000, time remaining: 22m 29s
Rendered 415/18000, time remaining: 22m 24s
Rendered 416/18000, time remaining: 22m 30s
Rendered 417/18000, time remaining: 22m 34s
Rendered 418/18000, time remaining: 22m 41s
Rendered 419/18000, time remaining: 22m 39s
Rendered 420/18000, time remaining: 22m 31s
Rendered 421/18000, time remaining: 22m 27s
Rendered 422/18000, time remaining: 22m 33s
Rendered 423/18000, time remaining: 22m 42s
Rendered 424/18000, time remaining: 22m 41s
Rendered 425/18000, time remaining: 22m 31s
Rendered 426/18000, time remaining: 22m 28s
Rendered 427/18000, time remaining: 22m 47s
Rendered 428/18000, time remaining: 22m 45s
Rendered 429/18000, time remaining: 22m 36s
Rendered 430/18000, time remaining: 22m 28s
Rendered 431/18000, time remaining: 22m 28s
Rendered 432/18000, time remaining: 22m 43s
Rendered 433/18000, time remaining: 22m 43s
Rendered 434/18000, time remaining: 22m 38s
Rendered 435/18000, time remaining: 22m 30s
Rendered 436/18000, time remaining: 22m 50s
Rendered 437/18000, time remaining: 22m 48s
Rendered 438/18000, time remaining: 22m 46s
Rendered 439/18000, time remaining: 22m 43s
Rendered 440/18000, time remaining: 22m 50s
Rendered 441/18000, time remaining: 22m 48s
Rendered 442/18000, time remaining: 22m 54s
Rendered 443/18000, time remaining: 22m 58s
Rendered 444/18000, time remaining: 22m 55s
Rendered 445/18000, time remaining: 22m 56s
Rendered 446/18000, time remaining: 22m 50s
Rendered 447/18000, time remaining: 22m 55s
Rendered 448/18000, time remaining: 22m 52s
Rendered 449/18000, time remaining: 22m 58s
Rendered 450/18000, time remaining: 23m 2s
Rendered 451/18000, time remaining: 22m 56s
Rendered 452/18000, time remaining: 22m 53s
Rendered 453/18000, time remaining: 22m 59s
Rendered 454/18000, time remaining: 22m 58s
Rendered 455/18000, time remaining: 23m 0s
Rendered 456/18000, time remaining: 22m 59s
Rendered 457/18000, time remaining: 23m 0s
Rendered 458/18000, time remaining: 23m 4s
Rendered 459/18000, time remaining: 23m 1s
Rendered 460/18000, time remaining: 23m 4s
Rendered 461/18000, time remaining: 22m 53s
Rendered 462/18000, time remaining: 22m 57s
Rendered 463/18000, time remaining: 23m 1s
Rendered 464/18000, time remaining: 23m 3s
Rendered 465/18000, time remaining: 23m 1s
Rendered 466/18000, time remaining: 22m 59s
Rendered 467/18000, time remaining: 22m 58s
Rendered 468/18000, time remaining: 23m 16s
Rendered 469/18000, time remaining: 23m 8s
Rendered 470/18000, time remaining: 23m 13s
Rendered 471/18000, time remaining: 23m 1s
Rendered 472/18000, time remaining: 23m 18s
Rendered 473/18000, time remaining: 23m 16s
Rendered 474/18000, time remaining: 23m 17s
Rendered 475/18000, time remaining: 22m 58s
Rendered 476/18000, time remaining: 23m 17s
Rendered 477/18000, time remaining: 23m 17s
Rendered 478/18000, time remaining: 23m 25s
Rendered 479/18000, time remaining: 23m 6s
Rendered 480/18000, time remaining: 23m 6s
Rendered 481/18000, time remaining: 23m 12s
Rendered 482/18000, time remaining: 24m 3s
Rendered 483/18000, time remaining: 23m 59s
Rendered 484/18000, time remaining: 23m 52s
Rendered 485/18000, time remaining: 23m 46s
Rendered 486/18000, time remaining: 24m 41s
Rendered 487/18000, time remaining: 24m 40s
Rendered 488/18000, time remaining: 24m 38s
Rendered 489/18000, time remaining: 24m 28s
Rendered 490/18000, time remaining: 24m 52s
Rendered 491/18000, time remaining: 24m 52s
Rendered 492/18000, time remaining: 24m 52s
Rendered 493/18000, time remaining: 24m 44s
Rendered 494/18000, time remaining: 24m 52s
Rendered 495/18000, time remaining: 24m 58s
Rendered 496/18000, time remaining: 25m 3s
Rendered 497/18000, time remaining: 25m 1s
Rendered 498/18000, time remaining: 24m 51s
Rendered 499/18000, time remaining: 24m 57s
Rendered 500/18000, time remaining: 24m 58s
Rendered 501/18000, time remaining: 25m 3s
Rendered 502/18000, time remaining: 24m 59s
Rendered 503/18000, time remaining: 24m 54s
Rendered 504/18000, time remaining: 24m 53s
Rendered 505/18000, time remaining: 25m 5s
Rendered 506/18000, time remaining: 25m 5s
Rendered 507/18000, time remaining: 24m 57s
Rendered 508/18000, time remaining: 24m 55s
Rendered 509/18000, time remaining: 25m 2s
Rendered 510/18000, time remaining: 25m 8s
Rendered 511/18000, time remaining: 25m 1s
Rendered 512/18000, time remaining: 25m 5s
Rendered 513/18000, time remaining: 25m 0s
Rendered 514/18000, time remaining: 25m 6s
Rendered 515/18000, time remaining: 25m 6s
Rendered 516/18000, time remaining: 25m 16s
Rendered 517/18000, time remaining: 25m 8s
Rendered 518/18000, time remaining: 25m 9s
Rendered 519/18000, time remaining: 25m 3s
Rendered 520/18000, time remaining: 25m 24s
Rendered 521/18000, time remaining: 25m 23s
Rendered 522/18000, time remaining: 25m 15s
Rendered 523/18000, time remaining: 25m 6s
Rendered 524/18000, time remaining: 25m 23s
Rendered 525/18000, time remaining: 25m 21s
Rendered 526/18000, time remaining: 25m 19s
Rendered 527/18000, time remaining: 25m 14s
Rendered 528/18000, time remaining: 25m 32s
Rendered 529/18000, time remaining: 25m 35s
Rendered 530/18000, time remaining: 25m 29s
Rendered 531/18000, time remaining: 25m 24s
Rendered 532/18000, time remaining: 25m 24s
Rendered 533/18000, time remaining: 25m 42s
Rendered 534/18000, time remaining: 25m 42s
Rendered 535/18000, time remaining: 25m 34s
Rendered 536/18000, time remaining: 25m 28s
Rendered 537/18000, time remaining: 25m 39s
Rendered 538/18000, time remaining: 25m 43s
Rendered 539/18000, time remaining: 25m 36s
Rendered 540/18000, time remaining: 25m 26s
Rendered 541/18000, time remaining: 25m 25s
Rendered 542/18000, time remaining: 25m 37s
Rendered 543/18000, time remaining: 25m 45s
Rendered 544/18000, time remaining: 25m 35s
Rendered 545/18000, time remaining: 25m 31s
Rendered 546/18000, time remaining: 25m 38s
Rendered 547/18000, time remaining: 25m 44s
Rendered 548/18000, time remaining: 25m 35s
Rendered 549/18000, time remaining: 25m 30s
Rendered 550/18000, time remaining: 25m 34s
Rendered 551/18000, time remaining: 25m 46s
Rendered 552/18000, time remaining: 25m 37s
Rendered 553/18000, time remaining: 25m 39s
Rendered 554/18000, time remaining: 25m 29s
Rendered 555/18000, time remaining: 25m 40s
Rendered 556/18000, time remaining: 25m 41s
Rendered 557/18000, time remaining: 25m 31s
Rendered 558/18000, time remaining: 25m 29s
Rendered 559/18000, time remaining: 25m 40s
Rendered 560/18000, time remaining: 25m 41s
Rendered 561/18000, time remaining: 25m 38s
Rendered 562/18000, time remaining: 25m 29s
Rendered 563/18000, time remaining: 25m 43s
Rendered 564/18000, time remaining: 25m 44s
Rendered 565/18000, time remaining: 25m 38s
Rendered 566/18000, time remaining: 25m 28s
Rendered 567/18000, time remaining: 25m 39s
Rendered 568/18000, time remaining: 25m 38s
Rendered 569/18000, time remaining: 25m 32s
Rendered 570/18000, time remaining: 25m 28s
Rendered 571/18000, time remaining: 25m 45s
Rendered 572/18000, time remaining: 25m 44s
Rendered 573/18000, time remaining: 25m 34s
Rendered 574/18000, time remaining: 25m 29s
Rendered 575/18000, time remaining: 25m 45s
Rendered 576/18000, time remaining: 25m 49s
Rendered 577/18000, time remaining: 25m 26s
Rendered 578/18000, time remaining: 25m 26s
Rendered 579/18000, time remaining: 25m 39s
Rendered 580/18000, time remaining: 25m 45s
Rendered 581/18000, time remaining: 25m 38s
Rendered 582/18000, time remaining: 25m 26s
Rendered 583/18000, time remaining: 25m 27s
Rendered 584/18000, time remaining: 25m 37s
Rendered 585/18000, time remaining: 25m 41s
Rendered 586/18000, time remaining: 25m 15s
Rendered 587/18000, time remaining: 25m 19s
Rendered 588/18000, time remaining: 25m 26s
Rendered 589/18000, time remaining: 25m 32s
Rendered 590/18000, time remaining: 25m 25s
Rendered 591/18000, time remaining: 25m 24s
Rendered 592/18000, time remaining: 25m 23s
Rendered 593/18000, time remaining: 25m 16s
Rendered 594/18000, time remaining: 25m 17s
Rendered 595/18000, time remaining: 25m 18s
Rendered 596/18000, time remaining: 25m 23s
Rendered 597/18000, time remaining: 25m 24s
Rendered 598/18000, time remaining: 25m 19s
Rendered 599/18000, time remaining: 25m 14s
Rendered 600/18000, time remaining: 25m 10s
Rendered 601/18000, time remaining: 25m 31s
Rendered 602/18000, time remaining: 25m 29s
Rendered 603/18000, time remaining: 25m 17s
Rendered 604/18000, time remaining: 25m 21s
Rendered 605/18000, time remaining: 25m 22s
Rendered 606/18000, time remaining: 25m 29s
Rendered 607/18000, time remaining: 25m 23s
Rendered 608/18000, time remaining: 25m 16s
Rendered 609/18000, time remaining: 25m 20s
Rendered 610/18000, time remaining: 25m 19s
Rendered 611/18000, time remaining: 25m 25s
Rendered 612/18000, time remaining: 25m 17s
Rendered 613/18000, time remaining: 25m 17s
Rendered 614/18000, time remaining: 25m 16s
Rendered 615/18000, time remaining: 25m 21s
Rendered 616/18000, time remaining: 25m 20s
Rendered 617/18000, time remaining: 25m 18s
Rendered 618/18000, time remaining: 24m 57s
Rendered 619/18000, time remaining: 25m 7s
Rendered 620/18000, time remaining: 25m 9s
Rendered 621/18000, time remaining: 25m 14s
Rendered 622/18000, time remaining: 25m 0s
Rendered 623/18000, time remaining: 24m 57s
Rendered 624/18000, time remaining: 25m 2s
Rendered 625/18000, time remaining: 25m 6s
Rendered 626/18000, time remaining: 25m 4s
Rendered 627/18000, time remaining: 24m 58s
Rendered 628/18000, time remaining: 24m 52s
Rendered 629/18000, time remaining: 24m 56s
Rendered 630/18000, time remaining: 25m 12s
Rendered 631/18000, time remaining: 25m 4s
Rendered 632/18000, time remaining: 24m 14s
Rendered 633/18000, time remaining: 24m 12s
Rendered 634/18000, time remaining: 24m 14s
Rendered 635/18000, time remaining: 24m 32s
Rendered 636/18000, time remaining: 23m 41s
Rendered 637/18000, time remaining: 23m 38s
Rendered 638/18000, time remaining: 23m 37s
Rendered 639/18000, time remaining: 23m 51s
Rendered 640/18000, time remaining: 23m 26s
Rendered 641/18000, time remaining: 23m 31s
Rendered 642/18000, time remaining: 23m 23s
Rendered 643/18000, time remaining: 23m 28s
Rendered 644/18000, time remaining: 23m 23s
Rendered 645/18000, time remaining: 23m 24s
Rendered 646/18000, time remaining: 23m 16s
Rendered 647/18000, time remaining: 23m 21s
Rendered 648/18000, time remaining: 23m 18s
Rendered 649/18000, time remaining: 23m 23s
Rendered 650/18000, time remaining: 23m 20s
Rendered 651/18000, time remaining: 23m 16s
Rendered 652/18000, time remaining: 23m 14s
Rendered 653/18000, time remaining: 23m 15s
Rendered 654/18000, time remaining: 23m 31s
Rendered 655/18000, time remaining: 23m 20s
Rendered 656/18000, time remaining: 23m 17s
Rendered 657/18000, time remaining: 23m 14s
Rendered 658/18000, time remaining: 23m 32s
Rendered 659/18000, time remaining: 23m 24s
Rendered 660/18000, time remaining: 23m 19s
Rendered 661/18000, time remaining: 23m 12s
Rendered 662/18000, time remaining: 23m 23s
Rendered 663/18000, time remaining: 23m 27s
Rendered 664/18000, time remaining: 23m 21s
Rendered 665/18000, time remaining: 23m 17s
Rendered 666/18000, time remaining: 23m 9s
Rendered 667/18000, time remaining: 23m 18s
Rendered 668/18000, time remaining: 23m 16s
Rendered 669/18000, time remaining: 23m 23s
Rendered 670/18000, time remaining: 23m 2s
Rendered 671/18000, time remaining: 23m 6s
Rendered 672/18000, time remaining: 23m 10s
Rendered 673/18000, time remaining: 23m 17s
Rendered 674/18000, time remaining: 23m 2s
Rendered 675/18000, time remaining: 22m 58s
Rendered 676/18000, time remaining: 23m 3s
Rendered 677/18000, time remaining: 23m 16s
Rendered 678/18000, time remaining: 22m 50s
Rendered 679/18000, time remaining: 22m 48s
Rendered 680/18000, time remaining: 22m 46s
Rendered 681/18000, time remaining: 22m 52s
Rendered 682/18000, time remaining: 22m 53s
Rendered 683/18000, time remaining: 22m 36s
Rendered 684/18000, time remaining: 22m 39s
Rendered 685/18000, time remaining: 22m 40s
Rendered 686/18000, time remaining: 22m 36s
Rendered 687/18000, time remaining: 22m 41s
Rendered 688/18000, time remaining: 22m 37s
Rendered 689/18000, time remaining: 22m 35s
Rendered 690/18000, time remaining: 22m 34s
Rendered 691/18000, time remaining: 22m 57s
Rendered 692/18000, time remaining: 22m 37s
Rendered 693/18000, time remaining: 22m 32s
Rendered 694/18000, time remaining: 22m 32s
Rendered 695/18000, time remaining: 22m 57s
Rendered 696/18000, time remaining: 22m 45s
Rendered 697/18000, time remaining: 22m 39s
Rendered 698/18000, time remaining: 22m 39s
Rendered 699/18000, time remaining: 22m 58s
Rendered 700/18000, time remaining: 22m 53s
Rendered 701/18000, time remaining: 22m 40s
Rendered 702/18000, time remaining: 22m 39s
Rendered 703/18000, time remaining: 22m 40s
Rendered 704/18000, time remaining: 22m 53s
Rendered 705/18000, time remaining: 22m 37s
Rendered 706/18000, time remaining: 22m 40s
Rendered 707/18000, time remaining: 22m 37s
Rendered 708/18000, time remaining: 22m 58s
Rendered 709/18000, time remaining: 22m 40s
Rendered 710/18000, time remaining: 22m 40s
Rendered 711/18000, time remaining: 22m 35s
Rendered 712/18000, time remaining: 23m 7s
Rendered 713/18000, time remaining: 22m 43s
Rendered 714/18000, time remaining: 22m 45s
Rendered 715/18000, time remaining: 22m 45s
Rendered 716/18000, time remaining: 23m 3s
Rendered 717/18000, time remaining: 22m 45s
Rendered 718/18000, time remaining: 22m 42s
Rendered 719/18000, time remaining: 22m 43s
Rendered 720/18000, time remaining: 22m 53s
Rendered 721/18000, time remaining: 22m 52s
Rendered 722/18000, time remaining: 22m 51s
Rendered 723/18000, time remaining: 22m 44s
Rendered 724/18000, time remaining: 22m 46s
Rendered 725/18000, time remaining: 22m 53s
Rendered 726/18000, time remaining: 22m 51s
Rendered 727/18000, time remaining: 22m 53s
Rendered 728/18000, time remaining: 22m 50s
Rendered 729/18000, time remaining: 22m 44s
Rendered 730/18000, time remaining: 22m 57s
Rendered 731/18000, time remaining: 22m 55s
Rendered 732/18000, time remaining: 22m 48s
Rendered 733/18000, time remaining: 22m 43s
Rendered 734/18000, time remaining: 23m 2s
Rendered 735/18000, time remaining: 23m 1s
Rendered 736/18000, time remaining: 23m 0s
Rendered 737/18000, time remaining: 22m 56s
Rendered 738/18000, time remaining: 23m 9s
Rendered 739/18000, time remaining: 23m 6s
Rendered 740/18000, time remaining: 22m 58s
Rendered 741/18000, time remaining: 23m 0s
Rendered 742/18000, time remaining: 23m 5s
Rendered 743/18000, time remaining: 23m 7s
Rendered 744/18000, time remaining: 23m 6s
Rendered 745/18000, time remaining: 23m 1s
Rendered 746/18000, time remaining: 22m 59s
Rendered 747/18000, time remaining: 22m 55s
Rendered 748/18000, time remaining: 23m 8s
Rendered 749/18000, time remaining: 23m 3s
Rendered 750/18000, time remaining: 23m 7s
Rendered 751/18000, time remaining: 22m 46s
Rendered 752/18000, time remaining: 23m 18s
Rendered 753/18000, time remaining: 23m 18s
Rendered 754/18000, time remaining: 23m 13s
Rendered 755/18000, time remaining: 23m 4s
Rendered 756/18000, time remaining: 23m 26s
Rendered 757/18000, time remaining: 23m 24s
Rendered 758/18000, time remaining: 23m 17s
Rendered 759/18000, time remaining: 23m 13s
Rendered 760/18000, time remaining: 23m 34s
Rendered 761/18000, time remaining: 23m 29s
Rendered 762/18000, time remaining: 23m 27s
Rendered 763/18000, time remaining: 23m 29s
Rendered 764/18000, time remaining: 23m 50s
Rendered 765/18000, time remaining: 23m 46s
Rendered 766/18000, time remaining: 23m 44s
Rendered 767/18000, time remaining: 23m 41s
Rendered 768/18000, time remaining: 23m 45s
Rendered 769/18000, time remaining: 23m 55s
Rendered 770/18000, time remaining: 24m 1s
Rendered 771/18000, time remaining: 23m 54s
Rendered 772/18000, time remaining: 23m 58s
Rendered 773/18000, time remaining: 24m 2s
Rendered 774/18000, time remaining: 24m 3s
Rendered 775/18000, time remaining: 24m 7s
Rendered 776/18000, time remaining: 23m 53s
Rendered 777/18000, time remaining: 24m 1s
Rendered 778/18000, time remaining: 24m 9s
Rendered 779/18000, time remaining: 24m 13s
Rendered 780/18000, time remaining: 23m 51s
Rendered 781/18000, time remaining: 23m 58s
Rendered 782/18000, time remaining: 23m 58s
Rendered 783/18000, time remaining: 24m 9s
Rendered 784/18000, time remaining: 24m 2s
Rendered 785/18000, time remaining: 23m 57s
Rendered 786/18000, time remaining: 24m 5s
Rendered 787/18000, time remaining: 24m 12s
Rendered 788/18000, time remaining: 24m 13s
Rendered 789/18000, time remaining: 24m 1s
Rendered 790/18000, time remaining: 24m 6s
Rendered 791/18000, time remaining: 24m 8s
Rendered 792/18000, time remaining: 24m 18s
Rendered 793/18000, time remaining: 24m 15s
Rendered 794/18000, time remaining: 24m 18s
Rendered 795/18000, time remaining: 24m 11s
Rendered 796/18000, time remaining: 24m 25s
Rendered 797/18000, time remaining: 24m 21s
Rendered 798/18000, time remaining: 24m 32s
Rendered 799/18000, time remaining: 24m 18s
Rendered 800/18000, time remaining: 24m 28s
Rendered 801/18000, time remaining: 24m 29s
Rendered 802/18000, time remaining: 24m 45s
Rendered 803/18000, time remaining: 24m 41s
Rendered 804/18000, time remaining: 24m 38s
Rendered 805/18000, time remaining: 24m 51s
Rendered 806/18000, time remaining: 24m 52s
Rendered 807/18000, time remaining: 24m 57s
Rendered 808/18000, time remaining: 24m 46s
Rendered 809/18000, time remaining: 24m 48s
Rendered 810/18000, time remaining: 24m 56s
Rendered 811/18000, time remaining: 24m 58s
Rendered 812/18000, time remaining: 24m 55s
Rendered 813/18000, time remaining: 24m 52s
Rendered 814/18000, time remaining: 25m 3s
Rendered 815/18000, time remaining: 25m 8s
Rendered 816/18000, time remaining: 25m 10s
Rendered 817/18000, time remaining: 25m 2s
Rendered 818/18000, time remaining: 25m 9s
Rendered 819/18000, time remaining: 25m 3s
Rendered 820/18000, time remaining: 25m 18s
Rendered 821/18000, time remaining: 25m 11s
Rendered 822/18000, time remaining: 25m 17s
Rendered 823/18000, time remaining: 25m 9s
Rendered 824/18000, time remaining: 25m 16s
Rendered 825/18000, time remaining: 25m 23s
Rendered 826/18000, time remaining: 25m 26s
Rendered 827/18000, time remaining: 25m 18s
Rendered 828/18000, time remaining: 25m 21s
Rendered 829/18000, time remaining: 25m 26s
Rendered 830/18000, time remaining: 25m 29s
Rendered 831/18000, time remaining: 25m 39s
Rendered 832/18000, time remaining: 25m 35s
Rendered 833/18000, time remaining: 25m 44s
Rendered 834/18000, time remaining: 25m 48s
Rendered 835/18000, time remaining: 25m 50s
Rendered 836/18000, time remaining: 25m 52s
Rendered 837/18000, time remaining: 25m 33s
Rendered 838/18000, time remaining: 25m 42s
Rendered 839/18000, time remaining: 25m 50s
Rendered 840/18000, time remaining: 25m 53s
Rendered 841/18000, time remaining: 25m 36s
Rendered 842/18000, time remaining: 25m 38s
Rendered 843/18000, time remaining: 25m 50s
Rendered 844/18000, time remaining: 25m 57s
Rendered 845/18000, time remaining: 25m 32s
Rendered 846/18000, time remaining: 25m 39s
Rendered 847/18000, time remaining: 25m 52s
Rendered 848/18000, time remaining: 25m 54s
Rendered 849/18000, time remaining: 25m 36s
Rendered 850/18000, time remaining: 25m 39s
Rendered 851/18000, time remaining: 25m 49s
Rendered 852/18000, time remaining: 25m 54s
Rendered 853/18000, time remaining: 25m 54s
Rendered 854/18000, time remaining: 25m 39s
Rendered 855/18000, time remaining: 25m 51s
Rendered 856/18000, time remaining: 25m 49s
Rendered 857/18000, time remaining: 25m 58s
Rendered 858/18000, time remaining: 25m 35s
Rendered 859/18000, time remaining: 25m 43s
Rendered 860/18000, time remaining: 25m 51s
Rendered 861/18000, time remaining: 26m 4s
Rendered 862/18000, time remaining: 25m 39s
Rendered 863/18000, time remaining: 25m 46s
Rendered 864/18000, time remaining: 25m 40s
Rendered 865/18000, time remaining: 25m 50s
Rendered 866/18000, time remaining: 25m 45s
Rendered 867/18000, time remaining: 25m 43s
Rendered 868/18000, time remaining: 25m 44s
Rendered 869/18000, time remaining: 25m 53s
Rendered 870/18000, time remaining: 25m 57s
Rendered 871/18000, time remaining: 25m 38s
Rendered 872/18000, time remaining: 25m 41s
Rendered 873/18000, time remaining: 25m 46s
Rendered 874/18000, time remaining: 26m 1s
Rendered 875/18000, time remaining: 25m 39s
Rendered 876/18000, time remaining: 25m 42s
Rendered 877/18000, time remaining: 25m 45s
Rendered 878/18000, time remaining: 25m 58s
Rendered 879/18000, time remaining: 25m 56s
Rendered 880/18000, time remaining: 25m 42s
Rendered 881/18000, time remaining: 25m 43s
Rendered 882/18000, time remaining: 25m 52s
Rendered 883/18000, time remaining: 26m 6s
Rendered 884/18000, time remaining: 25m 44s
Rendered 885/18000, time remaining: 25m 42s
Rendered 886/18000, time remaining: 25m 49s
Rendered 887/18000, time remaining: 25m 48s
Rendered 888/18000, time remaining: 25m 33s
Rendered 889/18000, time remaining: 25m 35s
Rendered 890/18000, time remaining: 25m 43s
Rendered 891/18000, time remaining: 25m 45s
Rendered 892/18000, time remaining: 25m 30s
Rendered 893/18000, time remaining: 25m 32s
Rendered 894/18000, time remaining: 25m 34s
Rendered 895/18000, time remaining: 25m 41s
Rendered 896/18000, time remaining: 25m 41s
Rendered 897/18000, time remaining: 25m 34s
Rendered 898/18000, time remaining: 25m 26s
Rendered 899/18000, time remaining: 25m 39s
Rendered 900/18000, time remaining: 25m 39s
Rendered 901/18000, time remaining: 25m 43s
Rendered 902/18000, time remaining: 25m 7s
Rendered 903/18000, time remaining: 25m 14s
Rendered 904/18000, time remaining: 25m 19s
Rendered 905/18000, time remaining: 25m 26s
Rendered 906/18000, time remaining: 25m 3s
Rendered 907/18000, time remaining: 25m 7s
Rendered 908/18000, time remaining: 25m 12s
Rendered 909/18000, time remaining: 25m 15s
Rendered 910/18000, time remaining: 24m 54s
Rendered 911/18000, time remaining: 24m 57s
Rendered 912/18000, time remaining: 25m 5s
Rendered 913/18000, time remaining: 25m 2s
Rendered 914/18000, time remaining: 24m 40s
Rendered 915/18000, time remaining: 24m 41s
Rendered 916/18000, time remaining: 24m 40s
Rendered 917/18000, time remaining: 24m 47s
Rendered 918/18000, time remaining: 24m 49s
Rendered 919/18000, time remaining: 24m 36s
Rendered 920/18000, time remaining: 24m 23s
Rendered 921/18000, time remaining: 24m 26s
Rendered 922/18000, time remaining: 24m 33s
Rendered 923/18000, time remaining: 24m 32s
Rendered 924/18000, time remaining: 24m 26s
Rendered 925/18000, time remaining: 24m 18s
Rendered 926/18000, time remaining: 24m 34s
Rendered 927/18000, time remaining: 24m 32s
Rendered 928/18000, time remaining: 24m 26s
Rendered 929/18000, time remaining: 24m 18s
Rendered 930/18000, time remaining: 24m 26s
Rendered 931/18000, time remaining: 24m 33s
Rendered 932/18000, time remaining: 24m 32s
Rendered 933/18000, time remaining: 24m 25s
Rendered 934/18000, time remaining: 24m 23s
Rendered 935/18000, time remaining: 24m 33s
Rendered 936/18000, time remaining: 24m 21s
Rendered 937/18000, time remaining: 24m 22s
Rendered 938/18000, time remaining: 24m 15s
Rendered 939/18000, time remaining: 24m 32s
Rendered 940/18000, time remaining: 24m 28s
Rendered 941/18000, time remaining: 24m 20s
Rendered 942/18000, time remaining: 24m 17s
Rendered 943/18000, time remaining: 24m 29s
Rendered 944/18000, time remaining: 24m 20s
Rendered 945/18000, time remaining: 24m 19s
Rendered 946/18000, time remaining: 24m 13s
Rendered 947/18000, time remaining: 24m 21s
Rendered 948/18000, time remaining: 24m 17s
Rendered 949/18000, time remaining: 24m 17s
Rendered 950/18000, time remaining: 24m 9s
Rendered 951/18000, time remaining: 24m 17s
Rendered 952/18000, time remaining: 24m 12s
Rendered 953/18000, time remaining: 24m 7s
Rendered 954/18000, time remaining: 23m 56s
Rendered 955/18000, time remaining: 23m 43s
Rendered 956/18000, time remaining: 23m 59s
Rendered 957/18000, time remaining: 23m 56s
Rendered 958/18000, time remaining: 23m 51s
Rendered 959/18000, time remaining: 23m 48s
Rendered 960/18000, time remaining: 23m 45s
Rendered 961/18000, time remaining: 23m 54s
Rendered 962/18000, time remaining: 23m 45s
Rendered 963/18000, time remaining: 23m 46s
Rendered 964/18000, time remaining: 23m 38s
Rendered 965/18000, time remaining: 23m 34s
Rendered 966/18000, time remaining: 23m 47s
Rendered 967/18000, time remaining: 23m 49s
Rendered 968/18000, time remaining: 23m 39s
Rendered 969/18000, time remaining: 23m 39s
Rendered 970/18000, time remaining: 23m 31s
Rendered 971/18000, time remaining: 23m 47s
Rendered 972/18000, time remaining: 23m 37s
Rendered 973/18000, time remaining: 23m 39s
Rendered 974/18000, time remaining: 23m 29s
Rendered 975/18000, time remaining: 23m 35s
Rendered 976/18000, time remaining: 23m 34s
Rendered 977/18000, time remaining: 23m 29s
Rendered 978/18000, time remaining: 23m 29s
Rendered 979/18000, time remaining: 23m 27s
Rendered 980/18000, time remaining: 23m 32s
Rendered 981/18000, time remaining: 23m 18s
Rendered 982/18000, time remaining: 23m 21s
Rendered 983/18000, time remaining: 23m 14s
Rendered 984/18000, time remaining: 23m 16s
Rendered 985/18000, time remaining: 23m 13s
Rendered 986/18000, time remaining: 23m 13s
Rendered 987/18000, time remaining: 23m 21s
Rendered 988/18000, time remaining: 23m 17s
Rendered 989/18000, time remaining: 23m 14s
Rendered 990/18000, time remaining: 23m 17s
Rendered 991/18000, time remaining: 23m 8s
Rendered 992/18000, time remaining: 23m 14s
Rendered 993/18000, time remaining: 23m 6s
Rendered 994/18000, time remaining: 23m 4s
Rendered 995/18000, time remaining: 23m 1s
Rendered 996/18000, time remaining: 23m 2s
Rendered 997/18000, time remaining: 22m 58s
Rendered 998/18000, time remaining: 22m 56s
Rendered 999/18000, time remaining: 22m 52s
Rendered 1000/18000, time remaining: 22m 58s
Rendered 1001/18000, time remaining: 22m 54s
Rendered 1002/18000, time remaining: 22m 53s
Rendered 1003/18000, time remaining: 22m 47s
Rendered 1004/18000, time remaining: 22m 54s
Rendered 1005/18000, time remaining: 22m 47s
Rendered 1006/18000, time remaining: 22m 52s
Rendered 1007/18000, time remaining: 22m 41s
Rendered 1008/18000, time remaining: 22m 57s
Rendered 1009/18000, time remaining: 22m 50s
Rendered 1010/18000, time remaining: 22m 47s
Rendered 1011/18000, time remaining: 22m 34s
Rendered 1012/18000, time remaining: 22m 43s
Rendered 1013/18000, time remaining: 22m 41s
Rendered 1014/18000, time remaining: 22m 44s
Rendered 1015/18000, time remaining: 22m 35s
Rendered 1016/18000, time remaining: 22m 29s
Rendered 1017/18000, time remaining: 22m 35s
Rendered 1018/18000, time remaining: 22m 41s
Rendered 1019/18000, time remaining: 22m 37s
Rendered 1020/18000, time remaining: 22m 31s
Rendered 1021/18000, time remaining: 22m 29s
Rendered 1022/18000, time remaining: 23m 25s
Rendered 1023/18000, time remaining: 23m 32s
Rendered 1024/18000, time remaining: 23m 18s
Rendered 1025/18000, time remaining: 23m 17s
Rendered 1026/18000, time remaining: 24m 21s
Rendered 1027/18000, time remaining: 24m 20s
Rendered 1028/18000, time remaining: 24m 6s
Rendered 1029/18000, time remaining: 24m 2s
Rendered 1030/18000, time remaining: 24m 3s
Rendered 1031/18000, time remaining: 24m 25s
Rendered 1032/18000, time remaining: 24m 16s
Rendered 1033/18000, time remaining: 24m 5s
Rendered 1034/18000, time remaining: 23m 59s
Rendered 1035/18000, time remaining: 24m 16s
Rendered 1036/18000, time remaining: 24m 14s
Rendered 1037/18000, time remaining: 24m 15s
Rendered 1038/18000, time remaining: 24m 11s
Rendered 1039/18000, time remaining: 24m 15s
Rendered 1040/18000, time remaining: 24m 14s
Rendered 1041/18000, time remaining: 24m 12s
Rendered 1042/18000, time remaining: 24m 13s
Rendered 1043/18000, time remaining: 24m 12s
Rendered 1044/18000, time remaining: 24m 17s
Rendered 1045/18000, time remaining: 24m 17s
Rendered 1046/18000, time remaining: 24m 12s
Rendered 1047/18000, time remaining: 24m 14s
Rendered 1048/18000, time remaining: 24m 14s
Rendered 1049/18000, time remaining: 24m 16s
Rendered 1050/18000, time remaining: 24m 15s
Rendered 1051/18000, time remaining: 24m 9s
Rendered 1052/18000, time remaining: 24m 10s
Rendered 1053/18000, time remaining: 24m 24s
Rendered 1054/18000, time remaining: 24m 20s
Rendered 1055/18000, time remaining: 24m 15s
Rendered 1056/18000, time remaining: 24m 10s
Rendered 1057/18000, time remaining: 24m 11s
Rendered 1058/18000, time remaining: 24m 30s
Rendered 1059/18000, time remaining: 24m 22s
Rendered 1060/18000, time remaining: 24m 16s
Rendered 1061/18000, time remaining: 24m 13s
Rendered 1062/18000, time remaining: 24m 34s
Rendered 1063/18000, time remaining: 24m 27s
Rendered 1064/18000, time remaining: 24m 26s
Rendered 1065/18000, time remaining: 24m 21s
Rendered 1066/18000, time remaining: 24m 41s
Rendered 1067/18000, time remaining: 24m 33s
Rendered 1068/18000, time remaining: 24m 27s
Rendered 1069/18000, time remaining: 24m 22s
Rendered 1070/18000, time remaining: 24m 39s
Rendered 1071/18000, time remaining: 24m 37s
Rendered 1072/18000, time remaining: 24m 20s
Rendered 1073/18000, time remaining: 24m 24s
Rendered 1074/18000, time remaining: 24m 30s
Rendered 1075/18000, time remaining: 24m 36s
Rendered 1076/18000, time remaining: 24m 20s
Rendered 1077/18000, time remaining: 24m 20s
Rendered 1078/18000, time remaining: 24m 24s
Rendered 1079/18000, time remaining: 24m 33s
Rendered 1080/18000, time remaining: 24m 27s
Rendered 1081/18000, time remaining: 24m 14s
Rendered 1082/18000, time remaining: 24m 29s
Rendered 1083/18000, time remaining: 24m 29s
Rendered 1084/18000, time remaining: 24m 29s
Rendered 1085/18000, time remaining: 24m 6s
Rendered 1086/18000, time remaining: 24m 24s
Rendered 1087/18000, time remaining: 24m 25s
Rendered 1088/18000, time remaining: 24m 29s
Rendered 1089/18000, time remaining: 24m 10s
Rendered 1090/18000, time remaining: 24m 13s
Rendered 1091/18000, time remaining: 24m 20s
Rendered 1092/18000, time remaining: 24m 29s
Rendered 1093/18000, time remaining: 24m 25s
Rendered 1094/18000, time remaining: 24m 20s
Rendered 1095/18000, time remaining: 24m 27s
Rendered 1096/18000, time remaining: 24m 23s
Rendered 1097/18000, time remaining: 24m 32s
Rendered 1098/18000, time remaining: 24m 22s
Rendered 1099/18000, time remaining: 24m 27s
Rendered 1100/18000, time remaining: 24m 32s
Rendered 1101/18000, time remaining: 24m 29s
Rendered 1102/18000, time remaining: 24m 17s
Rendered 1103/18000, time remaining: 24m 24s
Rendered 1104/18000, time remaining: 24m 31s
Rendered 1105/18000, time remaining: 24m 37s
Rendered 1106/18000, time remaining: 24m 18s
Rendered 1107/18000, time remaining: 24m 20s
Rendered 1108/18000, time remaining: 24m 25s
Rendered 1109/18000, time remaining: 24m 38s
Rendered 1110/18000, time remaining: 24m 28s
Rendered 1111/18000, time remaining: 24m 17s
Rendered 1112/18000, time remaining: 24m 16s
Rendered 1113/18000, time remaining: 24m 40s
Rendered 1114/18000, time remaining: 24m 40s
Rendered 1115/18000, time remaining: 24m 34s
Rendered 1116/18000, time remaining: 24m 10s
Rendered 1117/18000, time remaining: 24m 32s
Rendered 1118/18000, time remaining: 24m 37s
Rendered 1119/18000, time remaining: 24m 35s
Rendered 1120/18000, time remaining: 24m 34s
Rendered 1121/18000, time remaining: 24m 30s
Rendered 1122/18000, time remaining: 24m 34s
Rendered 1123/18000, time remaining: 24m 38s
Rendered 1124/18000, time remaining: 24m 34s
Rendered 1125/18000, time remaining: 24m 26s
Rendered 1126/18000, time remaining: 24m 30s
Rendered 1127/18000, time remaining: 24m 37s
Rendered 1128/18000, time remaining: 24m 34s
Rendered 1129/18000, time remaining: 24m 26s
Rendered 1130/18000, time remaining: 24m 23s
Rendered 1131/18000, time remaining: 24m 39s
Rendered 1132/18000, time remaining: 24m 37s
Rendered 1133/18000, time remaining: 24m 32s
Rendered 1134/18000, time remaining: 24m 27s
Rendered 1135/18000, time remaining: 24m 34s
Rendered 1136/18000, time remaining: 24m 36s
Rendered 1137/18000, time remaining: 24m 31s
Rendered 1138/18000, time remaining: 24m 26s
Rendered 1139/18000, time remaining: 24m 29s
Rendered 1140/18000, time remaining: 24m 24s
Rendered 1141/18000, time remaining: 24m 39s
Rendered 1142/18000, time remaining: 24m 34s
Rendered 1143/18000, time remaining: 24m 36s
Rendered 1144/18000, time remaining: 24m 32s
Rendered 1145/18000, time remaining: 24m 33s
Rendered 1146/18000, time remaining: 24m 36s
Rendered 1147/18000, time remaining: 24m 40s
Rendered 1148/18000, time remaining: 24m 48s
Rendered 1149/18000, time remaining: 24m 43s
Rendered 1150/18000, time remaining: 24m 38s
Rendered 1151/18000, time remaining: 24m 46s
Rendered 1152/18000, time remaining: 24m 51s
Rendered 1153/18000, time remaining: 24m 58s
Rendered 1154/18000, time remaining: 24m 45s
Rendered 1155/18000, time remaining: 24m 50s
Rendered 1156/18000, time remaining: 24m 59s
Rendered 1157/18000, time remaining: 25m 8s
Rendered 1158/18000, time remaining: 24m 53s
Rendered 1159/18000, time remaining: 24m 59s
Rendered 1160/18000, time remaining: 25m 7s
Rendered 1161/18000, time remaining: 25m 16s
Rendered 1162/18000, time remaining: 25m 5s
Rendered 1163/18000, time remaining: 25m 8s
Rendered 1164/18000, time remaining: 25m 21s
Rendered 1165/18000, time remaining: 25m 28s
Rendered 1166/18000, time remaining: 25m 29s
Rendered 1167/18000, time remaining: 25m 29s
Rendered 1168/18000, time remaining: 25m 42s
Rendered 1169/18000, time remaining: 25m 34s
Rendered 1170/18000, time remaining: 25m 34s
Rendered 1171/18000, time remaining: 25m 37s
Rendered 1172/18000, time remaining: 24m 54s
Rendered 1173/18000, time remaining: 24m 50s
Rendered 1174/18000, time remaining: 24m 51s
Rendered 1175/18000, time remaining: 25m 1s
Rendered 1176/18000, time remaining: 24m 6s
Rendered 1177/18000, time remaining: 24m 8s
Rendered 1178/18000, time remaining: 24m 8s
Rendered 1179/18000, time remaining: 24m 17s
Rendered 1180/18000, time remaining: 24m 17s
Rendered 1181/18000, time remaining: 24m 8s
Rendered 1182/18000, time remaining: 24m 15s
Rendered 1183/18000, time remaining: 24m 17s
Rendered 1184/18000, time remaining: 24m 18s
Rendered 1185/18000, time remaining: 24m 11s
Rendered 1186/18000, time remaining: 24m 16s
Rendered 1187/18000, time remaining: 24m 29s
Rendered 1188/18000, time remaining: 24m 23s
Rendered 1189/18000, time remaining: 24m 13s
Rendered 1190/18000, time remaining: 24m 30s
Rendered 1191/18000, time remaining: 24m 33s
Rendered 1192/18000, time remaining: 24m 38s
Rendered 1193/18000, time remaining: 24m 33s
Rendered 1194/18000, time remaining: 24m 30s
Rendered 1195/18000, time remaining: 24m 31s
Rendered 1196/18000, time remaining: 24m 44s
Rendered 1197/18000, time remaining: 24m 47s
Rendered 1198/18000, time remaining: 24m 45s
Rendered 1199/18000, time remaining: 24m 36s
Rendered 1200/18000, time remaining: 24m 38s
Rendered 1201/18000, time remaining: 24m 51s
Rendered 1202/18000, time remaining: 24m 51s
Rendered 1203/18000, time remaining: 24m 38s
Rendered 1204/18000, time remaining: 24m 59s
Rendered 1205/18000, time remaining: 24m 56s
Rendered 1206/18000, time remaining: 24m 55s
Rendered 1207/18000, time remaining: 25m 9s
Rendered 1208/18000, time remaining: 25m 8s
Rendered 1209/18000, time remaining: 25m 16s
Rendered 1210/18000, time remaining: 25m 14s
Rendered 1211/18000, time remaining: 25m 21s
Rendered 1212/18000, time remaining: 25m 8s
Rendered 1213/18000, time remaining: 25m 18s
Rendered 1214/18000, time remaining: 25m 12s
Rendered 1215/18000, time remaining: 25m 23s
Rendered 1216/18000, time remaining: 25m 13s
Rendered 1217/18000, time remaining: 25m 27s
Rendered 1218/18000, time remaining: 25m 23s
Rendered 1219/18000, time remaining: 25m 28s
Rendered 1220/18000, time remaining: 25m 12s
Rendered 1221/18000, time remaining: 25m 34s
Rendered 1222/18000, time remaining: 25m 34s
Rendered 1223/18000, time remaining: 25m 33s
Rendered 1224/18000, time remaining: 25m 28s
Rendered 1225/18000, time remaining: 25m 46s
Rendered 1226/18000, time remaining: 25m 45s
Rendered 1227/18000, time remaining: 25m 39s
Rendered 1228/18000, time remaining: 25m 43s
Rendered 1229/18000, time remaining: 25m 47s
Rendered 1230/18000, time remaining: 25m 55s
Rendered 1231/18000, time remaining: 25m 59s
Rendered 1232/18000, time remaining: 25m 44s
Rendered 1233/18000, time remaining: 25m 46s
Rendered 1234/18000, time remaining: 26m 5s
Rendered 1235/18000, time remaining: 26m 14s
Rendered 1236/18000, time remaining: 25m 57s
Rendered 1237/18000, time remaining: 25m 57s
Rendered 1238/18000, time remaining: 26m 7s
Rendered 1239/18000, time remaining: 26m 20s
Rendered 1240/18000, time remaining: 26m 20s
Rendered 1241/18000, time remaining: 26m 13s
Rendered 1242/18000, time remaining: 26m 4s
Rendered 1243/18000, time remaining: 26m 7s
Rendered 1244/18000, time remaining: 26m 22s
Rendered 1245/18000, time remaining: 26m 15s
Rendered 1246/18000, time remaining: 26m 13s
Rendered 1247/18000, time remaining: 26m 3s
Rendered 1248/18000, time remaining: 26m 27s
Rendered 1249/18000, time remaining: 26m 27s
Rendered 1250/18000, time remaining: 26m 16s
Rendered 1251/18000, time remaining: 26m 11s
Rendered 1252/18000, time remaining: 26m 30s
Rendered 1253/18000, time remaining: 26m 33s
Rendered 1254/18000, time remaining: 26m 21s
Rendered 1255/18000, time remaining: 26m 22s
Rendered 1256/18000, time remaining: 26m 28s
Rendered 1257/18000, time remaining: 26m 34s
Rendered 1258/18000, time remaining: 26m 29s
Rendered 1259/18000, time remaining: 26m 21s
Rendered 1260/18000, time remaining: 26m 31s
Rendered 1261/18000, time remaining: 26m 37s
Rendered 1262/18000, time remaining: 26m 58s
Rendered 1263/18000, time remaining: 26m 44s
Rendered 1264/18000, time remaining: 26m 46s
Rendered 1265/18000, time remaining: 26m 47s
Rendered 1266/18000, time remaining: 27m 14s
Rendered 1267/18000, time remaining: 26m 57s
Rendered 1268/18000, time remaining: 26m 58s
Rendered 1269/18000, time remaining: 26m 58s
Rendered 1270/18000, time remaining: 27m 6s
Rendered 1271/18000, time remaining: 26m 57s
Rendered 1272/18000, time remaining: 26m 54s
Rendered 1273/18000, time remaining: 26m 49s
Rendered 1274/18000, time remaining: 27m 14s
Rendered 1275/18000, time remaining: 27m 8s
Rendered 1276/18000, time remaining: 27m 1s
Rendered 1277/18000, time remaining: 26m 55s
Rendered 1278/18000, time remaining: 27m 12s
Rendered 1279/18000, time remaining: 27m 14s
Rendered 1280/18000, time remaining: 27m 14s
Rendered 1281/18000, time remaining: 26m 58s
Rendered 1282/18000, time remaining: 27m 15s
Rendered 1283/18000, time remaining: 27m 13s
Rendered 1284/18000, time remaining: 27m 13s
Rendered 1285/18000, time remaining: 27m 7s
Rendered 1286/18000, time remaining: 27m 18s
Rendered 1287/18000, time remaining: 27m 15s
Rendered 1288/18000, time remaining: 27m 15s
Rendered 1289/18000, time remaining: 27m 8s
Rendered 1290/18000, time remaining: 27m 14s
Rendered 1291/18000, time remaining: 27m 19s
Rendered 1292/18000, time remaining: 27m 16s
Rendered 1293/18000, time remaining: 27m 9s
Rendered 1294/18000, time remaining: 27m 20s
Rendered 1295/18000, time remaining: 27m 33s
Rendered 1296/18000, time remaining: 27m 22s
Rendered 1297/18000, time remaining: 27m 11s
Rendered 1298/18000, time remaining: 27m 3s
Rendered 1299/18000, time remaining: 27m 37s
Rendered 1300/18000, time remaining: 27m 29s
Rendered 1301/18000, time remaining: 27m 15s
Rendered 1302/18000, time remaining: 27m 12s
Rendered 1303/18000, time remaining: 27m 26s
Rendered 1304/18000, time remaining: 27m 31s
Rendered 1305/18000, time remaining: 27m 22s
Rendered 1306/18000, time remaining: 27m 7s
Rendered 1307/18000, time remaining: 27m 21s
Rendered 1308/18000, time remaining: 27m 29s
Rendered 1309/18000, time remaining: 27m 21s
Rendered 1310/18000, time remaining: 27m 9s
Rendered 1311/18000, time remaining: 27m 5s
Rendered 1312/18000, time remaining: 27m 26s
Rendered 1313/18000, time remaining: 27m 21s
Rendered 1314/18000, time remaining: 27m 6s
Rendered 1315/18000, time remaining: 26m 58s
Rendered 1316/18000, time remaining: 26m 58s
Rendered 1317/18000, time remaining: 27m 13s
Rendered 1318/18000, time remaining: 26m 53s
Rendered 1319/18000, time remaining: 26m 54s
Rendered 1320/18000, time remaining: 26m 51s
Rendered 1321/18000, time remaining: 27m 12s
Rendered 1322/18000, time remaining: 26m 53s
Rendered 1323/18000, time remaining: 26m 48s
Rendered 1324/18000, time remaining: 26m 48s
Rendered 1325/18000, time remaining: 26m 59s
Rendered 1326/18000, time remaining: 26m 44s
Rendered 1327/18000, time remaining: 26m 43s
Rendered 1328/18000, time remaining: 26m 43s
Rendered 1329/18000, time remaining: 26m 53s
Rendered 1330/18000, time remaining: 26m 49s
Rendered 1331/18000, time remaining: 26m 38s
Rendered 1332/18000, time remaining: 26m 36s
Rendered 1333/18000, time remaining: 26m 48s
Rendered 1334/18000, time remaining: 26m 48s
Rendered 1335/18000, time remaining: 26m 37s
Rendered 1336/18000, time remaining: 26m 35s
Rendered 1337/18000, time remaining: 26m 33s
Rendered 1338/18000, time remaining: 26m 39s
Rendered 1339/18000, time remaining: 26m 42s
Rendered 1340/18000, time remaining: 26m 22s
Rendered 1341/18000, time remaining: 26m 20s
Rendered 1342/18000, time remaining: 26m 25s
Rendered 1343/18000, time remaining: 26m 33s
Rendered 1344/18000, time remaining: 26m 22s
Rendered 1345/18000, time remaining: 26m 20s
Rendered 1346/18000, time remaining: 26m 13s
Rendered 1347/18000, time remaining: 26m 17s
Rendered 1348/18000, time remaining: 26m 19s
Rendered 1349/18000, time remaining: 26m 18s
Rendered 1350/18000, time remaining: 26m 15s
Rendered 1351/18000, time remaining: 26m 11s
Rendered 1352/18000, time remaining: 26m 19s
Rendered 1353/18000, time remaining: 26m 21s
Rendered 1354/18000, time remaining: 26m 1s
Rendered 1355/18000, time remaining: 26m 3s
Rendered 1356/18000, time remaining: 26m 8s
Rendered 1357/18000, time remaining: 26m 1s
Rendered 1358/18000, time remaining: 25m 50s
Rendered 1359/18000, time remaining: 25m 41s
Rendered 1360/18000, time remaining: 25m 48s
Rendered 1361/18000, time remaining: 25m 53s
Rendered 1362/18000, time remaining: 25m 44s
Rendered 1363/18000, time remaining: 25m 38s
Rendered 1364/18000, time remaining: 25m 44s
Rendered 1365/18000, time remaining: 25m 43s
Rendered 1366/18000, time remaining: 25m 42s
Rendered 1367/18000, time remaining: 25m 29s
Rendered 1368/18000, time remaining: 25m 35s
Rendered 1369/18000, time remaining: 25m 37s
Rendered 1370/18000, time remaining: 25m 47s
Rendered 1371/18000, time remaining: 25m 22s
Rendered 1372/18000, time remaining: 25m 26s
Rendered 1373/18000, time remaining: 25m 30s
Rendered 1374/18000, time remaining: 25m 43s
Rendered 1375/18000, time remaining: 25m 23s
Rendered 1376/18000, time remaining: 25m 22s
Rendered 1377/18000, time remaining: 25m 24s
Rendered 1378/18000, time remaining: 25m 20s
Rendered 1379/18000, time remaining: 25m 17s
Rendered 1380/18000, time remaining: 25m 16s
Rendered 1381/18000, time remaining: 25m 12s
Rendered 1382/18000, time remaining: 25m 15s
Rendered 1383/18000, time remaining: 25m 16s
Rendered 1384/18000, time remaining: 25m 6s
Rendered 1385/18000, time remaining: 25m 1s
Rendered 1386/18000, time remaining: 25m 5s
Rendered 1387/18000, time remaining: 25m 2s
Rendered 1388/18000, time remaining: 24m 59s
Rendered 1389/18000, time remaining: 24m 48s
Rendered 1390/18000, time remaining: 24m 46s
Rendered 1391/18000, time remaining: 24m 51s
Rendered 1392/18000, time remaining: 24m 59s
Rendered 1393/18000, time remaining: 24m 53s
Rendered 1394/18000, time remaining: 24m 43s
Rendered 1395/18000, time remaining: 24m 49s
Rendered 1396/18000, time remaining: 24m 57s
Rendered 1397/18000, time remaining: 24m 58s
Rendered 1398/18000, time remaining: 24m 32s
Rendered 1399/18000, time remaining: 24m 33s
Rendered 1400/18000, time remaining: 24m 43s
Rendered 1401/18000, time remaining: 24m 51s
Rendered 1402/18000, time remaining: 24m 31s
Rendered 1403/18000, time remaining: 24m 28s
Rendered 1404/18000, time remaining: 24m 36s
Rendered 1405/18000, time remaining: 24m 38s
Rendered 1406/18000, time remaining: 24m 35s
Rendered 1407/18000, time remaining: 24m 30s
Rendered 1408/18000, time remaining: 24m 32s
Rendered 1409/18000, time remaining: 24m 33s
Rendered 1410/18000, time remaining: 24m 26s
Rendered 1411/18000, time remaining: 24m 25s
Rendered 1412/18000, time remaining: 24m 11s
Rendered 1413/18000, time remaining: 24m 5s
Rendered 1414/18000, time remaining: 24m 6s
Rendered 1415/18000, time remaining: 24m 7s
Rendered 1416/18000, time remaining: 23m 48s
Rendered 1417/18000, time remaining: 23m 45s
Rendered 1418/18000, time remaining: 23m 56s
Rendered 1419/18000, time remaining: 23m 59s
Rendered 1420/18000, time remaining: 23m 58s
Rendered 1421/18000, time remaining: 23m 57s
Rendered 1422/18000, time remaining: 24m 17s
Rendered 1423/18000, time remaining: 24m 15s
Rendered 1424/18000, time remaining: 23m 56s
Rendered 1425/18000, time remaining: 23m 57s
Rendered 1426/18000, time remaining: 24m 18s
Rendered 1427/18000, time remaining: 24m 21s
Rendered 1428/18000, time remaining: 24m 2s
Rendered 1429/18000, time remaining: 24m 0s
Rendered 1430/18000, time remaining: 24m 16s
Rendered 1431/18000, time remaining: 24m 26s
Rendered 1432/18000, time remaining: 24m 10s
Rendered 1433/18000, time remaining: 24m 8s
Rendered 1434/18000, time remaining: 24m 16s
Rendered 1435/18000, time remaining: 24m 30s
Rendered 1436/18000, time remaining: 24m 13s
Rendered 1437/18000, time remaining: 24m 10s
Rendered 1438/18000, time remaining: 24m 14s
Rendered 1439/18000, time remaining: 24m 35s
Rendered 1440/18000, time remaining: 24m 32s
Rendered 1441/18000, time remaining: 24m 11s
Rendered 1442/18000, time remaining: 24m 11s
Rendered 1443/18000, time remaining: 24m 23s
Rendered 1444/18000, time remaining: 24m 36s
Rendered 1445/18000, time remaining: 24m 17s
Rendered 1446/18000, time remaining: 24m 18s
Rendered 1447/18000, time remaining: 24m 27s
Rendered 1448/18000, time remaining: 24m 50s
Rendered 1449/18000, time remaining: 24m 21s
Rendered 1450/18000, time remaining: 24m 22s
Rendered 1451/18000, time remaining: 24m 31s
Rendered 1452/18000, time remaining: 24m 36s
Rendered 1453/18000, time remaining: 24m 18s
Rendered 1454/18000, time remaining: 24m 21s
Rendered 1455/18000, time remaining: 24m 26s
Rendered 1456/18000, time remaining: 24m 33s
Rendered 1457/18000, time remaining: 24m 10s
Rendered 1458/18000, time remaining: 24m 22s
Rendered 1459/18000, time remaining: 24m 25s
Rendered 1460/18000, time remaining: 24m 25s
Rendered 1461/18000, time remaining: 24m 20s
Rendered 1462/18000, time remaining: 24m 21s
Rendered 1463/18000, time remaining: 24m 22s
Rendered 1464/18000, time remaining: 24m 22s
Rendered 1465/18000, time remaining: 24m 31s
Rendered 1466/18000, time remaining: 24m 30s
Rendered 1467/18000, time remaining: 24m 19s
Rendered 1468/18000, time remaining: 24m 20s
Rendered 1469/18000, time remaining: 24m 26s
Rendered 1470/18000, time remaining: 24m 33s
Rendered 1471/18000, time remaining: 24m 19s
Rendered 1472/18000, time remaining: 24m 23s
Rendered 1473/18000, time remaining: 24m 25s
Rendered 1474/18000, time remaining: 24m 33s
Rendered 1475/18000, time remaining: 24m 15s
Rendered 1476/18000, time remaining: 24m 28s
Rendered 1477/18000, time remaining: 24m 28s
Rendered 1478/18000, time remaining: 24m 33s
Rendered 1479/18000, time remaining: 24m 14s
Rendered 1480/18000, time remaining: 24m 32s
Rendered 1481/18000, time remaining: 24m 36s
Rendered 1482/18000, time remaining: 24m 34s
Rendered 1483/18000, time remaining: 24m 22s
Rendered 1484/18000, time remaining: 24m 30s
Rendered 1485/18000, time remaining: 24m 42s
Rendered 1486/18000, time remaining: 24m 38s
Rendered 1487/18000, time remaining: 24m 32s
Rendered 1488/18000, time remaining: 24m 27s
Rendered 1489/18000, time remaining: 24m 45s
Rendered 1490/18000, time remaining: 24m 43s
Rendered 1491/18000, time remaining: 24m 44s
Rendered 1492/18000, time remaining: 24m 34s
Rendered 1493/18000, time remaining: 24m 35s
Rendered 1494/18000, time remaining: 24m 44s
Rendered 1495/18000, time remaining: 24m 59s
Rendered 1496/18000, time remaining: 24m 53s
Rendered 1497/18000, time remaining: 24m 47s
Rendered 1498/18000, time remaining: 24m 42s
Rendered 1499/18000, time remaining: 25m 1s
Rendered 1500/18000, time remaining: 24m 56s
Rendered 1501/18000, time remaining: 24m 57s
Rendered 1502/18000, time remaining: 25m 33s
Rendered 1503/18000, time remaining: 25m 36s
Rendered 1504/18000, time remaining: 25m 33s
Rendered 1505/18000, time remaining: 26m 4s
Rendered 1506/18000, time remaining: 26m 47s
Rendered 1507/18000, time remaining: 26m 36s
Rendered 1508/18000, time remaining: 26m 32s
Rendered 1509/18000, time remaining: 26m 48s
Rendered 1510/18000, time remaining: 26m 53s
Rendered 1511/18000, time remaining: 26m 48s
Rendered 1512/18000, time remaining: 26m 44s
Rendered 1513/18000, time remaining: 26m 47s
Rendered 1514/18000, time remaining: 27m 0s
Rendered 1515/18000, time remaining: 26m 59s
Rendered 1516/18000, time remaining: 26m 46s
Rendered 1517/18000, time remaining: 26m 53s
Rendered 1518/18000, time remaining: 26m 57s
Rendered 1519/18000, time remaining: 26m 56s
Rendered 1520/18000, time remaining: 26m 55s
Rendered 1521/18000, time remaining: 27m 3s
Rendered 1522/18000, time remaining: 27m 3s
Rendered 1523/18000, time remaining: 26m 57s
Rendered 1524/18000, time remaining: 26m 54s
Rendered 1525/18000, time remaining: 26m 54s
Rendered 1526/18000, time remaining: 26m 52s
Rendered 1527/18000, time remaining: 26m 59s
Rendered 1528/18000, time remaining: 27m 4s
Rendered 1529/18000, time remaining: 27m 10s
Rendered 1530/18000, time remaining: 27m 4s
Rendered 1531/18000, time remaining: 27m 3s
Rendered 1532/18000, time remaining: 27m 14s
Rendered 1533/18000, time remaining: 27m 20s
Rendered 1534/18000, time remaining: 27m 17s
Rendered 1535/18000, time remaining: 27m 20s
Rendered 1536/18000, time remaining: 27m 14s
Rendered 1537/18000, time remaining: 27m 14s
Rendered 1538/18000, time remaining: 27m 19s
Rendered 1539/18000, time remaining: 27m 22s
Rendered 1540/18000, time remaining: 27m 19s
Rendered 1541/18000, time remaining: 27m 14s
Rendered 1542/18000, time remaining: 27m 10s
Rendered 1543/18000, time remaining: 27m 25s
Rendered 1544/18000, time remaining: 27m 20s
Rendered 1545/18000, time remaining: 27m 15s
Rendered 1546/18000, time remaining: 27m 6s
Rendered 1547/18000, time remaining: 27m 30s
Rendered 1548/18000, time remaining: 27m 36s
Rendered 1549/18000, time remaining: 27m 31s
Rendered 1550/18000, time remaining: 27m 20s
Rendered 1551/18000, time remaining: 27m 31s
Rendered 1552/18000, time remaining: 27m 40s
Rendered 1553/18000, time remaining: 27m 36s
Rendered 1554/18000, time remaining: 27m 30s
Rendered 1555/18000, time remaining: 27m 25s
Rendered 1556/18000, time remaining: 27m 43s
Rendered 1557/18000, time remaining: 27m 38s
Rendered 1558/18000, time remaining: 27m 38s
Rendered 1559/18000, time remaining: 27m 32s
Rendered 1560/18000, time remaining: 27m 48s
Rendered 1561/18000, time remaining: 27m 46s
Rendered 1562/18000, time remaining: 27m 39s
Rendered 1563/18000, time remaining: 27m 35s
Rendered 1564/18000, time remaining: 27m 54s
Rendered 1565/18000, time remaining: 27m 52s
Rendered 1566/18000, time remaining: 27m 50s
Rendered 1567/18000, time remaining: 27m 44s
Rendered 1568/18000, time remaining: 27m 50s
Rendered 1569/18000, time remaining: 27m 49s
Rendered 1570/18000, time remaining: 27m 41s
Rendered 1571/18000, time remaining: 27m 38s
Rendered 1572/18000, time remaining: 27m 35s
Rendered 1573/18000, time remaining: 27m 39s
Rendered 1574/18000, time remaining: 27m 40s
Rendered 1575/18000, time remaining: 27m 39s
Rendered 1576/18000, time remaining: 27m 20s
Rendered 1577/18000, time remaining: 27m 30s
Rendered 1578/18000, time remaining: 27m 34s
Rendered 1579/18000, time remaining: 27m 41s
Rendered 1580/18000, time remaining: 27m 18s
Rendered 1581/18000, time remaining: 27m 15s
Rendered 1582/18000, time remaining: 27m 21s
Rendered 1583/18000, time remaining: 27m 25s
Rendered 1584/18000, time remaining: 27m 21s
Rendered 1585/18000, time remaining: 27m 5s
Rendered 1586/18000, time remaining: 27m 5s
Rendered 1587/18000, time remaining: 27m 17s
Rendered 1588/18000, time remaining: 27m 23s
Rendered 1589/18000, time remaining: 27m 0s
Rendered 1590/18000, time remaining: 26m 56s
Rendered 1591/18000, time remaining: 27m 22s
Rendered 1592/18000, time remaining: 27m 30s
Rendered 1593/18000, time remaining: 27m 19s
Rendered 1594/18000, time remaining: 26m 58s
Rendered 1595/18000, time remaining: 27m 3s
Rendered 1596/18000, time remaining: 27m 24s
Rendered 1597/18000, time remaining: 27m 19s
Rendered 1598/18000, time remaining: 26m 57s
Rendered 1599/18000, time remaining: 26m 52s
Rendered 1600/18000, time remaining: 27m 13s
Rendered 1601/18000, time remaining: 27m 9s
Rendered 1602/18000, time remaining: 27m 5s
Rendered 1603/18000, time remaining: 27m 0s
Rendered 1604/18000, time remaining: 27m 2s
Rendered 1605/18000, time remaining: 27m 11s
Rendered 1606/18000, time remaining: 27m 8s
Rendered 1607/18000, time remaining: 27m 10s
Rendered 1608/18000, time remaining: 26m 54s
Rendered 1609/18000, time remaining: 27m 3s
Rendered 1610/18000, time remaining: 27m 8s
Rendered 1611/18000, time remaining: 27m 9s
Rendered 1612/18000, time remaining: 26m 48s
Rendered 1613/18000, time remaining: 26m 53s
Rendered 1614/18000, time remaining: 27m 1s
Rendered 1615/18000, time remaining: 26m 56s
Rendered 1616/18000, time remaining: 26m 47s
Rendered 1617/18000, time remaining: 26m 41s
Rendered 1618/18000, time remaining: 27m 6s
Rendered 1619/18000, time remaining: 27m 1s
Rendered 1620/18000, time remaining: 26m 49s
Rendered 1621/18000, time remaining: 26m 45s
Rendered 1622/18000, time remaining: 27m 5s
Rendered 1623/18000, time remaining: 27m 3s
Rendered 1624/18000, time remaining: 26m 55s
Rendered 1625/18000, time remaining: 26m 52s
Rendered 1626/18000, time remaining: 27m 7s
Rendered 1627/18000, time remaining: 27m 9s
Rendered 1628/18000, time remaining: 27m 5s
Rendered 1629/18000, time remaining: 27m 10s
Rendered 1630/18000, time remaining: 26m 51s
Rendered 1631/18000, time remaining: 27m 10s
Rendered 1632/18000, time remaining: 27m 7s
Rendered 1633/18000, time remaining: 27m 8s
Rendered 1634/18000, time remaining: 26m 56s
Rendered 1635/18000, time remaining: 27m 8s
Rendered 1636/18000, time remaining: 27m 6s
Rendered 1637/18000, time remaining: 27m 8s
Rendered 1638/18000, time remaining: 27m 6s
Rendered 1639/18000, time remaining: 27m 3s
Rendered 1640/18000, time remaining: 27m 4s
Rendered 1641/18000, time remaining: 27m 0s
Rendered 1642/18000, time remaining: 26m 59s
Rendered 1643/18000, time remaining: 27m 9s
Rendered 1644/18000, time remaining: 27m 6s
Rendered 1645/18000, time remaining: 26m 52s
Rendered 1646/18000, time remaining: 26m 53s
Rendered 1647/18000, time remaining: 26m 54s
Rendered 1648/18000, time remaining: 27m 3s
Rendered 1649/18000, time remaining: 26m 47s
Rendered 1650/18000, time remaining: 26m 50s
Rendered 1651/18000, time remaining: 26m 47s
Rendered 1652/18000, time remaining: 26m 11s
Rendered 1653/18000, time remaining: 26m 7s
Rendered 1654/18000, time remaining: 26m 10s
Rendered 1655/18000, time remaining: 25m 40s
Rendered 1656/18000, time remaining: 24m 59s
Rendered 1657/18000, time remaining: 25m 7s
Rendered 1658/18000, time remaining: 25m 9s
Rendered 1659/18000, time remaining: 24m 55s
Rendered 1660/18000, time remaining: 24m 48s
Rendered 1661/18000, time remaining: 24m 46s
Rendered 1662/18000, time remaining: 25m 2s
Rendered 1663/18000, time remaining: 25m 0s
Rendered 1664/18000, time remaining: 24m 42s
Rendered 1665/18000, time remaining: 24m 43s
Rendered 1666/18000, time remaining: 24m 53s
Rendered 1667/18000, time remaining: 24m 57s
Rendered 1668/18000, time remaining: 24m 46s
Rendered 1669/18000, time remaining: 24m 46s
Rendered 1670/18000, time remaining: 24m 44s
Rendered 1671/18000, time remaining: 24m 44s
Rendered 1672/18000, time remaining: 24m 41s
Rendered 1673/18000, time remaining: 24m 44s
Rendered 1674/18000, time remaining: 24m 42s
Rendered 1675/18000, time remaining: 24m 47s
Rendered 1676/18000, time remaining: 24m 45s
Rendered 1677/18000, time remaining: 24m 42s
Rendered 1678/18000, time remaining: 24m 33s
Rendered 1679/18000, time remaining: 24m 37s
Rendered 1680/18000, time remaining: 24m 36s
Rendered 1681/18000, time remaining: 24m 39s
Rendered 1682/18000, time remaining: 24m 23s
Rendered 1683/18000, time remaining: 24m 32s
Rendered 1684/18000, time remaining: 24m 30s
Rendered 1685/18000, time remaining: 24m 24s
Rendered 1686/18000, time remaining: 24m 26s
Rendered 1687/18000, time remaining: 24m 28s
Rendered 1688/18000, time remaining: 24m 40s
Rendered 1689/18000, time remaining: 24m 36s
Rendered 1690/18000, time remaining: 24m 36s
Rendered 1691/18000, time remaining: 24m 36s
Rendered 1692/18000, time remaining: 24m 48s
Rendered 1693/18000, time remaining: 24m 31s
Rendered 1694/18000, time remaining: 24m 31s
Rendered 1695/18000, time remaining: 24m 31s
Rendered 1696/18000, time remaining: 24m 40s
Rendered 1697/18000, time remaining: 24m 31s
Rendered 1698/18000, time remaining: 24m 25s
Rendered 1699/18000, time remaining: 24m 25s
Rendered 1700/18000, time remaining: 24m 26s
Rendered 1701/18000, time remaining: 24m 35s
Rendered 1702/18000, time remaining: 24m 30s
Rendered 1703/18000, time remaining: 24m 27s
Rendered 1704/18000, time remaining: 24m 24s
Rendered 1705/18000, time remaining: 24m 42s
Rendered 1706/18000, time remaining: 24m 25s
Rendered 1707/18000, time remaining: 24m 31s
Rendered 1708/18000, time remaining: 24m 24s
Rendered 1709/18000, time remaining: 24m 30s
Rendered 1710/18000, time remaining: 24m 19s
Rendered 1711/18000, time remaining: 24m 28s
Rendered 1712/18000, time remaining: 24m 29s
Rendered 1713/18000, time remaining: 24m 28s
Rendered 1714/18000, time remaining: 24m 9s
Rendered 1715/18000, time remaining: 24m 23s
Rendered 1716/18000, time remaining: 24m 26s
Rendered 1717/18000, time remaining: 24m 27s
Rendered 1718/18000, time remaining: 24m 5s
Rendered 1719/18000, time remaining: 24m 15s
Rendered 1720/18000, time remaining: 24m 19s
Rendered 1721/18000, time remaining: 24m 24s
Rendered 1722/18000, time remaining: 24m 8s
Rendered 1723/18000, time remaining: 24m 9s
Rendered 1724/18000, time remaining: 24m 10s
Rendered 1725/18000, time remaining: 24m 14s
Rendered 1726/18000, time remaining: 24m 12s
Rendered 1727/18000, time remaining: 24m 2s
Rendered 1728/18000, time remaining: 24m 25s
Rendered 1729/18000, time remaining: 24m 20s
Rendered 1730/18000, time remaining: 24m 22s
Rendered 1731/18000, time remaining: 24m 16s
Rendered 1732/18000, time remaining: 24m 26s
Rendered 1733/18000, time remaining: 24m 26s
Rendered 1734/18000, time remaining: 24m 20s
Rendered 1735/18000, time remaining: 24m 28s
Rendered 1736/18000, time remaining: 24m 34s
Rendered 1737/18000, time remaining: 24m 28s
Rendered 1738/18000, time remaining: 24m 18s
Rendered 1739/18000, time remaining: 24m 29s
Rendered 1740/18000, time remaining: 24m 37s
Rendered 1741/18000, time remaining: 24m 32s
Rendered 1742/18000, time remaining: 24m 32s
Rendered 1743/18000, time remaining: 24m 42s
Rendered 1744/18000, time remaining: 24m 51s
Rendered 1745/18000, time remaining: 24m 56s
Rendered 1746/18000, time remaining: 24m 42s
Rendered 1747/18000, time remaining: 24m 56s
Rendered 1748/18000, time remaining: 24m 54s
Rendered 1749/18000, time remaining: 25m 1s
Rendered 1750/18000, time remaining: 24m 39s
Rendered 1751/18000, time remaining: 24m 53s
Rendered 1752/18000, time remaining: 24m 51s
Rendered 1753/18000, time remaining: 24m 57s
Rendered 1754/18000, time remaining: 24m 49s
Rendered 1755/18000, time remaining: 24m 42s
Rendered 1756/18000, time remaining: 24m 52s
Rendered 1757/18000, time remaining: 24m 55s
Rendered 1758/18000, time remaining: 24m 54s
Rendered 1759/18000, time remaining: 24m 45s
Rendered 1760/18000, time remaining: 24m 51s
Rendered 1761/18000, time remaining: 24m 53s
Rendered 1762/18000, time remaining: 24m 54s
Rendered 1763/18000, time remaining: 24m 53s
Rendered 1764/18000, time remaining: 24m 50s
Rendered 1765/18000, time remaining: 24m 49s
Rendered 1766/18000, time remaining: 24m 59s
Rendered 1767/18000, time remaining: 25m 2s
Rendered 1768/18000, time remaining: 24m 47s
Rendered 1769/18000, time remaining: 24m 47s
Rendered 1770/18000, time remaining: 24m 52s
Rendered 1771/18000, time remaining: 25m 1s
Rendered 1772/18000, time remaining: 24m 44s
Rendered 1773/18000, time remaining: 24m 48s
Rendered 1774/18000, time remaining: 24m 45s
Rendered 1775/18000, time remaining: 24m 58s
Rendered 1776/18000, time remaining: 24m 38s
Rendered 1777/18000, time remaining: 24m 40s
Rendered 1778/18000, time remaining: 24m 42s
Rendered 1779/18000, time remaining: 24m 41s
Rendered 1780/18000, time remaining: 24m 39s
Rendered 1781/18000, time remaining: 24m 38s
Rendered 1782/18000, time remaining: 24m 38s
Rendered 1783/18000, time remaining: 24m 38s
Rendered 1784/18000, time remaining: 24m 45s
Rendered 1785/18000, time remaining: 24m 35s
Rendered 1786/18000, time remaining: 24m 43s
Rendered 1787/18000, time remaining: 24m 36s
Rendered 1788/18000, time remaining: 24m 46s
Rendered 1789/18000, time remaining: 24m 39s
Rendered 1790/18000, time remaining: 24m 49s
Rendered 1791/18000, time remaining: 24m 52s
Rendered 1792/18000, time remaining: 24m 56s
Rendered 1793/18000, time remaining: 24m 58s
Rendered 1794/18000, time remaining: 25m 5s
Rendered 1795/18000, time remaining: 24m 58s
Rendered 1796/18000, time remaining: 25m 13s
Rendered 1797/18000, time remaining: 25m 13s
Rendered 1798/18000, time remaining: 25m 9s
Rendered 1799/18000, time remaining: 25m 8s
Rendered 1800/18000, time remaining: 25m 27s
Rendered 1801/18000, time remaining: 25m 25s
Rendered 1802/18000, time remaining: 25m 18s
Rendered 1803/18000, time remaining: 25m 11s
Rendered 1804/18000, time remaining: 25m 41s
Rendered 1805/18000, time remaining: 25m 44s
Rendered 1806/18000, time remaining: 25m 38s
Rendered 1807/18000, time remaining: 25m 29s
Rendered 1808/18000, time remaining: 25m 45s
Rendered 1809/18000, time remaining: 25m 51s
Rendered 1810/18000, time remaining: 25m 48s
Rendered 1811/18000, time remaining: 25m 44s
Rendered 1812/18000, time remaining: 25m 34s
Rendered 1813/18000, time remaining: 25m 56s
Rendered 1814/18000, time remaining: 25m 57s
Rendered 1815/18000, time remaining: 25m 49s
Rendered 1816/18000, time remaining: 25m 41s
Rendered 1817/18000, time remaining: 26m 5s
Rendered 1818/18000, time remaining: 26m 5s
Rendered 1819/18000, time remaining: 26m 3s
Rendered 1820/18000, time remaining: 25m 55s
Rendered 1821/18000, time remaining: 26m 9s
Rendered 1822/18000, time remaining: 26m 12s
Rendered 1823/18000, time remaining: 26m 11s
Rendered 1824/18000, time remaining: 26m 3s
Rendered 1825/18000, time remaining: 26m 0s
Rendered 1826/18000, time remaining: 26m 11s
Rendered 1827/18000, time remaining: 26m 11s
Rendered 1828/18000, time remaining: 26m 14s
Rendered 1829/18000, time remaining: 25m 59s
Rendered 1830/18000, time remaining: 26m 4s
Rendered 1831/18000, time remaining: 26m 4s
Rendered 1832/18000, time remaining: 26m 13s
Rendered 1833/18000, time remaining: 25m 53s
Rendered 1834/18000, time remaining: 25m 53s
Rendered 1835/18000, time remaining: 26m 6s
Rendered 1836/18000, time remaining: 26m 14s
Rendered 1837/18000, time remaining: 26m 8s
Rendered 1838/18000, time remaining: 25m 42s
Rendered 1839/18000, time remaining: 26m 1s
Rendered 1840/18000, time remaining: 26m 8s
Rendered 1841/18000, time remaining: 26m 16s
Rendered 1842/18000, time remaining: 25m 54s
Rendered 1843/18000, time remaining: 25m 54s
Rendered 1844/18000, time remaining: 26m 5s
Rendered 1845/18000, time remaining: 26m 14s
Rendered 1846/18000, time remaining: 26m 10s
Rendered 1847/18000, time remaining: 25m 53s
Rendered 1848/18000, time remaining: 26m 2s
Rendered 1849/18000, time remaining: 26m 4s
Rendered 1850/18000, time remaining: 26m 11s
Rendered 1851/18000, time remaining: 25m 49s
Rendered 1852/18000, time remaining: 25m 51s
Rendered 1853/18000, time remaining: 25m 58s
Rendered 1854/18000, time remaining: 26m 2s
Rendered 1855/18000, time remaining: 25m 43s
Rendered 1856/18000, time remaining: 25m 53s
Rendered 1857/18000, time remaining: 25m 55s
Rendered 1858/18000, time remaining: 25m 55s
Rendered 1859/18000, time remaining: 25m 55s
Rendered 1860/18000, time remaining: 26m 2s
Rendered 1861/18000, time remaining: 25m 56s
Rendered 1862/18000, time remaining: 25m 50s
Rendered 1863/18000, time remaining: 25m 55s
Rendered 1864/18000, time remaining: 26m 9s
Rendered 1865/18000, time remaining: 25m 57s
Rendered 1866/18000, time remaining: 25m 50s
Rendered 1867/18000, time remaining: 25m 49s
Rendered 1868/18000, time remaining: 26m 8s
Rendered 1869/18000, time remaining: 26m 4s
Rendered 1870/18000, time remaining: 26m 2s
Rendered 1871/18000, time remaining: 25m 56s
Rendered 1872/18000, time remaining: 25m 59s
Rendered 1873/18000, time remaining: 26m 3s
Rendered 1874/18000, time remaining: 26m 3s
Rendered 1875/18000, time remaining: 26m 3s
Rendered 1876/18000, time remaining: 26m 4s
Rendered 1877/18000, time remaining: 26m 6s
Rendered 1878/18000, time remaining: 25m 47s
Rendered 1879/18000, time remaining: 25m 53s
Rendered 1880/18000, time remaining: 25m 53s
Rendered 1881/18000, time remaining: 25m 57s
Rendered 1882/18000, time remaining: 25m 50s
Rendered 1883/18000, time remaining: 25m 53s
Rendered 1884/18000, time remaining: 25m 58s
Rendered 1885/18000, time remaining: 25m 54s
Rendered 1886/18000, time remaining: 25m 48s
Rendered 1887/18000, time remaining: 25m 48s
Rendered 1888/18000, time remaining: 25m 57s
Rendered 1889/18000, time remaining: 25m 55s
Rendered 1890/18000, time remaining: 25m 54s
Rendered 1891/18000, time remaining: 25m 45s
Rendered 1892/18000, time remaining: 25m 42s
Rendered 1893/18000, time remaining: 25m 31s
Rendered 1894/18000, time remaining: 25m 26s
Rendered 1895/18000, time remaining: 25m 30s
Rendered 1896/18000, time remaining: 25m 31s
Rendered 1897/18000, time remaining: 25m 13s
Rendered 1898/18000, time remaining: 25m 19s
Rendered 1899/18000, time remaining: 25m 28s
Rendered 1900/18000, time remaining: 25m 37s
Rendered 1901/18000, time remaining: 25m 19s
Rendered 1902/18000, time remaining: 25m 16s
Rendered 1903/18000, time remaining: 25m 23s
Rendered 1904/18000, time remaining: 25m 39s
Rendered 1905/18000, time remaining: 25m 34s
Rendered 1906/18000, time remaining: 25m 22s
Rendered 1907/18000, time remaining: 25m 25s
Rendered 1908/18000, time remaining: 25m 29s
Rendered 1909/18000, time remaining: 25m 34s
Rendered 1910/18000, time remaining: 25m 28s
Rendered 1911/18000, time remaining: 25m 24s
Rendered 1912/18000, time remaining: 25m 27s
Rendered 1913/18000, time remaining: 25m 30s
Rendered 1914/18000, time remaining: 25m 30s
Rendered 1915/18000, time remaining: 25m 26s
Rendered 1916/18000, time remaining: 25m 23s
Rendered 1917/18000, time remaining: 25m 23s
Rendered 1918/18000, time remaining: 25m 20s
Rendered 1919/18000, time remaining: 25m 24s
Rendered 1920/18000, time remaining: 25m 21s
Rendered 1921/18000, time remaining: 25m 11s
Rendered 1922/18000, time remaining: 25m 26s
Rendered 1923/18000, time remaining: 25m 23s
Rendered 1924/18000, time remaining: 25m 24s
Rendered 1925/18000, time remaining: 25m 11s
Rendered 1926/18000, time remaining: 25m 28s
Rendered 1927/18000, time remaining: 25m 24s
Rendered 1928/18000, time remaining: 25m 21s
Rendered 1929/18000, time remaining: 25m 16s
Rendered 1930/18000, time remaining: 25m 30s
Rendered 1931/18000, time remaining: 25m 20s
Rendered 1932/18000, time remaining: 25m 22s
Rendered 1933/18000, time remaining: 25m 20s
Rendered 1934/18000, time remaining: 25m 17s
Rendered 1935/18000, time remaining: 25m 12s
Rendered 1936/18000, time remaining: 25m 9s
Rendered 1937/18000, time remaining: 25m 16s
Rendered 1938/18000, time remaining: 25m 11s
Rendered 1939/18000, time remaining: 25m 3s
Rendered 1940/18000, time remaining: 24m 55s
Rendered 1941/18000, time remaining: 24m 54s
Rendered 1942/18000, time remaining: 24m 56s
Rendered 1943/18000, time remaining: 24m 39s
Rendered 1944/18000, time remaining: 24m 34s
Rendered 1945/18000, time remaining: 24m 33s
Rendered 1946/18000, time remaining: 24m 38s
Rendered 1947/18000, time remaining: 24m 36s
Rendered 1948/18000, time remaining: 24m 34s
Rendered 1949/18000, time remaining: 24m 27s
Rendered 1950/18000, time remaining: 24m 19s
Rendered 1951/18000, time remaining: 24m 21s
Rendered 1952/18000, time remaining: 24m 27s
Rendered 1953/18000, time remaining: 24m 30s
Rendered 1954/18000, time remaining: 23m 59s
Rendered 1955/18000, time remaining: 23m 57s
Rendered 1956/18000, time remaining: 24m 4s
Rendered 1957/18000, time remaining: 24m 10s
Rendered 1958/18000, time remaining: 23m 52s
Rendered 1959/18000, time remaining: 23m 47s
Rendered 1960/18000, time remaining: 23m 50s
Rendered 1961/18000, time remaining: 23m 58s
Rendered 1962/18000, time remaining: 24m 4s
Rendered 1963/18000, time remaining: 23m 40s
Rendered 1964/18000, time remaining: 23m 45s
Rendered 1965/18000, time remaining: 23m 57s
Rendered 1966/18000, time remaining: 24m 2s
Rendered 1967/18000, time remaining: 23m 34s
Rendered 1968/18000, time remaining: 23m 32s
Rendered 1969/18000, time remaining: 23m 33s
Rendered 1970/18000, time remaining: 23m 47s
Rendered 1971/18000, time remaining: 23m 30s
Rendered 1972/18000, time remaining: 23m 25s
Rendered 1973/18000, time remaining: 23m 24s
Rendered 1974/18000, time remaining: 23m 38s
Rendered 1975/18000, time remaining: 23m 36s
Rendered 1976/18000, time remaining: 23m 30s
Rendered 1977/18000, time remaining: 23m 22s
Rendered 1978/18000, time remaining: 23m 23s
Rendered 1979/18000, time remaining: 23m 30s
Rendered 1980/18000, time remaining: 23m 29s
Rendered 1981/18000, time remaining: 23m 26s
Rendered 1982/18000, time remaining: 23m 33s
Rendered 1983/18000, time remaining: 23m 39s
Rendered 1984/18000, time remaining: 23m 45s
Rendered 1985/18000, time remaining: 23m 30s
Rendered 1986/18000, time remaining: 23m 27s
Rendered 1987/18000, time remaining: 23m 41s
Rendered 1988/18000, time remaining: 23m 50s
Rendered 1989/18000, time remaining: 23m 28s
Rendered 1990/18000, time remaining: 23m 19s
Rendered 1991/18000, time remaining: 23m 19s
Rendered 1992/18000, time remaining: 23m 39s
Rendered 1993/18000, time remaining: 23m 33s
Rendered 1994/18000, time remaining: 23m 28s
Rendered 1995/18000, time remaining: 23m 17s
Rendered 1996/18000, time remaining: 23m 32s
Rendered 1997/18000, time remaining: 23m 25s
Rendered 1998/18000, time remaining: 23m 21s
Rendered 1999/18000, time remaining: 23m 17s
Rendered 2000/18000, time remaining: 23m 30s
Rendered 2001/18000, time remaining: 23m 22s
Rendered 2002/18000, time remaining: 23m 21s
Rendered 2003/18000, time remaining: 23m 15s
Rendered 2004/18000, time remaining: 23m 25s
Rendered 2005/18000, time remaining: 23m 23s
Rendered 2006/18000, time remaining: 23m 13s
Rendered 2007/18000, time remaining: 23m 5s
Rendered 2008/18000, time remaining: 23m 23s
Rendered 2009/18000, time remaining: 23m 21s
Rendered 2010/18000, time remaining: 23m 9s
Rendered 2011/18000, time remaining: 23m 5s
Rendered 2012/18000, time remaining: 23m 10s
Rendered 2013/18000, time remaining: 23m 19s
Rendered 2014/18000, time remaining: 23m 4s
Rendered 2015/18000, time remaining: 23m 2s
Rendered 2016/18000, time remaining: 23m 9s
Rendered 2017/18000, time remaining: 23m 17s
Rendered 2018/18000, time remaining: 23m 3s
Rendered 2019/18000, time remaining: 22m 58s
Rendered 2020/18000, time remaining: 22m 57s
Rendered 2021/18000, time remaining: 23m 2s
Rendered 2022/18000, time remaining: 23m 7s
Rendered 2023/18000, time remaining: 22m 59s
Rendered 2024/18000, time remaining: 22m 59s
Rendered 2025/18000, time remaining: 22m 55s
Rendered 2026/18000, time remaining: 23m 10s
Rendered 2027/18000, time remaining: 23m 4s
Rendered 2028/18000, time remaining: 23m 2s
Rendered 2029/18000, time remaining: 22m 53s
Rendered 2030/18000, time remaining: 23m 9s
Rendered 2031/18000, time remaining: 23m 7s
Rendered 2032/18000, time remaining: 22m 58s
Rendered 2033/18000, time remaining: 22m 48s
Rendered 2034/18000, time remaining: 22m 50s
Rendered 2035/18000, time remaining: 22m 56s
Rendered 2036/18000, time remaining: 23m 1s
Rendered 2037/18000, time remaining: 22m 53s
Rendered 2038/18000, time remaining: 22m 45s
Rendered 2039/18000, time remaining: 22m 56s
Rendered 2040/18000, time remaining: 22m 55s
Rendered 2041/18000, time remaining: 22m 43s
Rendered 2042/18000, time remaining: 22m 37s
Rendered 2043/18000, time remaining: 22m 43s
Rendered 2044/18000, time remaining: 22m 57s
Rendered 2045/18000, time remaining: 22m 44s
Rendered 2046/18000, time remaining: 22m 39s
Rendered 2047/18000, time remaining: 22m 39s
Rendered 2048/18000, time remaining: 22m 54s
Rendered 2049/18000, time remaining: 22m 39s
Rendered 2050/18000, time remaining: 22m 34s
Rendered 2051/18000, time remaining: 22m 33s
Rendered 2052/18000, time remaining: 22m 48s
Rendered 2053/18000, time remaining: 22m 39s
Rendered 2054/18000, time remaining: 22m 28s
Rendered 2055/18000, time remaining: 22m 25s
Rendered 2056/18000, time remaining: 22m 28s
Rendered 2057/18000, time remaining: 22m 32s
Rendered 2058/18000, time remaining: 22m 28s
Rendered 2059/18000, time remaining: 22m 26s
Rendered 2060/18000, time remaining: 22m 21s
Rendered 2061/18000, time remaining: 22m 30s
Rendered 2062/18000, time remaining: 22m 32s
Rendered 2063/18000, time remaining: 22m 27s
Rendered 2064/18000, time remaining: 22m 26s
Rendered 2065/18000, time remaining: 22m 27s
Rendered 2066/18000, time remaining: 22m 28s
Rendered 2067/18000, time remaining: 22m 36s
Rendered 2068/18000, time remaining: 22m 34s
Rendered 2069/18000, time remaining: 22m 31s
Rendered 2070/18000, time remaining: 22m 36s
Rendered 2071/18000, time remaining: 22m 46s
Rendered 2072/18000, time remaining: 22m 30s
Rendered 2073/18000, time remaining: 22m 26s
Rendered 2074/18000, time remaining: 22m 33s
Rendered 2075/18000, time remaining: 22m 40s
Rendered 2076/18000, time remaining: 22m 23s
Rendered 2077/18000, time remaining: 22m 22s
Rendered 2078/18000, time remaining: 22m 28s
Rendered 2079/18000, time remaining: 22m 36s
Rendered 2080/18000, time remaining: 22m 26s
Rendered 2081/18000, time remaining: 22m 20s
Rendered 2082/18000, time remaining: 22m 23s
Rendered 2083/18000, time remaining: 22m 26s
Rendered 2084/18000, time remaining: 22m 21s
Rendered 2085/18000, time remaining: 22m 18s
Rendered 2086/18000, time remaining: 22m 23s
Rendered 2087/18000, time remaining: 22m 25s
Rendered 2088/18000, time remaining: 22m 19s
Rendered 2089/18000, time remaining: 22m 20s
Rendered 2090/18000, time remaining: 22m 21s
Rendered 2091/18000, time remaining: 22m 33s
Rendered 2092/18000, time remaining: 22m 26s
Rendered 2093/18000, time remaining: 22m 27s
Rendered 2094/18000, time remaining: 22m 20s
Rendered 2095/18000, time remaining: 22m 43s
Rendered 2096/18000, time remaining: 22m 24s
Rendered 2097/18000, time remaining: 22m 24s
Rendered 2098/18000, time remaining: 22m 21s
Rendered 2099/18000, time remaining: 22m 42s
Rendered 2100/18000, time remaining: 22m 31s
Rendered 2101/18000, time remaining: 22m 30s
Rendered 2102/18000, time remaining: 22m 23s
Rendered 2103/18000, time remaining: 22m 33s
Rendered 2104/18000, time remaining: 22m 35s
Rendered 2105/18000, time remaining: 22m 39s
Rendered 2106/18000, time remaining: 22m 34s
Rendered 2107/18000, time remaining: 22m 33s
Rendered 2108/18000, time remaining: 22m 33s
Rendered 2109/18000, time remaining: 22m 46s
Rendered 2110/18000, time remaining: 22m 42s
Rendered 2111/18000, time remaining: 22m 40s
Rendered 2112/18000, time remaining: 22m 28s
Rendered 2113/18000, time remaining: 22m 43s
Rendered 2114/18000, time remaining: 22m 44s
Rendered 2115/18000, time remaining: 22m 30s
Rendered 2116/18000, time remaining: 22m 26s
Rendered 2117/18000, time remaining: 22m 27s
Rendered 2118/18000, time remaining: 22m 44s
Rendered 2119/18000, time remaining: 22m 42s
Rendered 2120/18000, time remaining: 22m 29s
Rendered 2121/18000, time remaining: 22m 26s
Rendered 2122/18000, time remaining: 22m 34s
Rendered 2123/18000, time remaining: 22m 49s
Rendered 2124/18000, time remaining: 22m 38s
Rendered 2125/18000, time remaining: 22m 35s
Rendered 2126/18000, time remaining: 22m 30s
Rendered 2127/18000, time remaining: 22m 51s
Rendered 2128/18000, time remaining: 22m 51s
Rendered 2129/18000, time remaining: 22m 46s
Rendered 2130/18000, time remaining: 22m 39s
Rendered 2131/18000, time remaining: 22m 45s
Rendered 2132/18000, time remaining: 22m 37s
Rendered 2133/18000, time remaining: 22m 43s
Rendered 2134/18000, time remaining: 22m 33s
Rendered 2135/18000, time remaining: 22m 34s
Rendered 2136/18000, time remaining: 22m 34s
Rendered 2137/18000, time remaining: 22m 41s
Rendered 2138/18000, time remaining: 22m 35s
Rendered 2139/18000, time remaining: 22m 36s
Rendered 2140/18000, time remaining: 22m 37s
Rendered 2141/18000, time remaining: 22m 50s
Rendered 2142/18000, time remaining: 22m 37s
Rendered 2143/18000, time remaining: 22m 36s
Rendered 2144/18000, time remaining: 22m 34s
Rendered 2145/18000, time remaining: 22m 41s
Rendered 2146/18000, time remaining: 22m 35s
Rendered 2147/18000, time remaining: 22m 39s
Rendered 2148/18000, time remaining: 22m 36s
Rendered 2149/18000, time remaining: 22m 44s
Rendered 2150/18000, time remaining: 22m 33s
Rendered 2151/18000, time remaining: 22m 39s
Rendered 2152/18000, time remaining: 22m 35s
Rendered 2153/18000, time remaining: 22m 39s
Rendered 2154/18000, time remaining: 22m 38s
Rendered 2155/18000, time remaining: 22m 48s
Rendered 2156/18000, time remaining: 22m 45s
Rendered 2157/18000, time remaining: 22m 45s
Rendered 2158/18000, time remaining: 22m 35s
Rendered 2159/18000, time remaining: 22m 55s
Rendered 2160/18000, time remaining: 22m 52s
Rendered 2161/18000, time remaining: 22m 51s
Rendered 2162/18000, time remaining: 22m 49s
Rendered 2163/18000, time remaining: 22m 58s
Rendered 2164/18000, time remaining: 22m 57s
Rendered 2165/18000, time remaining: 22m 58s
Rendered 2166/18000, time remaining: 22m 50s
Rendered 2167/18000, time remaining: 23m 1s
Rendered 2168/18000, time remaining: 22m 59s
Rendered 2169/18000, time remaining: 22m 58s
Rendered 2170/18000, time remaining: 22m 56s
Rendered 2171/18000, time remaining: 23m 9s
Rendered 2172/18000, time remaining: 23m 0s
Rendered 2173/18000, time remaining: 23m 7s
Rendered 2174/18000, time remaining: 23m 1s
Rendered 2175/18000, time remaining: 23m 7s
Rendered 2176/18000, time remaining: 22m 52s
Rendered 2177/18000, time remaining: 23m 4s
Rendered 2178/18000, time remaining: 23m 4s
Rendered 2179/18000, time remaining: 23m 2s
Rendered 2180/18000, time remaining: 22m 52s
Rendered 2181/18000, time remaining: 23m 6s
Rendered 2182/18000, time remaining: 23m 6s
Rendered 2183/18000, time remaining: 23m 8s
Rendered 2184/18000, time remaining: 23m 1s
Rendered 2185/18000, time remaining: 23m 8s
Rendered 2186/18000, time remaining: 23m 7s
Rendered 2187/18000, time remaining: 23m 11s
Rendered 2188/18000, time remaining: 23m 11s
Rendered 2189/18000, time remaining: 22m 59s
Rendered 2190/18000, time remaining: 23m 1s
Rendered 2191/18000, time remaining: 23m 9s
Rendered 2192/18000, time remaining: 23m 12s
Rendered 2193/18000, time remaining: 23m 6s
Rendered 2194/18000, time remaining: 22m 53s
Rendered 2195/18000, time remaining: 23m 4s
Rendered 2196/18000, time remaining: 23m 7s
Rendered 2197/18000, time remaining: 23m 6s
Rendered 2198/18000, time remaining: 22m 51s
Rendered 2199/18000, time remaining: 23m 3s
Rendered 2200/18000, time remaining: 23m 4s
Rendered 2201/18000, time remaining: 23m 11s
Rendered 2202/18000, time remaining: 22m 58s
Rendered 2203/18000, time remaining: 22m 58s
Rendered 2204/18000, time remaining: 22m 56s
Rendered 2205/18000, time remaining: 23m 6s
Rendered 2206/18000, time remaining: 23m 11s
Rendered 2207/18000, time remaining: 23m 0s
Rendered 2208/18000, time remaining: 22m 57s
Rendered 2209/18000, time remaining: 23m 4s
Rendered 2210/18000, time remaining: 23m 10s
Rendered 2211/18000, time remaining: 23m 2s
Rendered 2212/18000, time remaining: 22m 59s
Rendered 2213/18000, time remaining: 23m 12s
Rendered 2214/18000, time remaining: 23m 8s
Rendered 2215/18000, time remaining: 23m 7s
Rendered 2216/18000, time remaining: 23m 7s
Rendered 2217/18000, time remaining: 23m 12s
Rendered 2218/18000, time remaining: 23m 7s
Rendered 2219/18000, time remaining: 23m 13s
Rendered 2220/18000, time remaining: 23m 4s
Rendered 2221/18000, time remaining: 23m 11s
Rendered 2222/18000, time remaining: 23m 5s
Rendered 2223/18000, time remaining: 23m 9s
Rendered 2224/18000, time remaining: 23m 2s
Rendered 2225/18000, time remaining: 23m 15s
Rendered 2226/18000, time remaining: 23m 12s
Rendered 2227/18000, time remaining: 23m 9s
Rendered 2228/18000, time remaining: 23m 2s
Rendered 2229/18000, time remaining: 23m 13s
Rendered 2230/18000, time remaining: 23m 14s
Rendered 2231/18000, time remaining: 23m 15s
Rendered 2232/18000, time remaining: 23m 7s
Rendered 2233/18000, time remaining: 23m 6s
Rendered 2234/18000, time remaining: 23m 18s
Rendered 2235/18000, time remaining: 23m 20s
Rendered 2236/18000, time remaining: 23m 10s
Rendered 2237/18000, time remaining: 23m 6s
Rendered 2238/18000, time remaining: 23m 16s
Rendered 2239/18000, time remaining: 23m 20s
Rendered 2240/18000, time remaining: 23m 20s
Rendered 2241/18000, time remaining: 23m 4s
Rendered 2242/18000, time remaining: 23m 8s
Rendered 2243/18000, time remaining: 23m 20s
Rendered 2244/18000, time remaining: 23m 23s
Rendered 2245/18000, time remaining: 23m 6s
Rendered 2246/18000, time remaining: 23m 7s
Rendered 2247/18000, time remaining: 23m 11s
Rendered 2248/18000, time remaining: 23m 19s
Rendered 2249/18000, time remaining: 23m 6s
Rendered 2250/18000, time remaining: 23m 6s
Rendered 2251/18000, time remaining: 23m 7s
Rendered 2252/18000, time remaining: 23m 42s
Rendered 2253/18000, time remaining: 23m 41s
Rendered 2254/18000, time remaining: 23m 37s
Rendered 2255/18000, time remaining: 23m 33s
Rendered 2256/18000, time remaining: 23m 59s
Rendered 2257/18000, time remaining: 23m 58s
Rendered 2258/18000, time remaining: 24m 2s
Rendered 2259/18000, time remaining: 23m 57s
Rendered 2260/18000, time remaining: 23m 54s
Rendered 2261/18000, time remaining: 23m 57s
Rendered 2262/18000, time remaining: 24m 4s
Rendered 2263/18000, time remaining: 23m 53s
Rendered 2264/18000, time remaining: 23m 52s
Rendered 2265/18000, time remaining: 23m 57s
Rendered 2266/18000, time remaining: 24m 1s
Rendered 2267/18000, time remaining: 24m 7s
Rendered 2268/18000, time remaining: 23m 59s
Rendered 2269/18000, time remaining: 23m 58s
Rendered 2270/18000, time remaining: 24m 2s
Rendered 2271/18000, time remaining: 24m 4s
Rendered 2272/18000, time remaining: 24m 5s
Rendered 2273/18000, time remaining: 24m 0s
Rendered 2274/18000, time remaining: 24m 4s
Rendered 2275/18000, time remaining: 24m 0s
Rendered 2276/18000, time remaining: 24m 7s
Rendered 2277/18000, time remaining: 23m 55s
Rendered 2278/18000, time remaining: 24m 2s
Rendered 2279/18000, time remaining: 23m 57s
Rendered 2280/18000, time remaining: 24m 2s
Rendered 2281/18000, time remaining: 24m 2s
Rendered 2282/18000, time remaining: 24m 2s
Rendered 2283/18000, time remaining: 23m 52s
Rendered 2284/18000, time remaining: 23m 56s
Rendered 2285/18000, time remaining: 24m 0s
Rendered 2286/18000, time remaining: 24m 10s
Rendered 2287/18000, time remaining: 23m 48s
Rendered 2288/18000, time remaining: 23m 49s
Rendered 2289/18000, time remaining: 23m 58s
Rendered 2290/18000, time remaining: 24m 7s
Rendered 2291/18000, time remaining: 23m 53s
Rendered 2292/18000, time remaining: 23m 48s
Rendered 2293/18000, time remaining: 23m 57s
Rendered 2294/18000, time remaining: 24m 2s
Rendered 2295/18000, time remaining: 24m 6s
Rendered 2296/18000, time remaining: 24m 0s
Rendered 2297/18000, time remaining: 23m 54s
Rendered 2298/18000, time remaining: 24m 1s
Rendered 2299/18000, time remaining: 24m 1s
Rendered 2300/18000, time remaining: 24m 9s
Rendered 2301/18000, time remaining: 24m 10s
Rendered 2302/18000, time remaining: 24m 9s
Rendered 2303/18000, time remaining: 24m 9s
Rendered 2304/18000, time remaining: 24m 12s
Rendered 2305/18000, time remaining: 24m 8s
Rendered 2306/18000, time remaining: 24m 9s
Rendered 2307/18000, time remaining: 24m 8s
Rendered 2308/18000, time remaining: 24m 9s
Rendered 2309/18000, time remaining: 24m 7s
Rendered 2310/18000, time remaining: 24m 7s
Rendered 2311/18000, time remaining: 24m 6s
Rendered 2312/18000, time remaining: 24m 2s
Rendered 2313/18000, time remaining: 24m 12s
Rendered 2314/18000, time remaining: 24m 9s
Rendered 2315/18000, time remaining: 24m 12s
Rendered 2316/18000, time remaining: 24m 12s
Rendered 2317/18000, time remaining: 24m 15s
Rendered 2318/18000, time remaining: 24m 10s
Rendered 2319/18000, time remaining: 24m 14s
Rendered 2320/18000, time remaining: 24m 10s
Rendered 2321/18000, time remaining: 24m 12s
Rendered 2322/18000, time remaining: 24m 11s
Rendered 2323/18000, time remaining: 24m 9s
Rendered 2324/18000, time remaining: 24m 9s
Rendered 2325/18000, time remaining: 24m 10s
Rendered 2326/18000, time remaining: 24m 17s
Rendered 2327/18000, time remaining: 24m 9s
Rendered 2328/18000, time remaining: 24m 3s
Rendered 2329/18000, time remaining: 24m 21s
Rendered 2330/18000, time remaining: 24m 18s
Rendered 2331/18000, time remaining: 24m 8s
Rendered 2332/18000, time remaining: 24m 1s
Rendered 2333/18000, time remaining: 24m 8s
Rendered 2334/18000, time remaining: 24m 16s
Rendered 2335/18000, time remaining: 24m 8s
Rendered 2336/18000, time remaining: 24m 4s
Rendered 2337/18000, time remaining: 24m 4s
Rendered 2338/18000, time remaining: 24m 4s
Rendered 2339/18000, time remaining: 24m 6s
Rendered 2340/18000, time remaining: 24m 6s
Rendered 2341/18000, time remaining: 24m 6s
Rendered 2342/18000, time remaining: 24m 2s
Rendered 2343/18000, time remaining: 24m 5s
Rendered 2344/18000, time remaining: 24m 14s
Rendered 2345/18000, time remaining: 24m 7s
Rendered 2346/18000, time remaining: 24m 5s
Rendered 2347/18000, time remaining: 24m 6s
Rendered 2348/18000, time remaining: 24m 9s
Rendered 2349/18000, time remaining: 24m 3s
Rendered 2350/18000, time remaining: 24m 6s
Rendered 2351/18000, time remaining: 24m 5s
Rendered 2352/18000, time remaining: 24m 7s
Rendered 2353/18000, time remaining: 24m 7s
Rendered 2354/18000, time remaining: 24m 9s
Rendered 2355/18000, time remaining: 24m 4s
Rendered 2356/18000, time remaining: 24m 10s
Rendered 2357/18000, time remaining: 24m 16s
Rendered 2358/18000, time remaining: 24m 14s
Rendered 2359/18000, time remaining: 24m 9s
Rendered 2360/18000, time remaining: 24m 14s
Rendered 2361/18000, time remaining: 24m 19s
Rendered 2362/18000, time remaining: 24m 15s
Rendered 2363/18000, time remaining: 24m 1s
Rendered 2364/18000, time remaining: 24m 16s
Rendered 2365/18000, time remaining: 24m 22s
Rendered 2366/18000, time remaining: 24m 16s
Rendered 2367/18000, time remaining: 24m 1s
Rendered 2368/18000, time remaining: 24m 14s
Rendered 2369/18000, time remaining: 24m 11s
Rendered 2370/18000, time remaining: 24m 18s
Rendered 2371/18000, time remaining: 23m 56s
Rendered 2372/18000, time remaining: 24m 3s
Rendered 2373/18000, time remaining: 24m 9s
Rendered 2374/18000, time remaining: 24m 14s
Rendered 2375/18000, time remaining: 23m 58s
Rendered 2376/18000, time remaining: 23m 55s
Rendered 2377/18000, time remaining: 24m 0s
Rendered 2378/18000, time remaining: 24m 12s
Rendered 2379/18000, time remaining: 24m 1s
Rendered 2380/18000, time remaining: 23m 56s
Rendered 2381/18000, time remaining: 23m 51s
Rendered 2382/18000, time remaining: 24m 16s
Rendered 2383/18000, time remaining: 24m 15s
Rendered 2384/18000, time remaining: 24m 5s
Rendered 2385/18000, time remaining: 24m 3s
Rendered 2386/18000, time remaining: 24m 15s
Rendered 2387/18000, time remaining: 24m 18s
Rendered 2388/18000, time remaining: 24m 13s
Rendered 2389/18000, time remaining: 24m 5s
Rendered 2390/18000, time remaining: 24m 7s
Rendered 2391/18000, time remaining: 24m 17s
Rendered 2392/18000, time remaining: 24m 22s
Rendered 2393/18000, time remaining: 24m 3s
Rendered 2394/18000, time remaining: 24m 6s
Rendered 2395/18000, time remaining: 24m 20s
Rendered 2396/18000, time remaining: 24m 22s
Rendered 2397/18000, time remaining: 24m 21s
Rendered 2398/18000, time remaining: 24m 8s
Rendered 2399/18000, time remaining: 24m 25s
Rendered 2400/18000, time remaining: 24m 24s
Rendered 2401/18000, time remaining: 24m 24s
Rendered 2402/18000, time remaining: 23m 53s
Rendered 2403/18000, time remaining: 23m 53s
Rendered 2404/18000, time remaining: 23m 51s
Rendered 2405/18000, time remaining: 24m 11s
Rendered 2406/18000, time remaining: 23m 52s
Rendered 2407/18000, time remaining: 23m 54s
Rendered 2408/18000, time remaining: 23m 48s
Rendered 2409/18000, time remaining: 23m 36s
Rendered 2410/18000, time remaining: 24m 15s
Rendered 2411/18000, time remaining: 24m 10s
Rendered 2412/18000, time remaining: 24m 3s
Rendered 2413/18000, time remaining: 23m 58s
Rendered 2414/18000, time remaining: 24m 12s
Rendered 2415/18000, time remaining: 24m 13s
Rendered 2416/18000, time remaining: 24m 9s
Rendered 2417/18000, time remaining: 23m 56s
Rendered 2418/18000, time remaining: 23m 56s
Rendered 2419/18000, time remaining: 24m 17s
Rendered 2420/18000, time remaining: 24m 13s
Rendered 2421/18000, time remaining: 24m 10s
Rendered 2422/18000, time remaining: 24m 4s
Rendered 2423/18000, time remaining: 24m 16s
Rendered 2424/18000, time remaining: 24m 9s
Rendered 2425/18000, time remaining: 24m 12s
Rendered 2426/18000, time remaining: 24m 7s
Rendered 2427/18000, time remaining: 24m 32s
Rendered 2428/18000, time remaining: 24m 20s
Rendered 2429/18000, time remaining: 24m 24s
Rendered 2430/18000, time remaining: 24m 19s
Rendered 2431/18000, time remaining: 24m 28s
Rendered 2432/18000, time remaining: 24m 26s
Rendered 2433/18000, time remaining: 24m 29s
Rendered 2434/18000, time remaining: 24m 25s
Rendered 2435/18000, time remaining: 24m 29s
Rendered 2436/18000, time remaining: 24m 24s
Rendered 2437/18000, time remaining: 24m 34s
Rendered 2438/18000, time remaining: 24m 33s
Rendered 2439/18000, time remaining: 24m 27s
Rendered 2440/18000, time remaining: 24m 18s
Rendered 2441/18000, time remaining: 24m 34s
Rendered 2442/18000, time remaining: 24m 39s
Rendered 2443/18000, time remaining: 24m 30s
Rendered 2444/18000, time remaining: 24m 22s
Rendered 2445/18000, time remaining: 24m 26s
Rendered 2446/18000, time remaining: 24m 31s
Rendered 2447/18000, time remaining: 24m 39s
Rendered 2448/18000, time remaining: 24m 32s
Rendered 2449/18000, time remaining: 24m 32s
Rendered 2450/18000, time remaining: 24m 28s
Rendered 2451/18000, time remaining: 24m 30s
Rendered 2452/18000, time remaining: 24m 30s
Rendered 2453/18000, time remaining: 24m 35s
Rendered 2454/18000, time remaining: 24m 24s
Rendered 2455/18000, time remaining: 24m 40s
Rendered 2456/18000, time remaining: 24m 39s
Rendered 2457/18000, time remaining: 24m 46s
Rendered 2458/18000, time remaining: 24m 37s
Rendered 2459/18000, time remaining: 24m 33s
Rendered 2460/18000, time remaining: 24m 37s
Rendered 2461/18000, time remaining: 24m 44s
Rendered 2462/18000, time remaining: 24m 42s
Rendered 2463/18000, time remaining: 24m 20s
Rendered 2464/18000, time remaining: 24m 31s
Rendered 2465/18000, time remaining: 24m 36s
Rendered 2466/18000, time remaining: 24m 34s
Rendered 2467/18000, time remaining: 24m 21s
Rendered 2468/18000, time remaining: 24m 36s
Rendered 2469/18000, time remaining: 24m 38s
Rendered 2470/18000, time remaining: 24m 38s
Rendered 2471/18000, time remaining: 24m 20s
Rendered 2472/18000, time remaining: 24m 25s
Rendered 2473/18000, time remaining: 24m 43s
Rendered 2474/18000, time remaining: 24m 46s
Rendered 2475/18000, time remaining: 24m 43s
Rendered 2476/18000, time remaining: 24m 32s
Rendered 2477/18000, time remaining: 24m 40s
Rendered 2478/18000, time remaining: 24m 50s
Rendered 2479/18000, time remaining: 24m 42s
Rendered 2480/18000, time remaining: 24m 38s
Rendered 2481/18000, time remaining: 24m 38s
Rendered 2482/18000, time remaining: 24m 55s
Rendered 2483/18000, time remaining: 24m 51s
Rendered 2484/18000, time remaining: 24m 52s
Rendered 2485/18000, time remaining: 24m 50s
Rendered 2486/18000, time remaining: 24m 49s
Rendered 2487/18000, time remaining: 24m 48s
Rendered 2488/18000, time remaining: 25m 10s
Rendered 2489/18000, time remaining: 25m 5s
Rendered 2490/18000, time remaining: 24m 59s
Rendered 2491/18000, time remaining: 24m 51s
Rendered 2492/18000, time remaining: 26m 44s
Rendered 2493/18000, time remaining: 26m 40s
Rendered 2494/18000, time remaining: 26m 31s
Rendered 2495/18000, time remaining: 26m 25s
Rendered 2496/18000, time remaining: 27m 35s
Rendered 2497/18000, time remaining: 27m 48s
Rendered 2498/18000, time remaining: 27m 40s
Rendered 2499/18000, time remaining: 27m 44s
Rendered 2500/18000, time remaining: 27m 53s
Rendered 2501/18000, time remaining: 27m 53s
Rendered 2502/18000, time remaining: 27m 49s
Rendered 2503/18000, time remaining: 28m 18s
Rendered 2504/18000, time remaining: 28m 17s
Rendered 2505/18000, time remaining: 28m 17s
Rendered 2506/18000, time remaining: 27m 59s
Rendered 2507/18000, time remaining: 28m 25s
Rendered 2508/18000, time remaining: 28m 30s
Rendered 2509/18000, time remaining: 28m 23s
Rendered 2510/18000, time remaining: 28m 30s
Rendered 2511/18000, time remaining: 28m 34s
Rendered 2512/18000, time remaining: 28m 40s
Rendered 2513/18000, time remaining: 28m 32s
Rendered 2514/18000, time remaining: 28m 30s
Rendered 2515/18000, time remaining: 28m 41s
Rendered 2516/18000, time remaining: 28m 44s
Rendered 2517/18000, time remaining: 28m 40s
Rendered 2518/18000, time remaining: 28m 34s
Rendered 2519/18000, time remaining: 28m 52s
Rendered 2520/18000, time remaining: 28m 52s
Rendered 2521/18000, time remaining: 28m 54s
Rendered 2522/18000, time remaining: 28m 58s
Rendered 2523/18000, time remaining: 29m 26s
Rendered 2524/18000, time remaining: 29m 22s
Rendered 2525/18000, time remaining: 29m 19s
Rendered 2526/18000, time remaining: 29m 33s
Rendered 2527/18000, time remaining: 30m 11s
Rendered 2528/18000, time remaining: 30m 0s
Rendered 2529/18000, time remaining: 29m 59s
Rendered 2530/18000, time remaining: 30m 2s
Rendered 2531/18000, time remaining: 30m 31s
Rendered 2532/18000, time remaining: 30m 6s
Rendered 2533/18000, time remaining: 30m 8s
Rendered 2534/18000, time remaining: 30m 8s
Rendered 2535/18000, time remaining: 30m 27s
Rendered 2536/18000, time remaining: 30m 15s
Rendered 2537/18000, time remaining: 30m 16s
Rendered 2538/18000, time remaining: 30m 10s
Rendered 2539/18000, time remaining: 30m 34s
Rendered 2540/18000, time remaining: 30m 30s
Rendered 2541/18000, time remaining: 30m 26s
Rendered 2542/18000, time remaining: 30m 22s
Rendered 2543/18000, time remaining: 30m 30s
Rendered 2544/18000, time remaining: 30m 37s
Rendered 2545/18000, time remaining: 30m 38s
Rendered 2546/18000, time remaining: 30m 43s
Rendered 2547/18000, time remaining: 30m 40s
Rendered 2548/18000, time remaining: 30m 49s
Rendered 2549/18000, time remaining: 30m 38s
Rendered 2550/18000, time remaining: 30m 59s
Rendered 2551/18000, time remaining: 30m 53s
Rendered 2552/18000, time remaining: 30m 50s
Rendered 2553/18000, time remaining: 30m 37s
Rendered 2554/18000, time remaining: 31m 13s
Rendered 2555/18000, time remaining: 30m 55s
Rendered 2556/18000, time remaining: 30m 48s
Rendered 2557/18000, time remaining: 30m 41s
Rendered 2558/18000, time remaining: 31m 4s
Rendered 2559/18000, time remaining: 31m 14s
Rendered 2560/18000, time remaining: 30m 45s
Rendered 2561/18000, time remaining: 30m 41s
Rendered 2562/18000, time remaining: 30m 48s
Rendered 2563/18000, time remaining: 30m 59s
Rendered 2564/18000, time remaining: 30m 48s
Rendered 2565/18000, time remaining: 30m 43s
Rendered 2566/18000, time remaining: 30m 50s
Rendered 2567/18000, time remaining: 31m 3s
Rendered 2568/18000, time remaining: 31m 2s
Rendered 2569/18000, time remaining: 30m 42s
Rendered 2570/18000, time remaining: 30m 52s
Rendered 2571/18000, time remaining: 30m 59s
Rendered 2572/18000, time remaining: 31m 2s
Rendered 2573/18000, time remaining: 30m 40s
Rendered 2574/18000, time remaining: 30m 54s
Rendered 2575/18000, time remaining: 31m 0s
Rendered 2576/18000, time remaining: 31m 7s
Rendered 2577/18000, time remaining: 30m 36s
Rendered 2578/18000, time remaining: 30m 40s
Rendered 2579/18000, time remaining: 30m 51s
Rendered 2580/18000, time remaining: 30m 57s
Rendered 2581/18000, time remaining: 30m 43s
Rendered 2582/18000, time remaining: 30m 39s
Rendered 2583/18000, time remaining: 30m 45s
Rendered 2584/18000, time remaining: 30m 53s
Rendered 2585/18000, time remaining: 30m 52s
Rendered 2586/18000, time remaining: 30m 47s
Rendered 2587/18000, time remaining: 30m 44s
Rendered 2588/18000, time remaining: 30m 47s
Rendered 2589/18000, time remaining: 30m 51s
Rendered 2590/18000, time remaining: 30m 59s
Rendered 2591/18000, time remaining: 30m 41s
Rendered 2592/18000, time remaining: 30m 40s
Rendered 2593/18000, time remaining: 30m 46s
Rendered 2594/18000, time remaining: 31m 9s
Rendered 2595/18000, time remaining: 30m 56s
Rendered 2596/18000, time remaining: 30m 47s
Rendered 2597/18000, time remaining: 30m 43s
Rendered 2598/18000, time remaining: 31m 14s
Rendered 2599/18000, time remaining: 31m 10s
Rendered 2600/18000, time remaining: 30m 58s
Rendered 2601/18000, time remaining: 30m 51s
Rendered 2602/18000, time remaining: 31m 20s
Rendered 2603/18000, time remaining: 31m 13s
Rendered 2604/18000, time remaining: 31m 10s
Rendered 2605/18000, time remaining: 30m 48s
Rendered 2606/18000, time remaining: 31m 18s
Rendered 2607/18000, time remaining: 31m 17s
Rendered 2608/18000, time remaining: 31m 17s
Rendered 2609/18000, time remaining: 31m 6s
Rendered 2610/18000, time remaining: 31m 14s
Rendered 2611/18000, time remaining: 31m 20s
Rendered 2612/18000, time remaining: 31m 23s
Rendered 2613/18000, time remaining: 31m 20s
Rendered 2614/18000, time remaining: 31m 8s
Rendered 2615/18000, time remaining: 31m 28s
Rendered 2616/18000, time remaining: 31m 29s
Rendered 2617/18000, time remaining: 31m 25s
Rendered 2618/18000, time remaining: 31m 10s
Rendered 2619/18000, time remaining: 31m 36s
Rendered 2620/18000, time remaining: 31m 34s
Rendered 2621/18000, time remaining: 31m 33s
Rendered 2622/18000, time remaining: 31m 25s
Rendered 2623/18000, time remaining: 31m 37s
Rendered 2624/18000, time remaining: 31m 34s
Rendered 2625/18000, time remaining: 31m 30s
Rendered 2626/18000, time remaining: 31m 29s
Rendered 2627/18000, time remaining: 31m 52s
Rendered 2628/18000, time remaining: 31m 41s
Rendered 2629/18000, time remaining: 31m 32s
Rendered 2630/18000, time remaining: 31m 40s
Rendered 2631/18000, time remaining: 32m 7s
Rendered 2632/18000, time remaining: 31m 52s
Rendered 2633/18000, time remaining: 31m 54s
Rendered 2634/18000, time remaining: 31m 42s
Rendered 2635/18000, time remaining: 32m 5s
Rendered 2636/18000, time remaining: 32m 5s
Rendered 2637/18000, time remaining: 32m 8s
Rendered 2638/18000, time remaining: 31m 46s
Rendered 2639/18000, time remaining: 31m 49s
Rendered 2640/18000, time remaining: 31m 56s
Rendered 2641/18000, time remaining: 32m 5s
Rendered 2642/18000, time remaining: 30m 20s
Rendered 2643/18000, time remaining: 30m 26s
Rendered 2644/18000, time remaining: 30m 20s
Rendered 2645/18000, time remaining: 30m 27s
Rendered 2646/18000, time remaining: 29m 34s
Rendered 2647/18000, time remaining: 29m 26s
Rendered 2648/18000, time remaining: 29m 27s
Rendered 2649/18000, time remaining: 29m 19s
Rendered 2650/18000, time remaining: 29m 9s
Rendered 2651/18000, time remaining: 29m 31s
Rendered 2652/18000, time remaining: 29m 34s
Rendered 2653/18000, time remaining: 29m 9s
Rendered 2654/18000, time remaining: 29m 3s
Rendered 2655/18000, time remaining: 29m 9s
Rendered 2656/18000, time remaining: 29m 30s
Rendered 2657/18000, time remaining: 29m 5s
Rendered 2658/18000, time remaining: 29m 3s
Rendered 2659/18000, time remaining: 29m 5s
Rendered 2660/18000, time remaining: 29m 20s
Rendered 2661/18000, time remaining: 29m 21s
Rendered 2662/18000, time remaining: 29m 13s
Rendered 2663/18000, time remaining: 29m 20s
Rendered 2664/18000, time remaining: 29m 12s
Rendered 2665/18000, time remaining: 29m 12s
Rendered 2666/18000, time remaining: 29m 10s
Rendered 2667/18000, time remaining: 29m 16s
Rendered 2668/18000, time remaining: 29m 9s
Rendered 2669/18000, time remaining: 29m 16s
Rendered 2670/18000, time remaining: 29m 14s
Rendered 2671/18000, time remaining: 29m 13s
Rendered 2672/18000, time remaining: 29m 4s
Rendered 2673/18000, time remaining: 29m 10s
Rendered 2674/18000, time remaining: 29m 14s
Rendered 2675/18000, time remaining: 29m 14s
Rendered 2676/18000, time remaining: 28m 59s
Rendered 2677/18000, time remaining: 28m 51s
Rendered 2678/18000, time remaining: 29m 1s
Rendered 2679/18000, time remaining: 28m 56s
Rendered 2680/18000, time remaining: 28m 52s
Rendered 2681/18000, time remaining: 28m 54s
Rendered 2682/18000, time remaining: 28m 59s
Rendered 2683/18000, time remaining: 28m 58s
Rendered 2684/18000, time remaining: 28m 57s
Rendered 2685/18000, time remaining: 28m 54s
Rendered 2686/18000, time remaining: 28m 57s
Rendered 2687/18000, time remaining: 28m 53s
Rendered 2688/18000, time remaining: 28m 55s
Rendered 2689/18000, time remaining: 28m 58s
Rendered 2690/18000, time remaining: 28m 58s
Rendered 2691/18000, time remaining: 28m 54s
Rendered 2692/18000, time remaining: 28m 53s
Rendered 2693/18000, time remaining: 28m 53s
Rendered 2694/18000, time remaining: 29m 10s
Rendered 2695/18000, time remaining: 28m 58s
Rendered 2696/18000, time remaining: 28m 50s
Rendered 2697/18000, time remaining: 28m 46s
Rendered 2698/18000, time remaining: 29m 6s
Rendered 2699/18000, time remaining: 28m 59s
Rendered 2700/18000, time remaining: 28m 44s
Rendered 2701/18000, time remaining: 28m 43s
Rendered 2702/18000, time remaining: 28m 52s
Rendered 2703/18000, time remaining: 29m 6s
Rendered 2704/18000, time remaining: 28m 37s
Rendered 2705/18000, time remaining: 28m 50s
Rendered 2706/18000, time remaining: 28m 57s
Rendered 2707/18000, time remaining: 28m 56s
Rendered 2708/18000, time remaining: 28m 45s
Rendered 2709/18000, time remaining: 28m 50s
Rendered 2710/18000, time remaining: 28m 49s
Rendered 2711/18000, time remaining: 28m 54s
Rendered 2712/18000, time remaining: 28m 54s
Rendered 2713/18000, time remaining: 28m 45s
Rendered 2714/18000, time remaining: 28m 52s
Rendered 2715/18000, time remaining: 29m 0s
Rendered 2716/18000, time remaining: 28m 55s
Rendered 2717/18000, time remaining: 28m 49s
Rendered 2718/18000, time remaining: 29m 2s
Rendered 2719/18000, time remaining: 29m 7s
Rendered 2720/18000, time remaining: 28m 56s
Rendered 2721/18000, time remaining: 29m 1s
Rendered 2722/18000, time remaining: 29m 3s
Rendered 2723/18000, time remaining: 29m 18s
Rendered 2724/18000, time remaining: 29m 2s
Rendered 2725/18000, time remaining: 29m 0s
Rendered 2726/18000, time remaining: 28m 53s
Rendered 2727/18000, time remaining: 29m 24s
Rendered 2728/18000, time remaining: 29m 19s
Rendered 2729/18000, time remaining: 29m 11s
Rendered 2730/18000, time remaining: 29m 6s
Rendered 2731/18000, time remaining: 29m 26s
Rendered 2732/18000, time remaining: 29m 34s
Rendered 2733/18000, time remaining: 29m 24s
Rendered 2734/18000, time remaining: 29m 17s
Rendered 2735/18000, time remaining: 29m 31s
Rendered 2736/18000, time remaining: 29m 55s
Rendered 2737/18000, time remaining: 29m 49s
Rendered 2738/18000, time remaining: 29m 43s
Rendered 2739/18000, time remaining: 29m 36s
Rendered 2740/18000, time remaining: 30m 15s
Rendered 2741/18000, time remaining: 30m 12s
Rendered 2742/18000, time remaining: 30m 7s
Rendered 2743/18000, time remaining: 30m 1s
Rendered 2744/18000, time remaining: 30m 12s
Rendered 2745/18000, time remaining: 30m 11s
Rendered 2746/18000, time remaining: 30m 14s
Rendered 2747/18000, time remaining: 30m 12s
Rendered 2748/18000, time remaining: 30m 1s
Rendered 2749/18000, time remaining: 30m 2s
Rendered 2750/18000, time remaining: 30m 7s
Rendered 2751/18000, time remaining: 30m 13s
Rendered 2752/18000, time remaining: 29m 51s
Rendered 2753/18000, time remaining: 30m 0s
Rendered 2754/18000, time remaining: 30m 9s
Rendered 2755/18000, time remaining: 30m 14s
Rendered 2756/18000, time remaining: 29m 47s
Rendered 2757/18000, time remaining: 29m 47s
Rendered 2758/18000, time remaining: 29m 59s
Rendered 2759/18000, time remaining: 30m 7s
Rendered 2760/18000, time remaining: 29m 56s
Rendered 2761/18000, time remaining: 29m 51s
Rendered 2762/18000, time remaining: 30m 10s
Rendered 2763/18000, time remaining: 30m 24s
Rendered 2764/18000, time remaining: 30m 30s
Rendered 2765/18000, time remaining: 30m 6s
Rendered 2766/18000, time remaining: 30m 12s
Rendered 2767/18000, time remaining: 30m 35s
Rendered 2768/18000, time remaining: 30m 42s
Rendered 2769/18000, time remaining: 30m 18s
Rendered 2770/18000, time remaining: 30m 17s
Rendered 2771/18000, time remaining: 30m 22s
Rendered 2772/18000, time remaining: 30m 27s
Rendered 2773/18000, time remaining: 30m 6s
Rendered 2774/18000, time remaining: 30m 6s
Rendered 2775/18000, time remaining: 30m 10s
Rendered 2776/18000, time remaining: 30m 10s
Rendered 2777/18000, time remaining: 29m 58s
Rendered 2778/18000, time remaining: 29m 57s
Rendered 2779/18000, time remaining: 30m 3s
Rendered 2780/18000, time remaining: 29m 54s
Rendered 2781/18000, time remaining: 29m 45s
Rendered 2782/18000, time remaining: 29m 44s
Rendered 2783/18000, time remaining: 29m 38s
Rendered 2784/18000, time remaining: 29m 39s
Rendered 2785/18000, time remaining: 29m 44s
Rendered 2786/18000, time remaining: 29m 40s
Rendered 2787/18000, time remaining: 29m 35s
Rendered 2788/18000, time remaining: 29m 35s
Rendered 2789/18000, time remaining: 29m 51s
Rendered 2790/18000, time remaining: 29m 46s
Rendered 2791/18000, time remaining: 29m 41s
Rendered 2792/18000, time remaining: 29m 40s
Rendered 2793/18000, time remaining: 29m 40s
Rendered 2794/18000, time remaining: 29m 52s
Rendered 2795/18000, time remaining: 29m 47s
Rendered 2796/18000, time remaining: 29m 35s
Rendered 2797/18000, time remaining: 29m 35s
Rendered 2798/18000, time remaining: 29m 42s
Rendered 2799/18000, time remaining: 29m 47s
Rendered 2800/18000, time remaining: 29m 42s
Rendered 2801/18000, time remaining: 29m 20s
Rendered 2802/18000, time remaining: 29m 23s
Rendered 2803/18000, time remaining: 29m 41s
Rendered 2804/18000, time remaining: 29m 43s
Rendered 2805/18000, time remaining: 29m 40s
Rendered 2806/18000, time remaining: 29m 20s
Rendered 2807/18000, time remaining: 29m 34s
Rendered 2808/18000, time remaining: 29m 33s
Rendered 2809/18000, time remaining: 29m 37s
Rendered 2810/18000, time remaining: 29m 1s
Rendered 2811/18000, time remaining: 29m 3s
Rendered 2812/18000, time remaining: 29m 8s
Rendered 2813/18000, time remaining: 29m 7s
Rendered 2814/18000, time remaining: 29m 5s
Rendered 2815/18000, time remaining: 28m 58s
Rendered 2816/18000, time remaining: 28m 58s
Rendered 2817/18000, time remaining: 28m 59s
Rendered 2818/18000, time remaining: 29m 2s
Rendered 2819/18000, time remaining: 28m 45s
Rendered 2820/18000, time remaining: 28m 42s
Rendered 2821/18000, time remaining: 28m 46s
Rendered 2822/18000, time remaining: 28m 52s
Rendered 2823/18000, time remaining: 28m 21s
Rendered 2824/18000, time remaining: 28m 18s
Rendered 2825/18000, time remaining: 28m 21s
Rendered 2826/18000, time remaining: 28m 21s
Rendered 2827/18000, time remaining: 27m 57s
Rendered 2828/18000, time remaining: 27m 53s
Rendered 2829/18000, time remaining: 27m 57s
Rendered 2830/18000, time remaining: 27m 55s
Rendered 2831/18000, time remaining: 27m 30s
Rendered 2832/18000, time remaining: 27m 45s
Rendered 2833/18000, time remaining: 27m 38s
Rendered 2834/18000, time remaining: 27m 39s
Rendered 2835/18000, time remaining: 27m 20s
Rendered 2836/18000, time remaining: 27m 41s
Rendered 2837/18000, time remaining: 27m 42s
Rendered 2838/18000, time remaining: 27m 40s
Rendered 2839/18000, time remaining: 27m 15s
Rendered 2840/18000, time remaining: 27m 33s
Rendered 2841/18000, time remaining: 27m 36s
Rendered 2842/18000, time remaining: 27m 31s
Rendered 2843/18000, time remaining: 27m 24s
Rendered 2844/18000, time remaining: 27m 15s
Rendered 2845/18000, time remaining: 27m 14s
Rendered 2846/18000, time remaining: 27m 14s
Rendered 2847/18000, time remaining: 27m 15s
Rendered 2848/18000, time remaining: 26m 58s
Rendered 2849/18000, time remaining: 27m 11s
Rendered 2850/18000, time remaining: 27m 9s
Rendered 2851/18000, time remaining: 27m 9s
Rendered 2852/18000, time remaining: 26m 59s
Rendered 2853/18000, time remaining: 27m 3s
Rendered 2854/18000, time remaining: 27m 2s
Rendered 2855/18000, time remaining: 26m 45s
Rendered 2856/18000, time remaining: 26m 41s
Rendered 2857/18000, time remaining: 26m 48s
Rendered 2858/18000, time remaining: 26m 44s
Rendered 2859/18000, time remaining: 26m 33s
Rendered 2860/18000, time remaining: 26m 30s
Rendered 2861/18000, time remaining: 26m 30s
Rendered 2862/18000, time remaining: 26m 43s
Rendered 2863/18000, time remaining: 26m 37s
Rendered 2864/18000, time remaining: 26m 23s
Rendered 2865/18000, time remaining: 26m 15s
Rendered 2866/18000, time remaining: 26m 51s
Rendered 2867/18000, time remaining: 26m 44s
Rendered 2868/18000, time remaining: 26m 24s
Rendered 2869/18000, time remaining: 26m 15s
Rendered 2870/18000, time remaining: 26m 47s
Rendered 2871/18000, time remaining: 26m 35s
Rendered 2872/18000, time remaining: 26m 26s
Rendered 2873/18000, time remaining: 26m 13s
Rendered 2874/18000, time remaining: 26m 39s
Rendered 2875/18000, time remaining: 26m 34s
Rendered 2876/18000, time remaining: 26m 33s
Rendered 2877/18000, time remaining: 25m 59s
Rendered 2878/18000, time remaining: 26m 30s
Rendered 2879/18000, time remaining: 26m 23s
Rendered 2880/18000, time remaining: 26m 22s
Rendered 2881/18000, time remaining: 25m 56s
Rendered 2882/18000, time remaining: 26m 16s
Rendered 2883/18000, time remaining: 26m 18s
Rendered 2884/18000, time remaining: 26m 18s
Rendered 2885/18000, time remaining: 26m 2s
Rendered 2886/18000, time remaining: 25m 41s
Rendered 2887/18000, time remaining: 25m 48s
Rendered 2888/18000, time remaining: 25m 51s
Rendered 2889/18000, time remaining: 25m 52s
Rendered 2890/18000, time remaining: 25m 9s
Rendered 2891/18000, time remaining: 25m 13s
Rendered 2892/18000, time remaining: 25m 18s
Rendered 2893/18000, time remaining: 25m 26s
Rendered 2894/18000, time remaining: 24m 55s
Rendered 2895/18000, time remaining: 24m 53s
Rendered 2896/18000, time remaining: 24m 52s
Rendered 2897/18000, time remaining: 25m 3s
Rendered 2898/18000, time remaining: 24m 46s
Rendered 2899/18000, time remaining: 24m 44s
Rendered 2900/18000, time remaining: 24m 44s
Rendered 2901/18000, time remaining: 24m 43s
Rendered 2902/18000, time remaining: 24m 37s
Rendered 2903/18000, time remaining: 24m 31s
Rendered 2904/18000, time remaining: 24m 39s
Rendered 2905/18000, time remaining: 24m 37s
Rendered 2906/18000, time remaining: 24m 34s
Rendered 2907/18000, time remaining: 24m 32s
Rendered 2908/18000, time remaining: 24m 33s
Rendered 2909/18000, time remaining: 24m 22s
Rendered 2910/18000, time remaining: 24m 26s
Rendered 2911/18000, time remaining: 24m 17s
Rendered 2912/18000, time remaining: 24m 7s
Rendered 2913/18000, time remaining: 23m 51s
Rendered 2914/18000, time remaining: 23m 52s
Rendered 2915/18000, time remaining: 23m 53s
Rendered 2916/18000, time remaining: 23m 53s
Rendered 2917/18000, time remaining: 23m 31s
Rendered 2918/18000, time remaining: 23m 27s
Rendered 2919/18000, time remaining: 23m 20s
Rendered 2920/18000, time remaining: 23m 35s
Rendered 2921/18000, time remaining: 23m 33s
Rendered 2922/18000, time remaining: 23m 32s
Rendered 2923/18000, time remaining: 23m 21s
Rendered 2924/18000, time remaining: 23m 26s
Rendered 2925/18000, time remaining: 23m 35s
Rendered 2926/18000, time remaining: 23m 40s
Rendered 2927/18000, time remaining: 23m 22s
Rendered 2928/18000, time remaining: 23m 23s
Rendered 2929/18000, time remaining: 23m 24s
Rendered 2930/18000, time remaining: 23m 34s
Rendered 2931/18000, time remaining: 23m 17s
Rendered 2932/18000, time remaining: 23m 20s
Rendered 2933/18000, time remaining: 23m 23s
Rendered 2934/18000, time remaining: 23m 28s
Rendered 2935/18000, time remaining: 23m 2s
Rendered 2936/18000, time remaining: 23m 14s
Rendered 2937/18000, time remaining: 23m 13s
Rendered 2938/18000, time remaining: 23m 17s
Rendered 2939/18000, time remaining: 23m 0s
Rendered 2940/18000, time remaining: 23m 6s
Rendered 2941/18000, time remaining: 23m 3s
Rendered 2942/18000, time remaining: 23m 1s
Rendered 2943/18000, time remaining: 23m 0s
Rendered 2944/18000, time remaining: 23m 6s
Rendered 2945/18000, time remaining: 23m 4s
Rendered 2946/18000, time remaining: 22m 55s
Rendered 2947/18000, time remaining: 22m 54s
Rendered 2948/18000, time remaining: 23m 10s
Rendered 2949/18000, time remaining: 23m 4s
Rendered 2950/18000, time remaining: 23m 1s
Rendered 2951/18000, time remaining: 23m 1s
Rendered 2952/18000, time remaining: 23m 18s
Rendered 2953/18000, time remaining: 22m 52s
Rendered 2954/18000, time remaining: 22m 51s
Rendered 2955/18000, time remaining: 22m 46s
Rendered 2956/18000, time remaining: 23m 18s
Rendered 2957/18000, time remaining: 22m 56s
Rendered 2958/18000, time remaining: 22m 53s
Rendered 2959/18000, time remaining: 22m 48s
Rendered 2960/18000, time remaining: 23m 16s
Rendered 2961/18000, time remaining: 23m 8s
Rendered 2962/18000, time remaining: 23m 3s
Rendered 2963/18000, time remaining: 22m 57s
Rendered 2964/18000, time remaining: 23m 13s
Rendered 2965/18000, time remaining: 23m 11s
Rendered 2966/18000, time remaining: 23m 8s
Rendered 2967/18000, time remaining: 23m 2s
Rendered 2968/18000, time remaining: 23m 4s
Rendered 2969/18000, time remaining: 23m 10s
Rendered 2970/18000, time remaining: 23m 13s
Rendered 2971/18000, time remaining: 23m 10s
Rendered 2972/18000, time remaining: 23m 6s
Rendered 2973/18000, time remaining: 23m 9s
Rendered 2974/18000, time remaining: 23m 12s
Rendered 2975/18000, time remaining: 23m 7s
Rendered 2976/18000, time remaining: 23m 13s
Rendered 2977/18000, time remaining: 23m 10s
Rendered 2978/18000, time remaining: 23m 14s
Rendered 2979/18000, time remaining: 23m 13s
Rendered 2980/18000, time remaining: 23m 14s
Rendered 2981/18000, time remaining: 23m 12s
Rendered 2982/18000, time remaining: 23m 9s
Rendered 2983/18000, time remaining: 23m 13s
Rendered 2984/18000, time remaining: 23m 11s
Rendered 2985/18000, time remaining: 23m 13s
Rendered 2986/18000, time remaining: 23m 0s
Rendered 2987/18000, time remaining: 23m 3s
Rendered 2988/18000, time remaining: 23m 3s
Rendered 2989/18000, time remaining: 23m 6s
Rendered 2990/18000, time remaining: 22m 49s
Rendered 2991/18000, time remaining: 23m 1s
Rendered 2992/18000, time remaining: 23m 5s
Rendered 2993/18000, time remaining: 23m 6s
Rendered 2994/18000, time remaining: 22m 51s
Rendered 2995/18000, time remaining: 22m 59s
Rendered 2996/18000, time remaining: 23m 0s
Rendered 2997/18000, time remaining: 23m 5s
Rendered 2998/18000, time remaining: 22m 55s
Rendered 2999/18000, time remaining: 22m 56s
Rendered 3000/18000, time remaining: 22m 57s
Rendered 3001/18000, time remaining: 23m 2s
Rendered 3002/18000, time remaining: 23m 6s
Rendered 3003/18000, time remaining: 22m 59s
Rendered 3004/18000, time remaining: 23m 19s
Rendered 3005/18000, time remaining: 23m 23s
Rendered 3006/18000, time remaining: 23m 19s
Rendered 3007/18000, time remaining: 23m 14s
Rendered 3008/18000, time remaining: 23m 29s
Rendered 3009/18000, time remaining: 23m 26s
Rendered 3010/18000, time remaining: 23m 26s
Rendered 3011/18000, time remaining: 23m 22s
Rendered 3012/18000, time remaining: 23m 23s
Rendered 3013/18000, time remaining: 23m 25s
Rendered 3014/18000, time remaining: 23m 29s
Rendered 3015/18000, time remaining: 23m 28s
Rendered 3016/18000, time remaining: 23m 5s
Rendered 3017/18000, time remaining: 23m 8s
Rendered 3018/18000, time remaining: 23m 14s
Rendered 3019/18000, time remaining: 23m 12s
Rendered 3020/18000, time remaining: 22m 52s
Rendered 3021/18000, time remaining: 23m 0s
Rendered 3022/18000, time remaining: 23m 7s
Rendered 3023/18000, time remaining: 22m 59s
Rendered 3024/18000, time remaining: 22m 41s
Rendered 3025/18000, time remaining: 22m 56s
Rendered 3026/18000, time remaining: 23m 3s
Rendered 3027/18000, time remaining: 23m 2s
Rendered 3028/18000, time remaining: 22m 36s
Rendered 3029/18000, time remaining: 22m 45s
Rendered 3030/18000, time remaining: 22m 52s
Rendered 3031/18000, time remaining: 22m 55s
Rendered 3032/18000, time remaining: 22m 30s
Rendered 3033/18000, time remaining: 22m 43s
Rendered 3034/18000, time remaining: 22m 46s
Rendered 3035/18000, time remaining: 22m 41s
Rendered 3036/18000, time remaining: 22m 38s
Rendered 3037/18000, time remaining: 22m 33s
Rendered 3038/18000, time remaining: 22m 46s
Rendered 3039/18000, time remaining: 22m 51s
Rendered 3040/18000, time remaining: 22m 52s
Rendered 3041/18000, time remaining: 22m 46s
Rendered 3042/18000, time remaining: 22m 53s
Rendered 3043/18000, time remaining: 22m 57s
Rendered 3044/18000, time remaining: 22m 54s
Rendered 3045/18000, time remaining: 22m 59s
Rendered 3046/18000, time remaining: 23m 12s
Rendered 3047/18000, time remaining: 23m 5s
Rendered 3048/18000, time remaining: 23m 6s
Rendered 3049/18000, time remaining: 23m 1s
Rendered 3050/18000, time remaining: 23m 3s
Rendered 3051/18000, time remaining: 23m 6s
Rendered 3052/18000, time remaining: 23m 16s
Rendered 3053/18000, time remaining: 23m 8s
Rendered 3054/18000, time remaining: 22m 58s
Rendered 3055/18000, time remaining: 23m 1s
Rendered 3056/18000, time remaining: 23m 11s
Rendered 3057/18000, time remaining: 23m 10s
Rendered 3058/18000, time remaining: 22m 57s
Rendered 3059/18000, time remaining: 22m 56s
Rendered 3060/18000, time remaining: 23m 10s
Rendered 3061/18000, time remaining: 23m 13s
Rendered 3062/18000, time remaining: 23m 5s
Rendered 3063/18000, time remaining: 23m 1s
Rendered 3064/18000, time remaining: 23m 13s
Rendered 3065/18000, time remaining: 23m 15s
Rendered 3066/18000, time remaining: 23m 9s
Rendered 3067/18000, time remaining: 23m 9s
Rendered 3068/18000, time remaining: 23m 14s
Rendered 3069/18000, time remaining: 23m 19s
Rendered 3070/18000, time remaining: 23m 10s
Rendered 3071/18000, time remaining: 23m 13s
Rendered 3072/18000, time remaining: 23m 16s
Rendered 3073/18000, time remaining: 23m 18s
Rendered 3074/18000, time remaining: 23m 15s
Rendered 3075/18000, time remaining: 23m 5s
Rendered 3076/18000, time remaining: 23m 12s
Rendered 3077/18000, time remaining: 23m 13s
Rendered 3078/18000, time remaining: 23m 19s
Rendered 3079/18000, time remaining: 23m 11s
Rendered 3080/18000, time remaining: 23m 8s
Rendered 3081/18000, time remaining: 23m 13s
Rendered 3082/18000, time remaining: 23m 20s
Rendered 3083/18000, time remaining: 23m 24s
Rendered 3084/18000, time remaining: 23m 17s
Rendered 3085/18000, time remaining: 23m 15s
Rendered 3086/18000, time remaining: 23m 31s
Rendered 3087/18000, time remaining: 23m 34s
Rendered 3088/18000, time remaining: 23m 29s
Rendered 3089/18000, time remaining: 23m 23s
Rendered 3090/18000, time remaining: 23m 38s
Rendered 3091/18000, time remaining: 23m 40s
Rendered 3092/18000, time remaining: 23m 36s
Rendered 3093/18000, time remaining: 23m 30s
Rendered 3094/18000, time remaining: 23m 43s
Rendered 3095/18000, time remaining: 23m 43s
Rendered 3096/18000, time remaining: 23m 49s
Rendered 3097/18000, time remaining: 23m 42s
Rendered 3098/18000, time remaining: 23m 39s
Rendered 3099/18000, time remaining: 23m 38s
Rendered 3100/18000, time remaining: 23m 44s
Rendered 3101/18000, time remaining: 23m 37s
Rendered 3102/18000, time remaining: 23m 35s
Rendered 3103/18000, time remaining: 23m 34s
Rendered 3104/18000, time remaining: 23m 38s
Rendered 3105/18000, time remaining: 23m 43s
Rendered 3106/18000, time remaining: 23m 23s
Rendered 3107/18000, time remaining: 23m 25s
Rendered 3108/18000, time remaining: 23m 30s
Rendered 3109/18000, time remaining: 23m 29s
Rendered 3110/18000, time remaining: 23m 7s
Rendered 3111/18000, time remaining: 23m 11s
Rendered 3112/18000, time remaining: 23m 19s
Rendered 3113/18000, time remaining: 23m 21s
Rendered 3114/18000, time remaining: 23m 5s
Rendered 3115/18000, time remaining: 23m 2s
Rendered 3116/18000, time remaining: 23m 13s
Rendered 3117/18000, time remaining: 23m 12s
Rendered 3118/18000, time remaining: 23m 11s
Rendered 3119/18000, time remaining: 22m 58s
Rendered 3120/18000, time remaining: 23m 6s
Rendered 3121/18000, time remaining: 23m 8s
Rendered 3122/18000, time remaining: 23m 4s
Rendered 3123/18000, time remaining: 22m 51s
Rendered 3124/18000, time remaining: 22m 52s
Rendered 3125/18000, time remaining: 23m 9s
Rendered 3126/18000, time remaining: 23m 2s
Rendered 3127/18000, time remaining: 22m 52s
Rendered 3128/18000, time remaining: 22m 45s
Rendered 3129/18000, time remaining: 23m 3s
Rendered 3130/18000, time remaining: 23m 2s
Rendered 3131/18000, time remaining: 22m 58s
Rendered 3132/18000, time remaining: 22m 46s
Rendered 3133/18000, time remaining: 23m 3s
Rendered 3134/18000, time remaining: 23m 3s
Rendered 3135/18000, time remaining: 22m 59s
Rendered 3136/18000, time remaining: 22m 46s
Rendered 3137/18000, time remaining: 23m 8s
Rendered 3138/18000, time remaining: 23m 7s
Rendered 3139/18000, time remaining: 23m 3s
Rendered 3140/18000, time remaining: 23m 2s
Rendered 3141/18000, time remaining: 23m 11s
Rendered 3142/18000, time remaining: 23m 9s
Rendered 3143/18000, time remaining: 23m 9s
Rendered 3144/18000, time remaining: 23m 3s
Rendered 3145/18000, time remaining: 23m 10s
Rendered 3146/18000, time remaining: 23m 11s
Rendered 3147/18000, time remaining: 23m 5s
Rendered 3148/18000, time remaining: 23m 12s
Rendered 3149/18000, time remaining: 22m 58s
Rendered 3150/18000, time remaining: 23m 1s
Rendered 3151/18000, time remaining: 22m 58s
Rendered 3152/18000, time remaining: 22m 57s
Rendered 3153/18000, time remaining: 22m 49s
Rendered 3154/18000, time remaining: 22m 33s
Rendered 3155/18000, time remaining: 22m 37s
Rendered 3156/18000, time remaining: 22m 43s
Rendered 3157/18000, time remaining: 22m 37s
Rendered 3158/18000, time remaining: 22m 21s
Rendered 3159/18000, time remaining: 22m 31s
Rendered 3160/18000, time remaining: 22m 33s
Rendered 3161/18000, time remaining: 22m 35s
Rendered 3162/18000, time remaining: 22m 21s
Rendered 3163/18000, time remaining: 22m 27s
Rendered 3164/18000, time remaining: 22m 29s
Rendered 3165/18000, time remaining: 22m 30s
Rendered 3166/18000, time remaining: 22m 19s
Rendered 3167/18000, time remaining: 22m 20s
Rendered 3168/18000, time remaining: 22m 25s
Rendered 3169/18000, time remaining: 22m 31s
Rendered 3170/18000, time remaining: 22m 19s
Rendered 3171/18000, time remaining: 22m 15s
Rendered 3172/18000, time remaining: 22m 20s
Rendered 3173/18000, time remaining: 22m 27s
Rendered 3174/18000, time remaining: 22m 23s
Rendered 3175/18000, time remaining: 22m 14s
Rendered 3176/18000, time remaining: 22m 8s
Rendered 3177/18000, time remaining: 22m 16s
Rendered 3178/18000, time remaining: 22m 22s
Rendered 3179/18000, time remaining: 22m 17s
Rendered 3180/18000, time remaining: 22m 14s
Rendered 3181/18000, time remaining: 22m 17s
Rendered 3182/18000, time remaining: 22m 16s
Rendered 3183/18000, time remaining: 22m 6s
Rendered 3184/18000, time remaining: 22m 10s
Rendered 3185/18000, time remaining: 22m 13s
Rendered 3186/18000, time remaining: 22m 11s
Rendered 3187/18000, time remaining: 22m 9s
Rendered 3188/18000, time remaining: 21m 58s
Rendered 3189/18000, time remaining: 21m 57s
Rendered 3190/18000, time remaining: 21m 58s
Rendered 3191/18000, time remaining: 22m 3s
Rendered 3192/18000, time remaining: 21m 54s
Rendered 3193/18000, time remaining: 21m 46s
Rendered 3194/18000, time remaining: 21m 54s
Rendered 3195/18000, time remaining: 21m 54s
Rendered 3196/18000, time remaining: 21m 41s
Rendered 3197/18000, time remaining: 21m 41s
Rendered 3198/18000, time remaining: 21m 43s
Rendered 3199/18000, time remaining: 21m 49s
Rendered 3200/18000, time remaining: 21m 45s
Rendered 3201/18000, time remaining: 21m 41s
Rendered 3202/18000, time remaining: 21m 33s
Rendered 3203/18000, time remaining: 21m 39s
Rendered 3204/18000, time remaining: 21m 41s
Rendered 3205/18000, time remaining: 21m 35s
Rendered 3206/18000, time remaining: 21m 28s
Rendered 3207/18000, time remaining: 21m 25s
Rendered 3208/18000, time remaining: 21m 41s
Rendered 3209/18000, time remaining: 21m 37s
Rendered 3210/18000, time remaining: 21m 25s
Rendered 3211/18000, time remaining: 21m 21s
Rendered 3212/18000, time remaining: 21m 35s
Rendered 3213/18000, time remaining: 21m 37s
Rendered 3214/18000, time remaining: 21m 23s
Rendered 3215/18000, time remaining: 21m 17s
Rendered 3216/18000, time remaining: 21m 23s
Rendered 3217/18000, time remaining: 21m 32s
Rendered 3218/18000, time remaining: 21m 29s
Rendered 3219/18000, time remaining: 21m 29s
Rendered 3220/18000, time remaining: 21m 25s
Rendered 3221/18000, time remaining: 21m 23s
Rendered 3222/18000, time remaining: 21m 29s
Rendered 3223/18000, time remaining: 21m 34s
Rendered 3224/18000, time remaining: 21m 31s
Rendered 3225/18000, time remaining: 21m 32s
Rendered 3226/18000, time remaining: 21m 19s
Rendered 3227/18000, time remaining: 21m 32s
Rendered 3228/18000, time remaining: 21m 25s
Rendered 3229/18000, time remaining: 21m 32s
Rendered 3230/18000, time remaining: 21m 24s
Rendered 3231/18000, time remaining: 21m 31s
Rendered 3232/18000, time remaining: 21m 19s
Rendered 3233/18000, time remaining: 21m 17s
Rendered 3234/18000, time remaining: 21m 17s
Rendered 3235/18000, time remaining: 21m 37s
Rendered 3236/18000, time remaining: 21m 9s
Rendered 3237/18000, time remaining: 21m 5s
Rendered 3238/18000, time remaining: 21m 4s
Rendered 3239/18000, time remaining: 21m 32s
Rendered 3240/18000, time remaining: 21m 11s
Rendered 3241/18000, time remaining: 21m 9s
Rendered 3242/18000, time remaining: 21m 12s
Rendered 3243/18000, time remaining: 21m 23s
Rendered 3244/18000, time remaining: 21m 1s
Rendered 3245/18000, time remaining: 21m 2s
Rendered 3246/18000, time remaining: 21m 3s
Rendered 3247/18000, time remaining: 21m 22s
Rendered 3248/18000, time remaining: 21m 3s
Rendered 3249/18000, time remaining: 21m 4s
Rendered 3250/18000, time remaining: 21m 3s
Rendered 3251/18000, time remaining: 21m 18s
Rendered 3252/18000, time remaining: 21m 0s
Rendered 3253/18000, time remaining: 21m 1s
Rendered 3254/18000, time remaining: 21m 1s
Rendered 3255/18000, time remaining: 21m 10s
Rendered 3256/18000, time remaining: 21m 1s
Rendered 3257/18000, time remaining: 20m 59s
Rendered 3258/18000, time remaining: 20m 59s
Rendered 3259/18000, time remaining: 21m 8s
Rendered 3260/18000, time remaining: 21m 11s
Rendered 3261/18000, time remaining: 21m 8s
Rendered 3262/18000, time remaining: 20m 59s
Rendered 3263/18000, time remaining: 21m 5s
Rendered 3264/18000, time remaining: 21m 11s
Rendered 3265/18000, time remaining: 21m 11s
Rendered 3266/18000, time remaining: 20m 59s
Rendered 3267/18000, time remaining: 21m 3s
Rendered 3268/18000, time remaining: 21m 11s
Rendered 3269/18000, time remaining: 21m 11s
Rendered 3270/18000, time remaining: 21m 5s
Rendered 3271/18000, time remaining: 21m 1s
Rendered 3272/18000, time remaining: 21m 9s
Rendered 3273/18000, time remaining: 21m 25s
Rendered 3274/18000, time remaining: 21m 22s
Rendered 3275/18000, time remaining: 21m 7s
Rendered 3276/18000, time remaining: 21m 13s
Rendered 3277/18000, time remaining: 21m 31s
Rendered 3278/18000, time remaining: 21m 42s
Rendered 3279/18000, time remaining: 21m 21s
Rendered 3280/18000, time remaining: 21m 19s
Rendered 3281/18000, time remaining: 21m 47s
Rendered 3282/18000, time remaining: 21m 50s
Rendered 3283/18000, time remaining: 21m 34s
Rendered 3284/18000, time remaining: 21m 35s
Rendered 3285/18000, time remaining: 21m 53s
Rendered 3286/18000, time remaining: 22m 7s
Rendered 3287/18000, time remaining: 21m 40s
Rendered 3288/18000, time remaining: 21m 49s
Rendered 3289/18000, time remaining: 21m 53s
Rendered 3290/18000, time remaining: 22m 12s
Rendered 3291/18000, time remaining: 21m 50s
Rendered 3292/18000, time remaining: 21m 51s
Rendered 3293/18000, time remaining: 21m 52s
Rendered 3294/18000, time remaining: 22m 5s
Rendered 3295/18000, time remaining: 22m 4s
Rendered 3296/18000, time remaining: 22m 4s
Rendered 3297/18000, time remaining: 22m 10s
Rendered 3298/18000, time remaining: 22m 1s
Rendered 3299/18000, time remaining: 22m 20s
Rendered 3300/18000, time remaining: 22m 16s
Rendered 3301/18000, time remaining: 22m 25s
Rendered 3302/18000, time remaining: 22m 22s
Rendered 3303/18000, time remaining: 22m 30s
Rendered 3304/18000, time remaining: 22m 32s
Rendered 3305/18000, time remaining: 22m 36s
Rendered 3306/18000, time remaining: 22m 31s
Rendered 3307/18000, time remaining: 22m 37s
Rendered 3308/18000, time remaining: 22m 38s
Rendered 3309/18000, time remaining: 22m 43s
Rendered 3310/18000, time remaining: 22m 41s
Rendered 3311/18000, time remaining: 22m 41s
Rendered 3312/18000, time remaining: 22m 41s
Rendered 3313/18000, time remaining: 22m 56s
Rendered 3314/18000, time remaining: 22m 47s
Rendered 3315/18000, time remaining: 22m 52s
Rendered 3316/18000, time remaining: 22m 51s
Rendered 3317/18000, time remaining: 23m 7s
Rendered 3318/18000, time remaining: 22m 59s
Rendered 3319/18000, time remaining: 22m 59s
Rendered 3320/18000, time remaining: 23m 7s
Rendered 3321/18000, time remaining: 23m 25s
Rendered 3322/18000, time remaining: 23m 16s
Rendered 3323/18000, time remaining: 23m 15s
Rendered 3324/18000, time remaining: 23m 15s
Rendered 3325/18000, time remaining: 23m 38s
Rendered 3326/18000, time remaining: 23m 39s
Rendered 3327/18000, time remaining: 23m 33s
Rendered 3328/18000, time remaining: 23m 26s
Rendered 3329/18000, time remaining: 23m 55s
Rendered 3330/18000, time remaining: 23m 51s
Rendered 3331/18000, time remaining: 23m 51s
Rendered 3332/18000, time remaining: 23m 48s
Rendered 3333/18000, time remaining: 24m 9s
Rendered 3334/18000, time remaining: 24m 4s
Rendered 3335/18000, time remaining: 24m 6s
Rendered 3336/18000, time remaining: 24m 0s
Rendered 3337/18000, time remaining: 24m 25s
Rendered 3338/18000, time remaining: 24m 37s
Rendered 3339/18000, time remaining: 24m 29s
Rendered 3340/18000, time remaining: 24m 36s
Rendered 3341/18000, time remaining: 24m 43s
Rendered 3342/18000, time remaining: 24m 50s
Rendered 3343/18000, time remaining: 24m 46s
Rendered 3344/18000, time remaining: 24m 53s
Rendered 3345/18000, time remaining: 24m 59s
Rendered 3346/18000, time remaining: 25m 5s
Rendered 3347/18000, time remaining: 25m 2s
Rendered 3348/18000, time remaining: 25m 21s
Rendered 3349/18000, time remaining: 25m 20s
Rendered 3350/18000, time remaining: 25m 26s
Rendered 3351/18000, time remaining: 25m 20s
Rendered 3352/18000, time remaining: 25m 40s
Rendered 3353/18000, time remaining: 25m 45s
Rendered 3354/18000, time remaining: 25m 44s
Rendered 3355/18000, time remaining: 25m 46s
Rendered 3356/18000, time remaining: 26m 3s
Rendered 3357/18000, time remaining: 26m 9s
Rendered 3358/18000, time remaining: 25m 56s
Rendered 3359/18000, time remaining: 26m 4s
Rendered 3360/18000, time remaining: 26m 21s
Rendered 3361/18000, time remaining: 26m 27s
Rendered 3362/18000, time remaining: 26m 10s
Rendered 3363/18000, time remaining: 26m 10s
Rendered 3364/18000, time remaining: 26m 35s
Rendered 3365/18000, time remaining: 26m 35s
Rendered 3366/18000, time remaining: 26m 36s
Rendered 3367/18000, time remaining: 26m 22s
Rendered 3368/18000, time remaining: 26m 49s
Rendered 3369/18000, time remaining: 26m 42s
Rendered 3370/18000, time remaining: 26m 45s
Rendered 3371/18000, time remaining: 26m 42s
Rendered 3372/18000, time remaining: 26m 59s
Rendered 3373/18000, time remaining: 26m 52s
Rendered 3374/18000, time remaining: 26m 51s
Rendered 3375/18000, time remaining: 26m 47s
Rendered 3376/18000, time remaining: 27m 13s
Rendered 3377/18000, time remaining: 27m 2s
Rendered 3378/18000, time remaining: 27m 5s
Rendered 3379/18000, time remaining: 26m 58s
Rendered 3380/18000, time remaining: 27m 26s
Rendered 3381/18000, time remaining: 27m 20s
Rendered 3382/18000, time remaining: 27m 20s
Rendered 3383/18000, time remaining: 27m 16s
Rendered 3384/18000, time remaining: 27m 30s
Rendered 3385/18000, time remaining: 27m 32s
Rendered 3386/18000, time remaining: 27m 35s
Rendered 3387/18000, time remaining: 27m 36s
Rendered 3388/18000, time remaining: 27m 37s
Rendered 3389/18000, time remaining: 27m 34s
Rendered 3390/18000, time remaining: 27m 44s
Rendered 3391/18000, time remaining: 27m 48s
Rendered 3392/18000, time remaining: 27m 46s
Rendered 3393/18000, time remaining: 27m 42s
Rendered 3394/18000, time remaining: 27m 51s
Rendered 3395/18000, time remaining: 27m 54s
Rendered 3396/18000, time remaining: 27m 51s
Rendered 3397/18000, time remaining: 27m 47s
Rendered 3398/18000, time remaining: 27m 50s
Rendered 3399/18000, time remaining: 27m 54s
Rendered 3400/18000, time remaining: 28m 21s
Rendered 3401/18000, time remaining: 28m 12s
Rendered 3402/18000, time remaining: 28m 8s
Rendered 3403/18000, time remaining: 28m 13s
Rendered 3404/18000, time remaining: 28m 35s
Rendered 3405/18000, time remaining: 28m 26s
Rendered 3406/18000, time remaining: 28m 22s
Rendered 3407/18000, time remaining: 28m 46s
Rendered 3408/18000, time remaining: 28m 43s
Rendered 3409/18000, time remaining: 28m 41s
Rendered 3410/18000, time remaining: 28m 33s
Rendered 3411/18000, time remaining: 28m 55s
Rendered 3412/18000, time remaining: 29m 0s
Rendered 3413/18000, time remaining: 28m 53s
Rendered 3414/18000, time remaining: 28m 44s
Rendered 3415/18000, time remaining: 28m 58s
Rendered 3416/18000, time remaining: 29m 17s
Rendered 3417/18000, time remaining: 29m 13s
Rendered 3418/18000, time remaining: 29m 2s
Rendered 3419/18000, time remaining: 29m 1s
Rendered 3420/18000, time remaining: 29m 20s
Rendered 3421/18000, time remaining: 29m 21s
Rendered 3422/18000, time remaining: 29m 16s
Rendered 3423/18000, time remaining: 29m 2s
Rendered 3424/18000, time remaining: 29m 22s
Rendered 3425/18000, time remaining: 29m 24s
Rendered 3426/18000, time remaining: 29m 23s
Rendered 3427/18000, time remaining: 29m 6s
Rendered 3428/18000, time remaining: 29m 14s
Rendered 3429/18000, time remaining: 29m 18s
Rendered 3430/18000, time remaining: 29m 26s
Rendered 3431/18000, time remaining: 29m 4s
Rendered 3432/18000, time remaining: 29m 5s
Rendered 3433/18000, time remaining: 29m 9s
Rendered 3434/18000, time remaining: 29m 12s
Rendered 3435/18000, time remaining: 29m 0s
Rendered 3436/18000, time remaining: 28m 59s
Rendered 3437/18000, time remaining: 29m 15s
Rendered 3438/18000, time remaining: 29m 10s
Rendered 3439/18000, time remaining: 29m 6s
Rendered 3440/18000, time remaining: 28m 49s
Rendered 3441/18000, time remaining: 29m 3s
Rendered 3442/18000, time remaining: 29m 10s
Rendered 3443/18000, time remaining: 29m 12s
Rendered 3444/18000, time remaining: 28m 59s
Rendered 3445/18000, time remaining: 28m 52s
Rendered 3446/18000, time remaining: 29m 2s
Rendered 3447/18000, time remaining: 29m 4s
Rendered 3448/18000, time remaining: 29m 2s
Rendered 3449/18000, time remaining: 29m 2s
Rendered 3450/18000, time remaining: 29m 6s
Rendered 3451/18000, time remaining: 28m 58s
Rendered 3452/18000, time remaining: 29m 3s
Rendered 3453/18000, time remaining: 29m 1s
Rendered 3454/18000, time remaining: 28m 56s
Rendered 3455/18000, time remaining: 28m 58s
Rendered 3456/18000, time remaining: 29m 3s
Rendered 3457/18000, time remaining: 29m 12s
Rendered 3458/18000, time remaining: 29m 7s
Rendered 3459/18000, time remaining: 29m 0s
Rendered 3460/18000, time remaining: 29m 4s
Rendered 3461/18000, time remaining: 29m 26s
Rendered 3462/18000, time remaining: 29m 22s
Rendered 3463/18000, time remaining: 29m 0s
Rendered 3464/18000, time remaining: 29m 4s
Rendered 3465/18000, time remaining: 29m 19s
Rendered 3466/18000, time remaining: 29m 19s
Rendered 3467/18000, time remaining: 29m 2s
Rendered 3468/18000, time remaining: 28m 59s
Rendered 3469/18000, time remaining: 29m 11s
Rendered 3470/18000, time remaining: 29m 8s
Rendered 3471/18000, time remaining: 28m 51s
Rendered 3472/18000, time remaining: 28m 52s
Rendered 3473/18000, time remaining: 29m 13s
Rendered 3474/18000, time remaining: 29m 13s
Rendered 3475/18000, time remaining: 28m 45s
Rendered 3476/18000, time remaining: 28m 51s
Rendered 3477/18000, time remaining: 29m 3s
Rendered 3478/18000, time remaining: 29m 16s
Rendered 3479/18000, time remaining: 28m 46s
Rendered 3480/18000, time remaining: 28m 46s
Rendered 3481/18000, time remaining: 28m 59s
Rendered 3482/18000, time remaining: 29m 10s
Rendered 3483/18000, time remaining: 28m 50s
Rendered 3484/18000, time remaining: 28m 57s
Rendered 3485/18000, time remaining: 28m 51s
Rendered 3486/18000, time remaining: 29m 4s
Rendered 3487/18000, time remaining: 28m 51s
Rendered 3488/18000, time remaining: 28m 52s
Rendered 3489/18000, time remaining: 28m 53s
Rendered 3490/18000, time remaining: 28m 43s
Rendered 3491/18000, time remaining: 28m 34s
Rendered 3492/18000, time remaining: 28m 47s
Rendered 3493/18000, time remaining: 28m 50s
Rendered 3494/18000, time remaining: 28m 42s
Rendered 3495/18000, time remaining: 28m 41s
Rendered 3496/18000, time remaining: 28m 52s
Rendered 3497/18000, time remaining: 28m 56s
Rendered 3498/18000, time remaining: 28m 29s
Rendered 3499/18000, time remaining: 28m 31s
Rendered 3500/18000, time remaining: 28m 41s
Rendered 3501/18000, time remaining: 28m 49s
Rendered 3502/18000, time remaining: 28m 32s
Rendered 3503/18000, time remaining: 28m 20s
Rendered 3504/18000, time remaining: 28m 24s
Rendered 3505/18000, time remaining: 28m 28s
Rendered 3506/18000, time remaining: 28m 21s
Rendered 3507/18000, time remaining: 28m 16s
Rendered 3508/18000, time remaining: 28m 18s
Rendered 3509/18000, time remaining: 28m 20s
Rendered 3510/18000, time remaining: 28m 18s
Rendered 3511/18000, time remaining: 28m 13s
Rendered 3512/18000, time remaining: 28m 14s
Rendered 3513/18000, time remaining: 28m 17s
Rendered 3514/18000, time remaining: 28m 18s
Rendered 3515/18000, time remaining: 28m 22s
Rendered 3516/18000, time remaining: 28m 15s
Rendered 3517/18000, time remaining: 28m 16s
Rendered 3518/18000, time remaining: 28m 14s
Rendered 3519/18000, time remaining: 28m 19s
Rendered 3520/18000, time remaining: 28m 14s
Rendered 3521/18000, time remaining: 28m 21s
Rendered 3522/18000, time remaining: 28m 3s
Rendered 3523/18000, time remaining: 28m 10s
Rendered 3524/18000, time remaining: 28m 14s
Rendered 3525/18000, time remaining: 28m 24s
Rendered 3526/18000, time remaining: 28m 0s
Rendered 3527/18000, time remaining: 28m 4s
Rendered 3528/18000, time remaining: 28m 12s
Rendered 3529/18000, time remaining: 28m 19s
Rendered 3530/18000, time remaining: 27m 56s
Rendered 3531/18000, time remaining: 27m 56s
Rendered 3532/18000, time remaining: 28m 0s
Rendered 3533/18000, time remaining: 28m 4s
Rendered 3534/18000, time remaining: 28m 8s
Rendered 3535/18000, time remaining: 27m 52s
Rendered 3536/18000, time remaining: 27m 49s
Rendered 3537/18000, time remaining: 27m 52s
Rendered 3538/18000, time remaining: 28m 16s
Rendered 3539/18000, time remaining: 27m 57s
Rendered 3540/18000, time remaining: 27m 45s
Rendered 3541/18000, time remaining: 27m 40s
Rendered 3542/18000, time remaining: 28m 18s
Rendered 3543/18000, time remaining: 28m 20s
Rendered 3544/18000, time remaining: 28m 5s
Rendered 3545/18000, time remaining: 28m 14s
Rendered 3546/18000, time remaining: 28m 32s
Rendered 3547/18000, time remaining: 28m 25s
Rendered 3548/18000, time remaining: 28m 25s
Rendered 3549/18000, time remaining: 28m 30s
Rendered 3550/18000, time remaining: 28m 3s
Rendered 3551/18000, time remaining: 28m 0s
Rendered 3552/18000, time remaining: 28m 5s
Rendered 3553/18000, time remaining: 28m 6s
Rendered 3554/18000, time remaining: 27m 46s
Rendered 3555/18000, time remaining: 27m 45s
Rendered 3556/18000, time remaining: 27m 50s
Rendered 3557/18000, time remaining: 27m 41s
Rendered 3558/18000, time remaining: 27m 39s
Rendered 3559/18000, time remaining: 27m 38s
Rendered 3560/18000, time remaining: 27m 38s
Rendered 3561/18000, time remaining: 27m 29s
Rendered 3562/18000, time remaining: 27m 28s
Rendered 3563/18000, time remaining: 27m 28s
Rendered 3564/18000, time remaining: 27m 27s
Rendered 3565/18000, time remaining: 27m 27s
Rendered 3566/18000, time remaining: 27m 12s
Rendered 3567/18000, time remaining: 27m 17s
Rendered 3568/18000, time remaining: 27m 12s
Rendered 3569/18000, time remaining: 27m 17s
Rendered 3570/18000, time remaining: 26m 59s
Rendered 3571/18000, time remaining: 27m 6s
Rendered 3572/18000, time remaining: 27m 12s
Rendered 3573/18000, time remaining: 27m 9s
Rendered 3574/18000, time remaining: 26m 52s
Rendered 3575/18000, time remaining: 26m 55s
Rendered 3576/18000, time remaining: 26m 59s
Rendered 3577/18000, time remaining: 27m 4s
Rendered 3578/18000, time remaining: 26m 45s
Rendered 3579/18000, time remaining: 26m 45s
Rendered 3580/18000, time remaining: 26m 55s
Rendered 3581/18000, time remaining: 26m 54s
Rendered 3582/18000, time remaining: 26m 45s
Rendered 3583/18000, time remaining: 26m 41s
Rendered 3584/18000, time remaining: 26m 53s
Rendered 3585/18000, time remaining: 26m 54s
Rendered 3586/18000, time remaining: 26m 40s
Rendered 3587/18000, time remaining: 26m 24s
Rendered 3588/18000, time remaining: 26m 39s
Rendered 3589/18000, time remaining: 26m 45s
Rendered 3590/18000, time remaining: 26m 39s
Rendered 3591/18000, time remaining: 26m 23s
Rendered 3592/18000, time remaining: 26m 18s
Rendered 3593/18000, time remaining: 26m 32s
Rendered 3594/18000, time remaining: 26m 36s
Rendered 3595/18000, time remaining: 26m 25s
Rendered 3596/18000, time remaining: 26m 17s
Rendered 3597/18000, time remaining: 26m 15s
Rendered 3598/18000, time remaining: 26m 28s
Rendered 3599/18000, time remaining: 26m 7s
Rendered 3600/18000, time remaining: 26m 1s
Rendered 3601/18000, time remaining: 26m 4s
Rendered 3602/18000, time remaining: 26m 12s
Rendered 3603/18000, time remaining: 26m 7s
Rendered 3604/18000, time remaining: 26m 1s
Rendered 3605/18000, time remaining: 25m 58s
Rendered 3606/18000, time remaining: 25m 58s
Rendered 3607/18000, time remaining: 25m 53s
Rendered 3608/18000, time remaining: 25m 49s
Rendered 3609/18000, time remaining: 25m 45s
Rendered 3610/18000, time remaining: 25m 47s
Rendered 3611/18000, time remaining: 25m 37s
Rendered 3612/18000, time remaining: 25m 39s
Rendered 3613/18000, time remaining: 25m 39s
Rendered 3614/18000, time remaining: 25m 40s
Rendered 3615/18000, time remaining: 25m 33s
Rendered 3616/18000, time remaining: 25m 41s
Rendered 3617/18000, time remaining: 25m 38s
Rendered 3618/18000, time remaining: 25m 46s
Rendered 3619/18000, time remaining: 25m 36s
Rendered 3620/18000, time remaining: 25m 41s
Rendered 3621/18000, time remaining: 25m 39s
Rendered 3622/18000, time remaining: 25m 35s
Rendered 3623/18000, time remaining: 25m 16s
Rendered 3624/18000, time remaining: 25m 22s
Rendered 3625/18000, time remaining: 25m 35s
Rendered 3626/18000, time remaining: 25m 27s
Rendered 3627/18000, time remaining: 25m 17s
Rendered 3628/18000, time remaining: 25m 0s
Rendered 3629/18000, time remaining: 25m 25s
Rendered 3630/18000, time remaining: 25m 28s
Rendered 3631/18000, time remaining: 25m 10s
Rendered 3632/18000, time remaining: 25m 2s
Rendered 3633/18000, time remaining: 25m 13s
Rendered 3634/18000, time remaining: 25m 6s
Rendered 3635/18000, time remaining: 25m 7s
Rendered 3636/18000, time remaining: 24m 57s
Rendered 3637/18000, time remaining: 24m 53s
Rendered 3638/18000, time remaining: 24m 58s
Rendered 3639/18000, time remaining: 24m 58s
Rendered 3640/18000, time remaining: 25m 1s
Rendered 3641/18000, time remaining: 24m 58s
Rendered 3642/18000, time remaining: 24m 54s
Rendered 3643/18000, time remaining: 24m 51s
Rendered 3644/18000, time remaining: 24m 46s
Rendered 3645/18000, time remaining: 24m 38s
Rendered 3646/18000, time remaining: 24m 39s
Rendered 3647/18000, time remaining: 24m 34s
Rendered 3648/18000, time remaining: 24m 38s
Rendered 3649/18000, time remaining: 24m 34s
Rendered 3650/18000, time remaining: 24m 36s
Rendered 3651/18000, time remaining: 24m 32s
Rendered 3652/18000, time remaining: 24m 26s
Rendered 3653/18000, time remaining: 24m 29s
Rendered 3654/18000, time remaining: 24m 38s
Rendered 3655/18000, time remaining: 24m 36s
Rendered 3656/18000, time remaining: 24m 28s
Rendered 3657/18000, time remaining: 24m 28s
Rendered 3658/18000, time remaining: 24m 29s
Rendered 3659/18000, time remaining: 24m 29s
Rendered 3660/18000, time remaining: 24m 20s
Rendered 3661/18000, time remaining: 24m 22s
Rendered 3662/18000, time remaining: 24m 22s
Rendered 3663/18000, time remaining: 24m 21s
Rendered 3664/18000, time remaining: 24m 12s
Rendered 3665/18000, time remaining: 24m 12s
Rendered 3666/18000, time remaining: 24m 11s
Rendered 3667/18000, time remaining: 24m 13s
Rendered 3668/18000, time remaining: 24m 4s
Rendered 3669/18000, time remaining: 24m 9s
Rendered 3670/18000, time remaining: 24m 9s
Rendered 3671/18000, time remaining: 24m 6s
Rendered 3672/18000, time remaining: 24m 5s
Rendered 3673/18000, time remaining: 24m 4s
Rendered 3674/18000, time remaining: 24m 4s
Rendered 3675/18000, time remaining: 23m 59s
Rendered 3676/18000, time remaining: 24m 21s
Rendered 3677/18000, time remaining: 24m 8s
Rendered 3678/18000, time remaining: 24m 4s
Rendered 3679/18000, time remaining: 23m 58s
Rendered 3680/18000, time remaining: 24m 16s
Rendered 3681/18000, time remaining: 24m 8s
Rendered 3682/18000, time remaining: 24m 7s
Rendered 3683/18000, time remaining: 24m 11s
Rendered 3684/18000, time remaining: 24m 3s
Rendered 3685/18000, time remaining: 23m 58s
Rendered 3686/18000, time remaining: 23m 58s
Rendered 3687/18000, time remaining: 24m 12s
Rendered 3688/18000, time remaining: 23m 51s
Rendered 3689/18000, time remaining: 23m 49s
Rendered 3690/18000, time remaining: 23m 48s
Rendered 3691/18000, time remaining: 24m 9s
Rendered 3692/18000, time remaining: 23m 32s
Rendered 3693/18000, time remaining: 23m 27s
Rendered 3694/18000, time remaining: 23m 24s
Rendered 3695/18000, time remaining: 23m 26s
Rendered 3696/18000, time remaining: 23m 12s
Rendered 3697/18000, time remaining: 23m 7s
Rendered 3698/18000, time remaining: 23m 7s
Rendered 3699/18000, time remaining: 22m 58s
Rendered 3700/18000, time remaining: 23m 9s
Rendered 3701/18000, time remaining: 23m 9s
Rendered 3702/18000, time remaining: 23m 12s
Rendered 3703/18000, time remaining: 23m 4s
Rendered 3704/18000, time remaining: 23m 16s
Rendered 3705/18000, time remaining: 23m 15s
Rendered 3706/18000, time remaining: 23m 16s
Rendered 3707/18000, time remaining: 23m 1s
Rendered 3708/18000, time remaining: 23m 6s
Rendered 3709/18000, time remaining: 23m 14s
Rendered 3710/18000, time remaining: 23m 18s
Rendered 3711/18000, time remaining: 23m 0s
Rendered 3712/18000, time remaining: 23m 3s
Rendered 3713/18000, time remaining: 23m 12s
Rendered 3714/18000, time remaining: 23m 23s
Rendered 3715/18000, time remaining: 23m 5s
Rendered 3716/18000, time remaining: 23m 1s
Rendered 3717/18000, time remaining: 23m 2s
Rendered 3718/18000, time remaining: 23m 23s
Rendered 3719/18000, time remaining: 23m 19s
Rendered 3720/18000, time remaining: 23m 13s
Rendered 3721/18000, time remaining: 23m 6s
Rendered 3722/18000, time remaining: 23m 8s
Rendered 3723/18000, time remaining: 23m 24s
Rendered 3724/18000, time remaining: 23m 18s
Rendered 3725/18000, time remaining: 23m 18s
Rendered 3726/18000, time remaining: 23m 11s
Rendered 3727/18000, time remaining: 23m 22s
Rendered 3728/18000, time remaining: 23m 22s
Rendered 3729/18000, time remaining: 23m 22s
Rendered 3730/18000, time remaining: 23m 6s
Rendered 3731/18000, time remaining: 23m 10s
Rendered 3732/18000, time remaining: 23m 18s
Rendered 3733/18000, time remaining: 23m 23s
Rendered 3734/18000, time remaining: 23m 7s
Rendered 3735/18000, time remaining: 23m 6s
Rendered 3736/18000, time remaining: 23m 14s
Rendered 3737/18000, time remaining: 23m 22s
Rendered 3738/18000, time remaining: 23m 7s
Rendered 3739/18000, time remaining: 23m 5s
Rendered 3740/18000, time remaining: 23m 5s
Rendered 3741/18000, time remaining: 23m 27s
Rendered 3742/18000, time remaining: 23m 24s
Rendered 3743/18000, time remaining: 23m 7s
Rendered 3744/18000, time remaining: 23m 8s
Rendered 3745/18000, time remaining: 23m 21s
Rendered 3746/18000, time remaining: 23m 21s
Rendered 3747/18000, time remaining: 23m 20s
Rendered 3748/18000, time remaining: 23m 13s
Rendered 3749/18000, time remaining: 23m 16s
Rendered 3750/18000, time remaining: 23m 21s
Rendered 3751/18000, time remaining: 23m 16s
Rendered 3752/18000, time remaining: 23m 7s
Rendered 3753/18000, time remaining: 23m 13s
Rendered 3754/18000, time remaining: 23m 19s
Rendered 3755/18000, time remaining: 23m 12s
Rendered 3756/18000, time remaining: 23m 6s
Rendered 3757/18000, time remaining: 23m 5s
Rendered 3758/18000, time remaining: 23m 12s
Rendered 3759/18000, time remaining: 23m 16s
Rendered 3760/18000, time remaining: 23m 13s
Rendered 3761/18000, time remaining: 23m 3s
Rendered 3762/18000, time remaining: 23m 3s
Rendered 3763/18000, time remaining: 23m 3s
Rendered 3764/18000, time remaining: 23m 4s
Rendered 3765/18000, time remaining: 23m 5s
Rendered 3766/18000, time remaining: 23m 0s
Rendered 3767/18000, time remaining: 23m 1s
Rendered 3768/18000, time remaining: 22m 58s
Rendered 3769/18000, time remaining: 23m 4s
Rendered 3770/18000, time remaining: 23m 1s
Rendered 3771/18000, time remaining: 22m 56s
Rendered 3772/18000, time remaining: 23m 2s
Rendered 3773/18000, time remaining: 23m 14s
Rendered 3774/18000, time remaining: 23m 4s
Rendered 3775/18000, time remaining: 22m 55s
Rendered 3776/18000, time remaining: 22m 54s
Rendered 3777/18000, time remaining: 23m 17s
Rendered 3778/18000, time remaining: 23m 19s
Rendered 3779/18000, time remaining: 22m 51s
Rendered 3780/18000, time remaining: 22m 49s
Rendered 3781/18000, time remaining: 23m 11s
Rendered 3782/18000, time remaining: 23m 11s
Rendered 3783/18000, time remaining: 22m 55s
Rendered 3784/18000, time remaining: 22m 52s
Rendered 3785/18000, time remaining: 23m 12s
Rendered 3786/18000, time remaining: 23m 15s
Rendered 3787/18000, time remaining: 23m 8s
Rendered 3788/18000, time remaining: 22m 45s
Rendered 3789/18000, time remaining: 23m 9s
Rendered 3790/18000, time remaining: 23m 7s
Rendered 3791/18000, time remaining: 23m 8s
Rendered 3792/18000, time remaining: 22m 50s
Rendered 3793/18000, time remaining: 22m 56s
Rendered 3794/18000, time remaining: 23m 12s
Rendered 3795/18000, time remaining: 23m 15s
Rendered 3796/18000, time remaining: 22m 55s
Rendered 3797/18000, time remaining: 22m 55s
Rendered 3798/18000, time remaining: 23m 3s
Rendered 3799/18000, time remaining: 23m 20s
Rendered 3800/18000, time remaining: 23m 2s
Rendered 3801/18000, time remaining: 22m 59s
Rendered 3802/18000, time remaining: 23m 0s
Rendered 3803/18000, time remaining: 23m 5s
Rendered 3804/18000, time remaining: 23m 4s
Rendered 3805/18000, time remaining: 23m 3s
Rendered 3806/18000, time remaining: 22m 59s
Rendered 3807/18000, time remaining: 22m 57s
Rendered 3808/18000, time remaining: 23m 1s
Rendered 3809/18000, time remaining: 23m 10s
Rendered 3810/18000, time remaining: 23m 0s
Rendered 3811/18000, time remaining: 22m 57s
Rendered 3812/18000, time remaining: 22m 57s
Rendered 3813/18000, time remaining: 23m 20s
Rendered 3814/18000, time remaining: 22m 58s
Rendered 3815/18000, time remaining: 22m 54s
Rendered 3816/18000, time remaining: 22m 53s
Rendered 3817/18000, time remaining: 23m 18s
Rendered 3818/18000, time remaining: 22m 55s
Rendered 3819/18000, time remaining: 22m 49s
Rendered 3820/18000, time remaining: 22m 50s
Rendered 3821/18000, time remaining: 23m 2s
Rendered 3822/18000, time remaining: 22m 51s
Rendered 3823/18000, time remaining: 22m 46s
Rendered 3824/18000, time remaining: 22m 41s
Rendered 3825/18000, time remaining: 22m 54s
Rendered 3826/18000, time remaining: 22m 33s
Rendered 3827/18000, time remaining: 22m 35s
Rendered 3828/18000, time remaining: 22m 29s
Rendered 3829/18000, time remaining: 22m 49s
Rendered 3830/18000, time remaining: 22m 32s
Rendered 3831/18000, time remaining: 22m 35s
Rendered 3832/18000, time remaining: 22m 31s
Rendered 3833/18000, time remaining: 22m 25s
Rendered 3834/18000, time remaining: 22m 31s
Rendered 3835/18000, time remaining: 22m 31s
Rendered 3836/18000, time remaining: 22m 32s
Rendered 3837/18000, time remaining: 22m 18s
Rendered 3838/18000, time remaining: 22m 23s
Rendered 3839/18000, time remaining: 22m 33s
Rendered 3840/18000, time remaining: 22m 34s
Rendered 3841/18000, time remaining: 22m 13s
Rendered 3842/18000, time remaining: 22m 17s
Rendered 3843/18000, time remaining: 22m 36s
Rendered 3844/18000, time remaining: 22m 37s
Rendered 3845/18000, time remaining: 22m 22s
Rendered 3846/18000, time remaining: 22m 18s
Rendered 3847/18000, time remaining: 22m 38s
Rendered 3848/18000, time remaining: 22m 36s
Rendered 3849/18000, time remaining: 22m 36s
Rendered 3850/18000, time remaining: 22m 21s
Rendered 3851/18000, time remaining: 22m 40s
Rendered 3852/18000, time remaining: 22m 35s
Rendered 3853/18000, time remaining: 22m 36s
Rendered 3854/18000, time remaining: 22m 19s
Rendered 3855/18000, time remaining: 22m 37s
Rendered 3856/18000, time remaining: 22m 36s
Rendered 3857/18000, time remaining: 22m 38s
Rendered 3858/18000, time remaining: 22m 37s
Rendered 3859/18000, time remaining: 22m 39s
Rendered 3860/18000, time remaining: 22m 38s
Rendered 3861/18000, time remaining: 22m 41s
Rendered 3862/18000, time remaining: 22m 35s
Rendered 3863/18000, time remaining: 22m 33s
Rendered 3864/18000, time remaining: 22m 30s
Rendered 3865/18000, time remaining: 22m 36s
Rendered 3866/18000, time remaining: 22m 40s
Rendered 3867/18000, time remaining: 22m 34s
Rendered 3868/18000, time remaining: 22m 18s
Rendered 3869/18000, time remaining: 22m 25s
Rendered 3870/18000, time remaining: 22m 33s
Rendered 3871/18000, time remaining: 22m 38s
Rendered 3872/18000, time remaining: 22m 26s
Rendered 3873/18000, time remaining: 22m 19s
Rendered 3874/18000, time remaining: 22m 23s
Rendered 3875/18000, time remaining: 22m 21s
Rendered 3876/18000, time remaining: 22m 21s
Rendered 3877/18000, time remaining: 22m 24s
Rendered 3878/18000, time remaining: 22m 20s
Rendered 3879/18000, time remaining: 22m 19s
Rendered 3880/18000, time remaining: 22m 31s
Rendered 3881/18000, time remaining: 22m 29s
Rendered 3882/18000, time remaining: 22m 21s
Rendered 3883/18000, time remaining: 22m 16s
Rendered 3884/18000, time remaining: 22m 27s
Rendered 3885/18000, time remaining: 22m 29s
Rendered 3886/18000, time remaining: 22m 28s
Rendered 3887/18000, time remaining: 22m 18s
Rendered 3888/18000, time remaining: 22m 19s
Rendered 3889/18000, time remaining: 22m 25s
Rendered 3890/18000, time remaining: 22m 32s
Rendered 3891/18000, time remaining: 22m 14s
Rendered 3892/18000, time remaining: 22m 15s
Rendered 3893/18000, time remaining: 22m 16s
Rendered 3894/18000, time remaining: 22m 26s
Rendered 3895/18000, time remaining: 22m 14s
Rendered 3896/18000, time remaining: 22m 15s
Rendered 3897/18000, time remaining: 22m 10s
Rendered 3898/18000, time remaining: 22m 19s
Rendered 3899/18000, time remaining: 22m 18s
Rendered 3900/18000, time remaining: 22m 22s
Rendered 3901/18000, time remaining: 22m 25s
Rendered 3902/18000, time remaining: 22m 38s
Rendered 3903/18000, time remaining: 22m 28s
Rendered 3904/18000, time remaining: 22m 31s
Rendered 3905/18000, time remaining: 22m 30s
Rendered 3906/18000, time remaining: 22m 58s
Rendered 3907/18000, time remaining: 22m 50s
Rendered 3908/18000, time remaining: 22m 49s
Rendered 3909/18000, time remaining: 22m 39s
Rendered 3910/18000, time remaining: 22m 50s
Rendered 3911/18000, time remaining: 22m 47s
Rendered 3912/18000, time remaining: 22m 46s
Rendered 3913/18000, time remaining: 22m 46s
Rendered 3914/18000, time remaining: 22m 50s
Rendered 3915/18000, time remaining: 22m 44s
Rendered 3916/18000, time remaining: 22m 44s
Rendered 3917/18000, time remaining: 22m 44s
Rendered 3918/18000, time remaining: 22m 43s
Rendered 3919/18000, time remaining: 22m 36s
Rendered 3920/18000, time remaining: 22m 36s
Rendered 3921/18000, time remaining: 22m 45s
Rendered 3922/18000, time remaining: 22m 39s
Rendered 3923/18000, time remaining: 22m 25s
Rendered 3924/18000, time remaining: 22m 32s
Rendered 3925/18000, time remaining: 22m 40s
Rendered 3926/18000, time remaining: 22m 40s
Rendered 3927/18000, time remaining: 22m 20s
Rendered 3928/18000, time remaining: 22m 20s
Rendered 3929/18000, time remaining: 22m 37s
Rendered 3930/18000, time remaining: 22m 36s
Rendered 3931/18000, time remaining: 22m 19s
Rendered 3932/18000, time remaining: 22m 18s
Rendered 3933/18000, time remaining: 22m 36s
Rendered 3934/18000, time remaining: 22m 35s
Rendered 3935/18000, time remaining: 22m 20s
Rendered 3936/18000, time remaining: 22m 15s
Rendered 3937/18000, time remaining: 22m 28s
Rendered 3938/18000, time remaining: 22m 32s
Rendered 3939/18000, time remaining: 22m 11s
Rendered 3940/18000, time remaining: 22m 12s
Rendered 3941/18000, time remaining: 22m 15s
Rendered 3942/18000, time remaining: 22m 24s
Rendered 3943/18000, time remaining: 22m 22s
Rendered 3944/18000, time remaining: 22m 1s
Rendered 3945/18000, time remaining: 22m 2s
Rendered 3946/18000, time remaining: 22m 13s
Rendered 3947/18000, time remaining: 22m 22s
Rendered 3948/18000, time remaining: 22m 13s
Rendered 3949/18000, time remaining: 21m 56s
Rendered 3950/18000, time remaining: 21m 56s
Rendered 3951/18000, time remaining: 22m 9s
Rendered 3952/18000, time remaining: 22m 12s
Rendered 3953/18000, time remaining: 22m 6s
Rendered 3954/18000, time remaining: 21m 46s
Rendered 3955/18000, time remaining: 21m 47s
Rendered 3956/18000, time remaining: 22m 8s
Rendered 3957/18000, time remaining: 22m 7s
Rendered 3958/18000, time remaining: 21m 56s
Rendered 3959/18000, time remaining: 21m 42s
Rendered 3960/18000, time remaining: 22m 2s
Rendered 3961/18000, time remaining: 22m 7s
Rendered 3962/18000, time remaining: 22m 6s
Rendered 3963/18000, time remaining: 21m 37s
Rendered 3964/18000, time remaining: 21m 57s
Rendered 3965/18000, time remaining: 22m 3s
Rendered 3966/18000, time remaining: 22m 3s
Rendered 3967/18000, time remaining: 21m 40s
Rendered 3968/18000, time remaining: 21m 43s
Rendered 3969/18000, time remaining: 22m 0s
Rendered 3970/18000, time remaining: 22m 0s
Rendered 3971/18000, time remaining: 21m 46s
Rendered 3972/18000, time remaining: 21m 46s
Rendered 3973/18000, time remaining: 22m 1s
Rendered 3974/18000, time remaining: 22m 5s
Rendered 3975/18000, time remaining: 21m 47s
Rendered 3976/18000, time remaining: 21m 44s
Rendered 3977/18000, time remaining: 22m 1s
Rendered 3978/18000, time remaining: 22m 7s
Rendered 3979/18000, time remaining: 21m 52s
Rendered 3980/18000, time remaining: 21m 46s
Rendered 3981/18000, time remaining: 21m 46s
Rendered 3982/18000, time remaining: 22m 0s
Rendered 3983/18000, time remaining: 22m 3s
Rendered 3984/18000, time remaining: 21m 55s
Rendered 3985/18000, time remaining: 21m 49s
Rendered 3986/18000, time remaining: 22m 3s
Rendered 3987/18000, time remaining: 22m 9s
Rendered 3988/18000, time remaining: 22m 1s
Rendered 3989/18000, time remaining: 21m 47s
Rendered 3990/18000, time remaining: 21m 50s
Rendered 3991/18000, time remaining: 22m 16s
Rendered 3992/18000, time remaining: 22m 8s
Rendered 3993/18000, time remaining: 21m 47s
Rendered 3994/18000, time remaining: 21m 53s
Rendered 3995/18000, time remaining: 22m 13s
Rendered 3996/18000, time remaining: 22m 9s
Rendered 3997/18000, time remaining: 21m 52s
Rendered 3998/18000, time remaining: 21m 49s
Rendered 3999/18000, time remaining: 22m 7s
Rendered 4000/18000, time remaining: 22m 9s
Rendered 4001/18000, time remaining: 21m 51s
Rendered 4002/18000, time remaining: 21m 49s
Rendered 4003/18000, time remaining: 21m 55s
Rendered 4004/18000, time remaining: 22m 6s
Rendered 4005/18000, time remaining: 21m 50s
Rendered 4006/18000, time remaining: 21m 46s
Rendered 4007/18000, time remaining: 21m 49s
Rendered 4008/18000, time remaining: 21m 52s
Rendered 4009/18000, time remaining: 21m 45s
Rendered 4010/18000, time remaining: 21m 46s
Rendered 4011/18000, time remaining: 21m 42s
Rendered 4012/18000, time remaining: 21m 46s
Rendered 4013/18000, time remaining: 21m 51s
Rendered 4014/18000, time remaining: 21m 50s
Rendered 4015/18000, time remaining: 21m 44s
Rendered 4016/18000, time remaining: 21m 39s
Rendered 4017/18000, time remaining: 21m 46s
Rendered 4018/18000, time remaining: 22m 0s
Rendered 4019/18000, time remaining: 21m 54s
Rendered 4020/18000, time remaining: 21m 47s
Rendered 4021/18000, time remaining: 21m 44s
Rendered 4022/18000, time remaining: 21m 56s
Rendered 4023/18000, time remaining: 21m 54s
Rendered 4024/18000, time remaining: 21m 56s
Rendered 4025/18000, time remaining: 21m 55s
Rendered 4026/18000, time remaining: 21m 59s
Rendered 4027/18000, time remaining: 21m 46s
Rendered 4028/18000, time remaining: 21m 53s
Rendered 4029/18000, time remaining: 21m 50s
Rendered 4030/18000, time remaining: 21m 42s
Rendered 4031/18000, time remaining: 21m 42s
Rendered 4032/18000, time remaining: 21m 55s
Rendered 4033/18000, time remaining: 21m 52s
Rendered 4034/18000, time remaining: 21m 42s
Rendered 4035/18000, time remaining: 21m 42s
Rendered 4036/18000, time remaining: 21m 53s
Rendered 4037/18000, time remaining: 22m 0s
Rendered 4038/18000, time remaining: 21m 55s
Rendered 4039/18000, time remaining: 21m 44s
Rendered 4040/18000, time remaining: 21m 44s
Rendered 4041/18000, time remaining: 21m 58s
Rendered 4042/18000, time remaining: 21m 52s
Rendered 4043/18000, time remaining: 21m 53s
Rendered 4044/18000, time remaining: 21m 40s
Rendered 4045/18000, time remaining: 21m 58s
Rendered 4046/18000, time remaining: 21m 51s
Rendered 4047/18000, time remaining: 21m 57s
Rendered 4048/18000, time remaining: 21m 45s
Rendered 4049/18000, time remaining: 21m 59s
Rendered 4050/18000, time remaining: 21m 49s
Rendered 4051/18000, time remaining: 21m 43s
Rendered 4052/18000, time remaining: 21m 26s
Rendered 4053/18000, time remaining: 21m 50s
Rendered 4054/18000, time remaining: 21m 40s
Rendered 4055/18000, time remaining: 21m 35s
Rendered 4056/18000, time remaining: 21m 8s
Rendered 4057/18000, time remaining: 21m 36s
Rendered 4058/18000, time remaining: 21m 30s
Rendered 4059/18000, time remaining: 21m 35s
Rendered 4060/18000, time remaining: 21m 18s
Rendered 4061/18000, time remaining: 21m 28s
Rendered 4062/18000, time remaining: 21m 26s
Rendered 4063/18000, time remaining: 21m 29s
Rendered 4064/18000, time remaining: 21m 20s
Rendered 4065/18000, time remaining: 21m 29s
Rendered 4066/18000, time remaining: 21m 28s
Rendered 4067/18000, time remaining: 21m 25s
Rendered 4068/18000, time remaining: 21m 25s
Rendered 4069/18000, time remaining: 21m 32s
Rendered 4070/18000, time remaining: 21m 33s
Rendered 4071/18000, time remaining: 21m 24s
Rendered 4072/18000, time remaining: 21m 28s
Rendered 4073/18000, time remaining: 21m 32s
Rendered 4074/18000, time remaining: 21m 32s
Rendered 4075/18000, time remaining: 21m 19s
Rendered 4076/18000, time remaining: 21m 24s
Rendered 4077/18000, time remaining: 21m 31s
Rendered 4078/18000, time remaining: 21m 31s
Rendered 4079/18000, time remaining: 21m 18s
Rendered 4080/18000, time remaining: 21m 17s
Rendered 4081/18000, time remaining: 21m 14s
Rendered 4082/18000, time remaining: 21m 25s
Rendered 4083/18000, time remaining: 21m 9s
Rendered 4084/18000, time remaining: 21m 13s
Rendered 4085/18000, time remaining: 21m 7s
Rendered 4086/18000, time remaining: 21m 16s
Rendered 4087/18000, time remaining: 21m 9s
Rendered 4088/18000, time remaining: 21m 8s
Rendered 4089/18000, time remaining: 21m 6s
Rendered 4090/18000, time remaining: 21m 7s
Rendered 4091/18000, time remaining: 21m 5s
Rendered 4092/18000, time remaining: 21m 4s
Rendered 4093/18000, time remaining: 21m 4s
Rendered 4094/18000, time remaining: 21m 9s
Rendered 4095/18000, time remaining: 21m 4s
Rendered 4096/18000, time remaining: 20m 56s
Rendered 4097/18000, time remaining: 21m 1s
Rendered 4098/18000, time remaining: 21m 0s
Rendered 4099/18000, time remaining: 21m 0s
Rendered 4100/18000, time remaining: 21m 0s
Rendered 4101/18000, time remaining: 20m 56s
Rendered 4102/18000, time remaining: 20m 57s
Rendered 4103/18000, time remaining: 20m 59s
Rendered 4104/18000, time remaining: 21m 1s
Rendered 4105/18000, time remaining: 21m 1s
Rendered 4106/18000, time remaining: 20m 44s
Rendered 4107/18000, time remaining: 20m 51s
Rendered 4108/18000, time remaining: 20m 54s
Rendered 4109/18000, time remaining: 20m 56s
Rendered 4110/18000, time remaining: 20m 46s
Rendered 4111/18000, time remaining: 20m 48s
Rendered 4112/18000, time remaining: 20m 53s
Rendered 4113/18000, time remaining: 20m 55s
Rendered 4114/18000, time remaining: 20m 41s
Rendered 4115/18000, time remaining: 20m 39s
Rendered 4116/18000, time remaining: 20m 50s
Rendered 4117/18000, time remaining: 20m 50s
Rendered 4118/18000, time remaining: 20m 52s
Rendered 4119/18000, time remaining: 20m 33s
Rendered 4120/18000, time remaining: 20m 43s
Rendered 4121/18000, time remaining: 20m 46s
Rendered 4122/18000, time remaining: 20m 54s
Rendered 4123/18000, time remaining: 20m 35s
Rendered 4124/18000, time remaining: 20m 38s
Rendered 4125/18000, time remaining: 20m 49s
Rendered 4126/18000, time remaining: 20m 51s
Rendered 4127/18000, time remaining: 20m 37s
Rendered 4128/18000, time remaining: 20m 37s
Rendered 4129/18000, time remaining: 20m 43s
Rendered 4130/18000, time remaining: 20m 49s
Rendered 4131/18000, time remaining: 20m 45s
Rendered 4132/18000, time remaining: 20m 35s
Rendered 4133/18000, time remaining: 20m 43s
Rendered 4134/18000, time remaining: 20m 44s
Rendered 4135/18000, time remaining: 20m 45s
Rendered 4136/18000, time remaining: 20m 32s
Rendered 4137/18000, time remaining: 20m 38s
Rendered 4138/18000, time remaining: 20m 46s
Rendered 4139/18000, time remaining: 20m 49s
Rendered 4140/18000, time remaining: 20m 48s
Rendered 4141/18000, time remaining: 20m 36s
Rendered 4142/18000, time remaining: 20m 50s
Rendered 4143/18000, time remaining: 20m 53s
Rendered 4144/18000, time remaining: 20m 47s
Rendered 4145/18000, time remaining: 20m 39s
Rendered 4146/18000, time remaining: 20m 54s
Rendered 4147/18000, time remaining: 21m 1s
Rendered 4148/18000, time remaining: 21m 4s
Rendered 4149/18000, time remaining: 20m 51s
Rendered 4150/18000, time remaining: 20m 52s
Rendered 4151/18000, time remaining: 20m 57s
Rendered 4152/18000, time remaining: 21m 3s
Rendered 4153/18000, time remaining: 21m 3s
Rendered 4154/18000, time remaining: 20m 52s
Rendered 4155/18000, time remaining: 20m 51s
Rendered 4156/18000, time remaining: 20m 58s
Rendered 4157/18000, time remaining: 21m 1s
Rendered 4158/18000, time remaining: 20m 54s
Rendered 4159/18000, time remaining: 20m 54s
Rendered 4160/18000, time remaining: 20m 49s
Rendered 4161/18000, time remaining: 21m 6s
Rendered 4162/18000, time remaining: 21m 4s
Rendered 4163/18000, time remaining: 20m 55s
Rendered 4164/18000, time remaining: 20m 52s
Rendered 4165/18000, time remaining: 21m 10s
Rendered 4166/18000, time remaining: 21m 14s
Rendered 4167/18000, time remaining: 21m 10s
Rendered 4168/18000, time remaining: 20m 54s
Rendered 4169/18000, time remaining: 20m 57s
Rendered 4170/18000, time remaining: 21m 4s
Rendered 4171/18000, time remaining: 21m 10s
Rendered 4172/18000, time remaining: 21m 8s
Rendered 4173/18000, time remaining: 20m 58s
Rendered 4174/18000, time remaining: 20m 55s
Rendered 4175/18000, time remaining: 21m 4s
Rendered 4176/18000, time remaining: 21m 9s
Rendered 4177/18000, time remaining: 21m 3s
Rendered 4178/18000, time remaining: 20m 56s
Rendered 4179/18000, time remaining: 21m 13s
Rendered 4180/18000, time remaining: 21m 17s
Rendered 4181/18000, time remaining: 21m 14s
Rendered 4182/18000, time remaining: 21m 1s
Rendered 4183/18000, time remaining: 21m 9s
Rendered 4184/18000, time remaining: 21m 16s
Rendered 4185/18000, time remaining: 21m 14s
Rendered 4186/18000, time remaining: 21m 1s
Rendered 4187/18000, time remaining: 20m 57s
Rendered 4188/18000, time remaining: 21m 0s
Rendered 4189/18000, time remaining: 21m 5s
Rendered 4190/18000, time remaining: 21m 18s
Rendered 4191/18000, time remaining: 21m 1s
Rendered 4192/18000, time remaining: 21m 1s
Rendered 4193/18000, time remaining: 21m 3s
Rendered 4194/18000, time remaining: 21m 21s
Rendered 4195/18000, time remaining: 21m 3s
Rendered 4196/18000, time remaining: 21m 4s
Rendered 4197/18000, time remaining: 20m 59s
Rendered 4198/18000, time remaining: 21m 17s
Rendered 4199/18000, time remaining: 21m 3s
Rendered 4200/18000, time remaining: 21m 3s
Rendered 4201/18000, time remaining: 21m 4s
Rendered 4202/18000, time remaining: 21m 11s
Rendered 4203/18000, time remaining: 21m 5s
Rendered 4204/18000, time remaining: 21m 8s
Rendered 4205/18000, time remaining: 21m 9s
Rendered 4206/18000, time remaining: 21m 10s
Rendered 4207/18000, time remaining: 21m 2s
Rendered 4208/18000, time remaining: 21m 9s
Rendered 4209/18000, time remaining: 21m 4s
Rendered 4210/18000, time remaining: 21m 11s
Rendered 4211/18000, time remaining: 21m 8s
Rendered 4212/18000, time remaining: 21m 14s
Rendered 4213/18000, time remaining: 21m 10s
Rendered 4214/18000, time remaining: 21m 17s
Rendered 4215/18000, time remaining: 21m 12s
Rendered 4216/18000, time remaining: 21m 11s
Rendered 4217/18000, time remaining: 21m 17s
Rendered 4218/18000, time remaining: 21m 14s
Rendered 4219/18000, time remaining: 21m 6s
Rendered 4220/18000, time remaining: 21m 8s
Rendered 4221/18000, time remaining: 21m 20s
Rendered 4222/18000, time remaining: 21m 16s
Rendered 4223/18000, time remaining: 21m 9s
Rendered 4224/18000, time remaining: 21m 6s
Rendered 4225/18000, time remaining: 21m 28s
Rendered 4226/18000, time remaining: 21m 23s
Rendered 4227/18000, time remaining: 21m 13s
Rendered 4228/18000, time remaining: 21m 9s
Rendered 4229/18000, time remaining: 21m 32s
Rendered 4230/18000, time remaining: 21m 33s
Rendered 4231/18000, time remaining: 21m 35s
Rendered 4232/18000, time remaining: 21m 20s
Rendered 4233/18000, time remaining: 21m 36s
Rendered 4234/18000, time remaining: 21m 32s
Rendered 4235/18000, time remaining: 21m 36s
Rendered 4236/18000, time remaining: 21m 30s
Rendered 4237/18000, time remaining: 21m 42s
Rendered 4238/18000, time remaining: 21m 40s
Rendered 4239/18000, time remaining: 21m 45s
Rendered 4240/18000, time remaining: 21m 38s
Rendered 4241/18000, time remaining: 21m 44s
Rendered 4242/18000, time remaining: 21m 38s
Rendered 4243/18000, time remaining: 21m 52s
Rendered 4244/18000, time remaining: 21m 48s
Rendered 4245/18000, time remaining: 21m 53s
Rendered 4246/18000, time remaining: 21m 49s
Rendered 4247/18000, time remaining: 21m 54s
Rendered 4248/18000, time remaining: 21m 52s
Rendered 4249/18000, time remaining: 21m 51s
Rendered 4250/18000, time remaining: 21m 47s
Rendered 4251/18000, time remaining: 22m 2s
Rendered 4252/18000, time remaining: 22m 0s
Rendered 4253/18000, time remaining: 21m 58s
Rendered 4254/18000, time remaining: 21m 59s
Rendered 4255/18000, time remaining: 22m 19s
Rendered 4256/18000, time remaining: 22m 15s
Rendered 4257/18000, time remaining: 22m 8s
Rendered 4258/18000, time remaining: 22m 5s
Rendered 4259/18000, time remaining: 22m 24s
Rendered 4260/18000, time remaining: 22m 17s
Rendered 4261/18000, time remaining: 22m 11s
Rendered 4262/18000, time remaining: 22m 5s
Rendered 4263/18000, time remaining: 22m 20s
Rendered 4264/18000, time remaining: 22m 20s
Rendered 4265/18000, time remaining: 22m 22s
Rendered 4266/18000, time remaining: 22m 10s
Rendered 4267/18000, time remaining: 22m 13s
Rendered 4268/18000, time remaining: 22m 16s
Rendered 4269/18000, time remaining: 22m 24s
Rendered 4270/18000, time remaining: 22m 18s
Rendered 4271/18000, time remaining: 22m 15s
Rendered 4272/18000, time remaining: 22m 9s
Rendered 4273/18000, time remaining: 22m 28s
Rendered 4274/18000, time remaining: 22m 24s
Rendered 4275/18000, time remaining: 22m 12s
Rendered 4276/18000, time remaining: 22m 19s
Rendered 4277/18000, time remaining: 22m 34s
Rendered 4278/18000, time remaining: 22m 28s
Rendered 4279/18000, time remaining: 22m 18s
Rendered 4280/18000, time remaining: 22m 13s
Rendered 4281/18000, time remaining: 22m 39s
Rendered 4282/18000, time remaining: 22m 36s
Rendered 4283/18000, time remaining: 22m 23s
Rendered 4284/18000, time remaining: 22m 17s
Rendered 4285/18000, time remaining: 22m 37s
Rendered 4286/18000, time remaining: 22m 40s
Rendered 4287/18000, time remaining: 22m 31s
Rendered 4288/18000, time remaining: 22m 19s
Rendered 4289/18000, time remaining: 22m 23s
Rendered 4290/18000, time remaining: 22m 27s
Rendered 4291/18000, time remaining: 22m 22s
Rendered 4292/18000, time remaining: 22m 14s
Rendered 4293/18000, time remaining: 22m 9s
Rendered 4294/18000, time remaining: 22m 13s
Rendered 4295/18000, time remaining: 22m 12s
Rendered 4296/18000, time remaining: 22m 4s
Rendered 4297/18000, time remaining: 21m 54s
Rendered 4298/18000, time remaining: 21m 50s
Rendered 4299/18000, time remaining: 22m 4s
Rendered 4300/18000, time remaining: 22m 5s
Rendered 4301/18000, time remaining: 22m 3s
Rendered 4302/18000, time remaining: 21m 55s
Rendered 4303/18000, time remaining: 22m 2s
Rendered 4304/18000, time remaining: 22m 6s
Rendered 4305/18000, time remaining: 22m 7s
Rendered 4306/18000, time remaining: 21m 59s
Rendered 4307/18000, time remaining: 21m 59s
Rendered 4308/18000, time remaining: 22m 5s
Rendered 4309/18000, time remaining: 22m 5s
Rendered 4310/18000, time remaining: 22m 7s
Rendered 4311/18000, time remaining: 21m 53s
Rendered 4312/18000, time remaining: 22m 1s
Rendered 4313/18000, time remaining: 22m 5s
Rendered 4314/18000, time remaining: 22m 5s
Rendered 4315/18000, time remaining: 21m 48s
Rendered 4316/18000, time remaining: 21m 49s
Rendered 4317/18000, time remaining: 21m 54s
Rendered 4318/18000, time remaining: 21m 56s
Rendered 4319/18000, time remaining: 21m 53s
Rendered 4320/18000, time remaining: 21m 49s
Rendered 4321/18000, time remaining: 21m 44s
Rendered 4322/18000, time remaining: 21m 40s
Rendered 4323/18000, time remaining: 21m 48s
Rendered 4324/18000, time remaining: 21m 52s
Rendered 4325/18000, time remaining: 21m 44s
Rendered 4326/18000, time remaining: 21m 37s
Rendered 4327/18000, time remaining: 21m 39s
Rendered 4328/18000, time remaining: 21m 43s
Rendered 4329/18000, time remaining: 21m 33s
Rendered 4330/18000, time remaining: 21m 32s
Rendered 4331/18000, time remaining: 21m 33s
Rendered 4332/18000, time remaining: 21m 32s
Rendered 4333/18000, time remaining: 21m 30s
Rendered 4334/18000, time remaining: 21m 34s
Rendered 4335/18000, time remaining: 21m 32s
Rendered 4336/18000, time remaining: 21m 28s
Rendered 4337/18000, time remaining: 21m 30s
Rendered 4338/18000, time remaining: 21m 31s
Rendered 4339/18000, time remaining: 21m 37s
Rendered 4340/18000, time remaining: 21m 18s
Rendered 4341/18000, time remaining: 21m 17s
Rendered 4342/18000, time remaining: 21m 23s
Rendered 4343/18000, time remaining: 21m 34s
Rendered 4344/18000, time remaining: 21m 15s
Rendered 4345/18000, time remaining: 21m 12s
Rendered 4346/18000, time remaining: 21m 18s
Rendered 4347/18000, time remaining: 21m 37s
Rendered 4348/18000, time remaining: 21m 22s
Rendered 4349/18000, time remaining: 21m 17s
Rendered 4350/18000, time remaining: 21m 17s
Rendered 4351/18000, time remaining: 21m 23s
Rendered 4352/18000, time remaining: 21m 32s
Rendered 4353/18000, time remaining: 21m 15s
Rendered 4354/18000, time remaining: 21m 13s
Rendered 4355/18000, time remaining: 21m 16s
Rendered 4356/18000, time remaining: 21m 26s
Rendered 4357/18000, time remaining: 21m 13s
Rendered 4358/18000, time remaining: 21m 10s
Rendered 4359/18000, time remaining: 21m 10s
Rendered 4360/18000, time remaining: 21m 8s
Rendered 4361/18000, time remaining: 21m 5s
Rendered 4362/18000, time remaining: 21m 5s
Rendered 4363/18000, time remaining: 21m 4s
Rendered 4364/18000, time remaining: 20m 59s
Rendered 4365/18000, time remaining: 21m 6s
Rendered 4366/18000, time remaining: 21m 4s
Rendered 4367/18000, time remaining: 21m 0s
Rendered 4368/18000, time remaining: 20m 58s
Rendered 4369/18000, time remaining: 20m 58s
Rendered 4370/18000, time remaining: 21m 9s
Rendered 4371/18000, time remaining: 20m 58s
Rendered 4372/18000, time remaining: 20m 56s
Rendered 4373/18000, time remaining: 20m 55s
Rendered 4374/18000, time remaining: 21m 19s
Rendered 4375/18000, time remaining: 20m 58s
Rendered 4376/18000, time remaining: 20m 57s
Rendered 4377/18000, time remaining: 21m 2s
Rendered 4378/18000, time remaining: 21m 19s
Rendered 4379/18000, time remaining: 20m 56s
Rendered 4380/18000, time remaining: 20m 56s
Rendered 4381/18000, time remaining: 20m 57s
Rendered 4382/18000, time remaining: 21m 4s
Rendered 4383/18000, time remaining: 20m 51s
Rendered 4384/18000, time remaining: 20m 51s
Rendered 4385/18000, time remaining: 20m 52s
Rendered 4386/18000, time remaining: 20m 57s
Rendered 4387/18000, time remaining: 20m 47s
Rendered 4388/18000, time remaining: 20m 43s
Rendered 4389/18000, time remaining: 20m 40s
Rendered 4390/18000, time remaining: 20m 43s
Rendered 4391/18000, time remaining: 20m 50s
Rendered 4392/18000, time remaining: 20m 49s
Rendered 4393/18000, time remaining: 20m 34s
Rendered 4394/18000, time remaining: 20m 34s
Rendered 4395/18000, time remaining: 20m 46s
Rendered 4396/18000, time remaining: 20m 46s
Rendered 4397/18000, time remaining: 20m 31s
Rendered 4398/18000, time remaining: 20m 30s
Rendered 4399/18000, time remaining: 20m 48s
Rendered 4400/18000, time remaining: 20m 49s
Rendered 4401/18000, time remaining: 20m 30s
Rendered 4402/18000, time remaining: 20m 27s
Rendered 4403/18000, time remaining: 20m 43s
Rendered 4404/18000, time remaining: 20m 41s
Rendered 4405/18000, time remaining: 20m 20s
Rendered 4406/18000, time remaining: 20m 20s
Rendered 4407/18000, time remaining: 20m 32s
Rendered 4408/18000, time remaining: 20m 35s
Rendered 4409/18000, time remaining: 20m 17s
Rendered 4410/18000, time remaining: 20m 12s
Rendered 4411/18000, time remaining: 20m 23s
Rendered 4412/18000, time remaining: 21m 35s
Rendered 4413/18000, time remaining: 21m 22s
Rendered 4414/18000, time remaining: 21m 17s
Rendered 4415/18000, time remaining: 21m 15s
Rendered 4416/18000, time remaining: 22m 7s
Rendered 4417/18000, time remaining: 22m 4s
Rendered 4418/18000, time remaining: 22m 4s
Rendered 4419/18000, time remaining: 21m 53s
Rendered 4420/18000, time remaining: 22m 13s
Rendered 4421/18000, time remaining: 22m 13s
Rendered 4422/18000, time remaining: 22m 15s
Rendered 4423/18000, time remaining: 22m 12s
Rendered 4424/18000, time remaining: 22m 14s
Rendered 4425/18000, time remaining: 22m 13s
Rendered 4426/18000, time remaining: 22m 13s
Rendered 4427/18000, time remaining: 22m 9s
Rendered 4428/18000, time remaining: 22m 15s
Rendered 4429/18000, time remaining: 22m 16s
Rendered 4430/18000, time remaining: 22m 28s
Rendered 4431/18000, time remaining: 22m 17s
Rendered 4432/18000, time remaining: 22m 33s
Rendered 4433/18000, time remaining: 22m 32s
Rendered 4434/18000, time remaining: 22m 32s
Rendered 4435/18000, time remaining: 22m 12s
Rendered 4436/18000, time remaining: 22m 39s
Rendered 4437/18000, time remaining: 22m 36s
Rendered 4438/18000, time remaining: 22m 39s
Rendered 4439/18000, time remaining: 22m 41s
Rendered 4440/18000, time remaining: 22m 43s
Rendered 4441/18000, time remaining: 22m 41s
Rendered 4442/18000, time remaining: 22m 36s
Rendered 4443/18000, time remaining: 22m 42s
Rendered 4444/18000, time remaining: 22m 45s
Rendered 4445/18000, time remaining: 22m 46s
Rendered 4446/18000, time remaining: 22m 39s
Rendered 4447/18000, time remaining: 22m 44s
Rendered 4448/18000, time remaining: 22m 59s
Rendered 4449/18000, time remaining: 22m 45s
Rendered 4450/18000, time remaining: 22m 40s
Rendered 4451/18000, time remaining: 22m 41s
Rendered 4452/18000, time remaining: 22m 49s
Rendered 4453/18000, time remaining: 22m 50s
Rendered 4454/18000, time remaining: 22m 50s
Rendered 4455/18000, time remaining: 22m 45s
Rendered 4456/18000, time remaining: 22m 54s
Rendered 4457/18000, time remaining: 22m 51s
Rendered 4458/18000, time remaining: 23m 7s
Rendered 4459/18000, time remaining: 23m 9s
Rendered 4460/18000, time remaining: 23m 18s
Rendered 4461/18000, time remaining: 23m 20s
Rendered 4462/18000, time remaining: 23m 17s
Rendered 4463/18000, time remaining: 23m 22s
Rendered 4464/18000, time remaining: 23m 23s
Rendered 4465/18000, time remaining: 23m 27s
Rendered 4466/18000, time remaining: 23m 34s
Rendered 4467/18000, time remaining: 23m 27s
Rendered 4468/18000, time remaining: 23m 30s
Rendered 4469/18000, time remaining: 23m 25s
Rendered 4470/18000, time remaining: 23m 50s
Rendered 4471/18000, time remaining: 23m 48s
Rendered 4472/18000, time remaining: 23m 43s
Rendered 4473/18000, time remaining: 23m 36s
Rendered 4474/18000, time remaining: 24m 2s
Rendered 4475/18000, time remaining: 24m 0s
Rendered 4476/18000, time remaining: 24m 0s
Rendered 4477/18000, time remaining: 24m 4s
Rendered 4478/18000, time remaining: 24m 22s
Rendered 4479/18000, time remaining: 24m 20s
Rendered 4480/18000, time remaining: 24m 18s
Rendered 4481/18000, time remaining: 24m 13s
Rendered 4482/18000, time remaining: 24m 31s
Rendered 4483/18000, time remaining: 24m 26s
Rendered 4484/18000, time remaining: 24m 19s
Rendered 4485/18000, time remaining: 24m 14s
Rendered 4486/18000, time remaining: 24m 34s
Rendered 4487/18000, time remaining: 24m 33s
Rendered 4488/18000, time remaining: 24m 37s
Rendered 4489/18000, time remaining: 24m 24s
Rendered 4490/18000, time remaining: 24m 45s
Rendered 4491/18000, time remaining: 24m 48s
Rendered 4492/18000, time remaining: 24m 46s
Rendered 4493/18000, time remaining: 24m 31s
Rendered 4494/18000, time remaining: 24m 49s
Rendered 4495/18000, time remaining: 24m 53s
Rendered 4496/18000, time remaining: 24m 52s
Rendered 4497/18000, time remaining: 24m 33s
Rendered 4498/18000, time remaining: 24m 40s
Rendered 4499/18000, time remaining: 24m 51s
Rendered 4500/18000, time remaining: 24m 57s
Rendered 4501/18000, time remaining: 24m 51s
Rendered 4502/18000, time remaining: 24m 47s
Rendered 4503/18000, time remaining: 24m 55s
Rendered 4504/18000, time remaining: 25m 0s
Rendered 4505/18000, time remaining: 24m 58s
Rendered 4506/18000, time remaining: 24m 57s
Rendered 4507/18000, time remaining: 25m 0s
Rendered 4508/18000, time remaining: 25m 8s
Rendered 4509/18000, time remaining: 25m 13s
Rendered 4510/18000, time remaining: 25m 10s
Rendered 4511/18000, time remaining: 25m 7s
Rendered 4512/18000, time remaining: 25m 24s
Rendered 4513/18000, time remaining: 25m 25s
Rendered 4514/18000, time remaining: 25m 31s
Rendered 4515/18000, time remaining: 25m 10s
Rendered 4516/18000, time remaining: 25m 33s
Rendered 4517/18000, time remaining: 25m 33s
Rendered 4518/18000, time remaining: 25m 39s
Rendered 4519/18000, time remaining: 25m 35s
Rendered 4520/18000, time remaining: 25m 36s
Rendered 4521/18000, time remaining: 25m 41s
Rendered 4522/18000, time remaining: 25m 41s
Rendered 4523/18000, time remaining: 25m 43s
Rendered 4524/18000, time remaining: 25m 31s
Rendered 4525/18000, time remaining: 25m 45s
Rendered 4526/18000, time remaining: 25m 49s
Rendered 4527/18000, time remaining: 25m 47s
Rendered 4528/18000, time remaining: 25m 39s
Rendered 4529/18000, time remaining: 25m 58s
Rendered 4530/18000, time remaining: 26m 3s
Rendered 4531/18000, time remaining: 25m 56s
Rendered 4532/18000, time remaining: 25m 51s
Rendered 4533/18000, time remaining: 26m 10s
Rendered 4534/18000, time remaining: 26m 15s
Rendered 4535/18000, time remaining: 26m 18s
Rendered 4536/18000, time remaining: 26m 10s
Rendered 4537/18000, time remaining: 26m 18s
Rendered 4538/18000, time remaining: 26m 27s
Rendered 4539/18000, time remaining: 26m 28s
Rendered 4540/18000, time remaining: 26m 28s
Rendered 4541/18000, time remaining: 26m 17s
Rendered 4542/18000, time remaining: 26m 36s
Rendered 4543/18000, time remaining: 26m 37s
Rendered 4544/18000, time remaining: 26m 41s
Rendered 4545/18000, time remaining: 26m 26s
Rendered 4546/18000, time remaining: 26m 38s
Rendered 4547/18000, time remaining: 26m 41s
Rendered 4548/18000, time remaining: 26m 46s
Rendered 4549/18000, time remaining: 26m 29s
Rendered 4550/18000, time remaining: 26m 55s
Rendered 4551/18000, time remaining: 26m 54s
Rendered 4552/18000, time remaining: 26m 58s
Rendered 4553/18000, time remaining: 26m 42s
Rendered 4554/18000, time remaining: 27m 1s
Rendered 4555/18000, time remaining: 27m 1s
Rendered 4556/18000, time remaining: 27m 7s
Rendered 4557/18000, time remaining: 26m 54s
Rendered 4558/18000, time remaining: 27m 14s
Rendered 4559/18000, time remaining: 27m 12s
Rendered 4560/18000, time remaining: 27m 13s
Rendered 4561/18000, time remaining: 27m 9s
Rendered 4562/18000, time remaining: 26m 7s
Rendered 4563/18000, time remaining: 26m 16s
Rendered 4564/18000, time remaining: 26m 18s
Rendered 4565/18000, time remaining: 26m 20s
Rendered 4566/18000, time remaining: 25m 28s
Rendered 4567/18000, time remaining: 25m 48s
Rendered 4568/18000, time remaining: 25m 42s
Rendered 4569/18000, time remaining: 25m 50s
Rendered 4570/18000, time remaining: 25m 26s
Rendered 4571/18000, time remaining: 25m 48s
Rendered 4572/18000, time remaining: 25m 44s
Rendered 4573/18000, time remaining: 25m 37s
Rendered 4574/18000, time remaining: 25m 41s
Rendered 4575/18000, time remaining: 25m 55s
Rendered 4576/18000, time remaining: 25m 48s
Rendered 4577/18000, time remaining: 25m 39s
Rendered 4578/18000, time remaining: 25m 33s
Rendered 4579/18000, time remaining: 25m 55s
Rendered 4580/18000, time remaining: 25m 47s
Rendered 4581/18000, time remaining: 25m 32s
Rendered 4582/18000, time remaining: 25m 22s
Rendered 4583/18000, time remaining: 25m 38s
Rendered 4584/18000, time remaining: 25m 44s
Rendered 4585/18000, time remaining: 25m 43s
Rendered 4586/18000, time remaining: 25m 18s
Rendered 4587/18000, time remaining: 25m 32s
Rendered 4588/18000, time remaining: 25m 35s
Rendered 4589/18000, time remaining: 25m 31s
Rendered 4590/18000, time remaining: 25m 21s
Rendered 4591/18000, time remaining: 25m 30s
Rendered 4592/18000, time remaining: 25m 37s
Rendered 4593/18000, time remaining: 25m 34s
Rendered 4594/18000, time remaining: 25m 32s
Rendered 4595/18000, time remaining: 25m 33s
Rendered 4596/18000, time remaining: 25m 37s
Rendered 4597/18000, time remaining: 25m 42s
Rendered 4598/18000, time remaining: 25m 40s
Rendered 4599/18000, time remaining: 25m 41s
Rendered 4600/18000, time remaining: 25m 40s
Rendered 4601/18000, time remaining: 25m 43s
Rendered 4602/18000, time remaining: 25m 48s
Rendered 4603/18000, time remaining: 25m 41s
Rendered 4604/18000, time remaining: 25m 40s
Rendered 4605/18000, time remaining: 25m 40s
Rendered 4606/18000, time remaining: 25m 44s
Rendered 4607/18000, time remaining: 25m 48s
Rendered 4608/18000, time remaining: 25m 32s
Rendered 4609/18000, time remaining: 25m 33s
Rendered 4610/18000, time remaining: 25m 25s
Rendered 4611/18000, time remaining: 25m 28s
Rendered 4612/18000, time remaining: 25m 32s
Rendered 4613/18000, time remaining: 25m 31s
Rendered 4614/18000, time remaining: 25m 29s
Rendered 4615/18000, time remaining: 25m 32s
Rendered 4616/18000, time remaining: 25m 27s
Rendered 4617/18000, time remaining: 25m 35s
Rendered 4618/18000, time remaining: 25m 27s
Rendered 4619/18000, time remaining: 25m 36s
Rendered 4620/18000, time remaining: 25m 15s
Rendered 4621/18000, time remaining: 25m 30s
Rendered 4622/18000, time remaining: 25m 30s
Rendered 4623/18000, time remaining: 25m 35s
Rendered 4624/18000, time remaining: 25m 1s
Rendered 4625/18000, time remaining: 25m 14s
Rendered 4626/18000, time remaining: 25m 18s
Rendered 4627/18000, time remaining: 25m 15s
Rendered 4628/18000, time remaining: 24m 52s
Rendered 4629/18000, time remaining: 25m 1s
Rendered 4630/18000, time remaining: 25m 3s
Rendered 4631/18000, time remaining: 25m 15s
Rendered 4632/18000, time remaining: 24m 59s
Rendered 4633/18000, time remaining: 25m 4s
Rendered 4634/18000, time remaining: 25m 6s
Rendered 4635/18000, time remaining: 25m 15s
Rendered 4636/18000, time remaining: 24m 55s
Rendered 4637/18000, time remaining: 24m 58s
Rendered 4638/18000, time remaining: 24m 59s
Rendered 4639/18000, time remaining: 25m 7s
Rendered 4640/18000, time remaining: 24m 50s
Rendered 4641/18000, time remaining: 24m 52s
Rendered 4642/18000, time remaining: 24m 51s
Rendered 4643/18000, time remaining: 25m 0s
Rendered 4644/18000, time remaining: 24m 42s
Rendered 4645/18000, time remaining: 24m 49s
Rendered 4646/18000, time remaining: 25m 4s
Rendered 4647/18000, time remaining: 25m 4s
Rendered 4648/18000, time remaining: 24m 54s
Rendered 4649/18000, time remaining: 24m 47s
Rendered 4650/18000, time remaining: 25m 8s
Rendered 4651/18000, time remaining: 25m 16s
Rendered 4652/18000, time remaining: 25m 3s
Rendered 4653/18000, time remaining: 24m 58s
Rendered 4654/18000, time remaining: 25m 14s
Rendered 4655/18000, time remaining: 25m 17s
Rendered 4656/18000, time remaining: 25m 12s
Rendered 4657/18000, time remaining: 25m 5s
Rendered 4658/18000, time remaining: 24m 58s
Rendered 4659/18000, time remaining: 25m 4s
Rendered 4660/18000, time remaining: 25m 9s
Rendered 4661/18000, time remaining: 25m 6s
Rendered 4662/18000, time remaining: 24m 53s
Rendered 4663/18000, time remaining: 24m 52s
Rendered 4664/18000, time remaining: 24m 49s
Rendered 4665/18000, time remaining: 25m 4s
Rendered 4666/18000, time remaining: 24m 44s
Rendered 4667/18000, time remaining: 24m 44s
Rendered 4668/18000, time remaining: 24m 41s
Rendered 4669/18000, time remaining: 24m 52s
Rendered 4670/18000, time remaining: 24m 37s
Rendered 4671/18000, time remaining: 24m 38s
Rendered 4672/18000, time remaining: 24m 36s
Rendered 4673/18000, time remaining: 24m 38s
Rendered 4674/18000, time remaining: 24m 34s
Rendered 4675/18000, time remaining: 24m 28s
Rendered 4676/18000, time remaining: 24m 29s
Rendered 4677/18000, time remaining: 24m 25s
Rendered 4678/18000, time remaining: 24m 21s
Rendered 4679/18000, time remaining: 24m 13s
Rendered 4680/18000, time remaining: 24m 10s
Rendered 4681/18000, time remaining: 24m 14s
Rendered 4682/18000, time remaining: 24m 13s
Rendered 4683/18000, time remaining: 23m 53s
Rendered 4684/18000, time remaining: 23m 57s
Rendered 4685/18000, time remaining: 23m 54s
Rendered 4686/18000, time remaining: 23m 59s
Rendered 4687/18000, time remaining: 23m 47s
Rendered 4688/18000, time remaining: 23m 40s
Rendered 4689/18000, time remaining: 23m 42s
Rendered 4690/18000, time remaining: 23m 49s
Rendered 4691/18000, time remaining: 23m 48s
Rendered 4692/18000, time remaining: 23m 32s
Rendered 4693/18000, time remaining: 23m 29s
Rendered 4694/18000, time remaining: 23m 28s
Rendered 4695/18000, time remaining: 23m 31s
Rendered 4696/18000, time remaining: 23m 27s
Rendered 4697/18000, time remaining: 23m 20s
Rendered 4698/18000, time remaining: 23m 18s
Rendered 4699/18000, time remaining: 23m 31s
Rendered 4700/18000, time remaining: 23m 10s
Rendered 4701/18000, time remaining: 23m 7s
Rendered 4702/18000, time remaining: 23m 8s
Rendered 4703/18000, time remaining: 23m 20s
Rendered 4704/18000, time remaining: 23m 3s
Rendered 4705/18000, time remaining: 22m 59s
Rendered 4706/18000, time remaining: 22m 57s
Rendered 4707/18000, time remaining: 23m 7s
Rendered 4708/18000, time remaining: 22m 52s
Rendered 4709/18000, time remaining: 22m 46s
Rendered 4710/18000, time remaining: 22m 51s
Rendered 4711/18000, time remaining: 22m 50s
Rendered 4712/18000, time remaining: 22m 49s
Rendered 4713/18000, time remaining: 22m 42s
Rendered 4714/18000, time remaining: 22m 39s
Rendered 4715/18000, time remaining: 22m 38s
Rendered 4716/18000, time remaining: 22m 49s
Rendered 4717/18000, time remaining: 22m 34s
Rendered 4718/18000, time remaining: 22m 34s
Rendered 4719/18000, time remaining: 22m 27s
Rendered 4720/18000, time remaining: 22m 35s
Rendered 4721/18000, time remaining: 22m 29s
Rendered 4722/18000, time remaining: 22m 32s
Rendered 4723/18000, time remaining: 22m 24s
Rendered 4724/18000, time remaining: 22m 21s
Rendered 4725/18000, time remaining: 22m 14s
Rendered 4726/18000, time remaining: 22m 22s
Rendered 4727/18000, time remaining: 22m 17s
Rendered 4728/18000, time remaining: 22m 17s
Rendered 4729/18000, time remaining: 21m 57s
Rendered 4730/18000, time remaining: 22m 13s
Rendered 4731/18000, time remaining: 22m 11s
Rendered 4732/18000, time remaining: 22m 3s
Rendered 4733/18000, time remaining: 21m 50s
Rendered 4734/18000, time remaining: 22m 5s
Rendered 4735/18000, time remaining: 22m 5s
Rendered 4736/18000, time remaining: 22m 0s
Rendered 4737/18000, time remaining: 21m 47s
Rendered 4738/18000, time remaining: 22m 2s
Rendered 4739/18000, time remaining: 21m 57s
Rendered 4740/18000, time remaining: 21m 56s
Rendered 4741/18000, time remaining: 21m 40s
Rendered 4742/18000, time remaining: 21m 58s
Rendered 4743/18000, time remaining: 21m 56s
Rendered 4744/18000, time remaining: 21m 49s
Rendered 4745/18000, time remaining: 21m 37s
Rendered 4746/18000, time remaining: 22m 2s
Rendered 4747/18000, time remaining: 21m 51s
Rendered 4748/18000, time remaining: 21m 38s
Rendered 4749/18000, time remaining: 21m 33s
Rendered 4750/18000, time remaining: 22m 1s
Rendered 4751/18000, time remaining: 21m 51s
Rendered 4752/18000, time remaining: 21m 39s
Rendered 4753/18000, time remaining: 21m 31s
Rendered 4754/18000, time remaining: 21m 58s
Rendered 4755/18000, time remaining: 22m 3s
Rendered 4756/18000, time remaining: 21m 48s
Rendered 4757/18000, time remaining: 21m 39s
Rendered 4758/18000, time remaining: 21m 46s
Rendered 4759/18000, time remaining: 21m 46s
Rendered 4760/18000, time remaining: 21m 47s
Rendered 4761/18000, time remaining: 21m 43s
Rendered 4762/18000, time remaining: 21m 35s
Rendered 4763/18000, time remaining: 21m 29s
Rendered 4764/18000, time remaining: 21m 36s
Rendered 4765/18000, time remaining: 21m 36s
Rendered 4766/18000, time remaining: 21m 31s
Rendered 4767/18000, time remaining: 21m 21s
Rendered 4768/18000, time remaining: 21m 40s
Rendered 4769/18000, time remaining: 21m 38s
Rendered 4770/18000, time remaining: 21m 30s
Rendered 4771/18000, time remaining: 21m 18s
Rendered 4772/18000, time remaining: 21m 29s
Rendered 4773/18000, time remaining: 21m 28s
Rendered 4774/18000, time remaining: 21m 35s
Rendered 4775/18000, time remaining: 21m 17s
Rendered 4776/18000, time remaining: 21m 16s
Rendered 4777/18000, time remaining: 21m 17s
Rendered 4778/18000, time remaining: 21m 32s
Rendered 4779/18000, time remaining: 21m 22s
Rendered 4780/18000, time remaining: 21m 16s
Rendered 4781/18000, time remaining: 21m 12s
Rendered 4782/18000, time remaining: 21m 18s
Rendered 4783/18000, time remaining: 21m 17s
Rendered 4784/18000, time remaining: 21m 13s
Rendered 4785/18000, time remaining: 21m 7s
Rendered 4786/18000, time remaining: 21m 13s
Rendered 4787/18000, time remaining: 21m 14s
Rendered 4788/18000, time remaining: 21m 9s
Rendered 4789/18000, time remaining: 21m 3s
Rendered 4790/18000, time remaining: 21m 3s
Rendered 4791/18000, time remaining: 21m 7s
Rendered 4792/18000, time remaining: 21m 9s
Rendered 4793/18000, time remaining: 21m 4s
Rendered 4794/18000, time remaining: 21m 9s
Rendered 4795/18000, time remaining: 21m 1s
Rendered 4796/18000, time remaining: 20m 45s
Rendered 4797/18000, time remaining: 20m 47s
Rendered 4798/18000, time remaining: 21m 4s
Rendered 4799/18000, time remaining: 21m 3s
Rendered 4800/18000, time remaining: 20m 35s
Rendered 4801/18000, time remaining: 20m 26s
Rendered 4802/18000, time remaining: 20m 44s
Rendered 4803/18000, time remaining: 20m 45s
Rendered 4804/18000, time remaining: 20m 27s
Rendered 4805/18000, time remaining: 20m 25s
Rendered 4806/18000, time remaining: 20m 22s
Rendered 4807/18000, time remaining: 20m 35s
Rendered 4808/18000, time remaining: 20m 39s
Rendered 4809/18000, time remaining: 20m 29s
Rendered 4810/18000, time remaining: 20m 23s
Rendered 4811/18000, time remaining: 20m 23s
Rendered 4812/18000, time remaining: 20m 35s
Rendered 4813/18000, time remaining: 20m 36s
Rendered 4814/18000, time remaining: 20m 35s
Rendered 4815/18000, time remaining: 20m 21s
Rendered 4816/18000, time remaining: 20m 31s
Rendered 4817/18000, time remaining: 20m 34s
Rendered 4818/18000, time remaining: 20m 30s
Rendered 4819/18000, time remaining: 20m 23s
Rendered 4820/18000, time remaining: 20m 32s
Rendered 4821/18000, time remaining: 20m 31s
Rendered 4822/18000, time remaining: 20m 32s
Rendered 4823/18000, time remaining: 20m 29s
Rendered 4824/18000, time remaining: 20m 39s
Rendered 4825/18000, time remaining: 20m 37s
Rendered 4826/18000, time remaining: 20m 33s
Rendered 4827/18000, time remaining: 20m 33s
Rendered 4828/18000, time remaining: 20m 36s
Rendered 4829/18000, time remaining: 20m 39s
Rendered 4830/18000, time remaining: 20m 37s
Rendered 4831/18000, time remaining: 20m 34s
Rendered 4832/18000, time remaining: 20m 33s
Rendered 4833/18000, time remaining: 20m 55s
Rendered 4834/18000, time remaining: 20m 46s
Rendered 4835/18000, time remaining: 20m 45s
Rendered 4836/18000, time remaining: 20m 42s
Rendered 4837/18000, time remaining: 20m 53s
Rendered 4838/18000, time remaining: 20m 51s
Rendered 4839/18000, time remaining: 20m 48s
Rendered 4840/18000, time remaining: 20m 42s
Rendered 4841/18000, time remaining: 20m 54s
Rendered 4842/18000, time remaining: 20m 52s
Rendered 4843/18000, time remaining: 20m 50s
Rendered 4844/18000, time remaining: 20m 55s
Rendered 4845/18000, time remaining: 20m 55s
Rendered 4846/18000, time remaining: 20m 51s
Rendered 4847/18000, time remaining: 20m 52s
Rendered 4848/18000, time remaining: 20m 59s
Rendered 4849/18000, time remaining: 20m 48s
Rendered 4850/18000, time remaining: 20m 48s
Rendered 4851/18000, time remaining: 20m 53s
Rendered 4852/18000, time remaining: 20m 56s
Rendered 4853/18000, time remaining: 20m 42s
Rendered 4854/18000, time remaining: 20m 53s
Rendered 4855/18000, time remaining: 20m 52s
Rendered 4856/18000, time remaining: 20m 54s
Rendered 4857/18000, time remaining: 20m 49s
Rendered 4858/18000, time remaining: 20m 48s
Rendered 4859/18000, time remaining: 20m 49s
Rendered 4860/18000, time remaining: 20m 49s
Rendered 4861/18000, time remaining: 20m 48s
Rendered 4862/18000, time remaining: 20m 51s
Rendered 4863/18000, time remaining: 20m 51s
Rendered 4864/18000, time remaining: 20m 54s
Rendered 4865/18000, time remaining: 20m 49s
Rendered 4866/18000, time remaining: 20m 47s
Rendered 4867/18000, time remaining: 20m 51s
Rendered 4868/18000, time remaining: 20m 58s
Rendered 4869/18000, time remaining: 20m 56s
Rendered 4870/18000, time remaining: 20m 57s
Rendered 4871/18000, time remaining: 20m 43s
Rendered 4872/18000, time remaining: 20m 51s
Rendered 4873/18000, time remaining: 20m 53s
Rendered 4874/18000, time remaining: 20m 50s
Rendered 4875/18000, time remaining: 20m 46s
Rendered 4876/18000, time remaining: 20m 50s
Rendered 4877/18000, time remaining: 20m 52s
Rendered 4878/18000, time remaining: 20m 52s
Rendered 4879/18000, time remaining: 20m 47s
Rendered 4880/18000, time remaining: 20m 50s
Rendered 4881/18000, time remaining: 20m 55s
Rendered 4882/18000, time remaining: 20m 59s
Rendered 4883/18000, time remaining: 20m 56s
Rendered 4884/18000, time remaining: 20m 44s
Rendered 4885/18000, time remaining: 20m 48s
Rendered 4886/18000, time remaining: 20m 59s
Rendered 4887/18000, time remaining: 20m 53s
Rendered 4888/18000, time remaining: 20m 38s
Rendered 4889/18000, time remaining: 20m 40s
Rendered 4890/18000, time remaining: 20m 56s
Rendered 4891/18000, time remaining: 20m 59s
Rendered 4892/18000, time remaining: 20m 34s
Rendered 4893/18000, time remaining: 20m 34s
Rendered 4894/18000, time remaining: 20m 41s
Rendered 4895/18000, time remaining: 20m 59s
Rendered 4896/18000, time remaining: 20m 31s
Rendered 4897/18000, time remaining: 20m 32s
Rendered 4898/18000, time remaining: 20m 32s
Rendered 4899/18000, time remaining: 20m 57s
Rendered 4900/18000, time remaining: 20m 29s
Rendered 4901/18000, time remaining: 20m 29s
Rendered 4902/18000, time remaining: 20m 28s
Rendered 4903/18000, time remaining: 20m 51s
Rendered 4904/18000, time remaining: 20m 24s
Rendered 4905/18000, time remaining: 20m 18s
Rendered 4906/18000, time remaining: 20m 21s
Rendered 4907/18000, time remaining: 20m 37s
Rendered 4908/18000, time remaining: 20m 29s
Rendered 4909/18000, time remaining: 20m 18s
Rendered 4910/18000, time remaining: 20m 20s
Rendered 4911/18000, time remaining: 20m 22s
Rendered 4912/18000, time remaining: 20m 26s
Rendered 4913/18000, time remaining: 20m 23s
Rendered 4914/18000, time remaining: 20m 16s
Rendered 4915/18000, time remaining: 20m 12s
Rendered 4916/18000, time remaining: 20m 14s
Rendered 4917/18000, time remaining: 20m 19s
Rendered 4918/18000, time remaining: 20m 3s
Rendered 4919/18000, time remaining: 20m 1s
Rendered 4920/18000, time remaining: 20m 3s
Rendered 4921/18000, time remaining: 20m 7s
Rendered 4922/18000, time remaining: 20m 10s
Rendered 4923/18000, time remaining: 20m 11s
Rendered 4924/18000, time remaining: 20m 7s
Rendered 4925/18000, time remaining: 20m 21s
Rendered 4926/18000, time remaining: 20m 23s
Rendered 4927/18000, time remaining: 20m 29s
Rendered 4928/18000, time remaining: 20m 20s
Rendered 4929/18000, time remaining: 20m 18s
Rendered 4930/18000, time remaining: 20m 18s
Rendered 4931/18000, time remaining: 20m 14s
Rendered 4932/18000, time remaining: 20m 20s
Rendered 4933/18000, time remaining: 20m 17s
Rendered 4934/18000, time remaining: 20m 14s
Rendered 4935/18000, time remaining: 20m 11s
Rendered 4936/18000, time remaining: 20m 21s
Rendered 4937/18000, time remaining: 20m 18s
Rendered 4938/18000, time remaining: 20m 17s
Rendered 4939/18000, time remaining: 20m 18s
Rendered 4940/18000, time remaining: 20m 19s
Rendered 4941/18000, time remaining: 20m 18s
Rendered 4942/18000, time remaining: 20m 19s
Rendered 4943/18000, time remaining: 20m 15s
Rendered 4944/18000, time remaining: 20m 14s
Rendered 4945/18000, time remaining: 20m 21s
Rendered 4946/18000, time remaining: 20m 22s
Rendered 4947/18000, time remaining: 20m 22s
Rendered 4948/18000, time remaining: 20m 7s
Rendered 4949/18000, time remaining: 20m 9s
Rendered 4950/18000, time remaining: 20m 16s
Rendered 4951/18000, time remaining: 20m 19s
Rendered 4952/18000, time remaining: 20m 6s
Rendered 4953/18000, time remaining: 20m 2s
Rendered 4954/18000, time remaining: 20m 10s
Rendered 4955/18000, time remaining: 20m 9s
Rendered 4956/18000, time remaining: 20m 13s
Rendered 4957/18000, time remaining: 20m 10s
Rendered 4958/18000, time remaining: 20m 3s
Rendered 4959/18000, time remaining: 20m 5s
Rendered 4960/18000, time remaining: 20m 10s
Rendered 4961/18000, time remaining: 20m 15s
Rendered 4962/18000, time remaining: 19m 54s
Rendered 4963/18000, time remaining: 19m 58s
Rendered 4964/18000, time remaining: 19m 55s
Rendered 4965/18000, time remaining: 20m 7s
Rendered 4966/18000, time remaining: 19m 54s
Rendered 4967/18000, time remaining: 19m 55s
Rendered 4968/18000, time remaining: 19m 53s
Rendered 4969/18000, time remaining: 19m 55s
Rendered 4970/18000, time remaining: 19m 54s
Rendered 4971/18000, time remaining: 19m 51s
Rendered 4972/18000, time remaining: 19m 56s
Rendered 4973/18000, time remaining: 19m 54s
Rendered 4974/18000, time remaining: 19m 39s
Rendered 4975/18000, time remaining: 19m 44s
Rendered 4976/18000, time remaining: 19m 46s
Rendered 4977/18000, time remaining: 19m 46s
Rendered 4978/18000, time remaining: 19m 45s
Rendered 4979/18000, time remaining: 19m 38s
Rendered 4980/18000, time remaining: 19m 42s
Rendered 4981/18000, time remaining: 19m 40s
Rendered 4982/18000, time remaining: 19m 44s
Rendered 4983/18000, time remaining: 19m 32s
Rendered 4984/18000, time remaining: 19m 34s
Rendered 4985/18000, time remaining: 19m 30s
Rendered 4986/18000, time remaining: 19m 29s
Rendered 4987/18000, time remaining: 19m 28s
Rendered 4988/18000, time remaining: 19m 35s
Rendered 4989/18000, time remaining: 19m 35s
Rendered 4990/18000, time remaining: 19m 36s
Rendered 4991/18000, time remaining: 19m 23s
Rendered 4992/18000, time remaining: 19m 32s
Rendered 4993/18000, time remaining: 19m 32s
Rendered 4994/18000, time remaining: 19m 26s
Rendered 4995/18000, time remaining: 19m 23s
Rendered 4996/18000, time remaining: 19m 36s
Rendered 4997/18000, time remaining: 19m 35s
Rendered 4998/18000, time remaining: 19m 30s
Rendered 4999/18000, time remaining: 19m 26s
Rendered 5000/18000, time remaining: 19m 26s
Rendered 5001/18000, time remaining: 19m 27s
Rendered 5002/18000, time remaining: 19m 25s
Rendered 5003/18000, time remaining: 19m 31s
Rendered 5004/18000, time remaining: 19m 19s
Rendered 5005/18000, time remaining: 19m 23s
Rendered 5006/18000, time remaining: 19m 21s
Rendered 5007/18000, time remaining: 19m 29s
Rendered 5008/18000, time remaining: 19m 23s
Rendered 5009/18000, time remaining: 19m 26s
Rendered 5010/18000, time remaining: 19m 23s
Rendered 5011/18000, time remaining: 19m 27s
Rendered 5012/18000, time remaining: 19m 21s
Rendered 5013/18000, time remaining: 19m 21s
Rendered 5014/18000, time remaining: 19m 24s
Rendered 5015/18000, time remaining: 19m 25s
Rendered 5016/18000, time remaining: 19m 22s
Rendered 5017/18000, time remaining: 19m 15s
Rendered 5018/18000, time remaining: 19m 18s
Rendered 5019/18000, time remaining: 19m 19s
Rendered 5020/18000, time remaining: 19m 15s
Rendered 5021/18000, time remaining: 19m 12s
Rendered 5022/18000, time remaining: 19m 15s
Rendered 5023/18000, time remaining: 19m 12s
Rendered 5024/18000, time remaining: 19m 13s
Rendered 5025/18000, time remaining: 19m 14s
Rendered 5026/18000, time remaining: 19m 12s
Rendered 5027/18000, time remaining: 19m 12s
Rendered 5028/18000, time remaining: 19m 15s
Rendered 5029/18000, time remaining: 19m 19s
Rendered 5030/18000, time remaining: 19m 0s
Rendered 5031/18000, time remaining: 19m 5s
Rendered 5032/18000, time remaining: 19m 5s
Rendered 5033/18000, time remaining: 19m 4s
Rendered 5034/18000, time remaining: 19m 0s
Rendered 5035/18000, time remaining: 19m 6s
Rendered 5036/18000, time remaining: 19m 0s
Rendered 5037/18000, time remaining: 19m 4s
Rendered 5038/18000, time remaining: 19m 1s
Rendered 5039/18000, time remaining: 19m 13s
Rendered 5040/18000, time remaining: 19m 0s
Rendered 5041/18000, time remaining: 19m 2s
Rendered 5042/18000, time remaining: 19m 2s
Rendered 5043/18000, time remaining: 19m 7s
Rendered 5044/18000, time remaining: 19m 6s
Rendered 5045/18000, time remaining: 18m 53s
Rendered 5046/18000, time remaining: 18m 59s
Rendered 5047/18000, time remaining: 19m 4s
Rendered 5048/18000, time remaining: 19m 2s
Rendered 5049/18000, time remaining: 18m 41s
Rendered 5050/18000, time remaining: 18m 46s
Rendered 5051/18000, time remaining: 18m 56s
Rendered 5052/18000, time remaining: 18m 59s
Rendered 5053/18000, time remaining: 18m 39s
Rendered 5054/18000, time remaining: 18m 43s
Rendered 5055/18000, time remaining: 18m 49s
Rendered 5056/18000, time remaining: 18m 51s
Rendered 5057/18000, time remaining: 18m 48s
Rendered 5058/18000, time remaining: 18m 47s
Rendered 5059/18000, time remaining: 18m 51s
Rendered 5060/18000, time remaining: 18m 49s
Rendered 5061/18000, time remaining: 18m 47s
Rendered 5062/18000, time remaining: 18m 48s
Rendered 5063/18000, time remaining: 18m 48s
Rendered 5064/18000, time remaining: 18m 54s
Rendered 5065/18000, time remaining: 18m 51s
Rendered 5066/18000, time remaining: 18m 50s
Rendered 5067/18000, time remaining: 18m 52s
Rendered 5068/18000, time remaining: 18m 56s
Rendered 5069/18000, time remaining: 18m 55s
Rendered 5070/18000, time remaining: 18m 56s
Rendered 5071/18000, time remaining: 19m 2s
Rendered 5072/18000, time remaining: 18m 50s
Rendered 5073/18000, time remaining: 18m 44s
Rendered 5074/18000, time remaining: 18m 42s
Rendered 5075/18000, time remaining: 18m 42s
Rendered 5076/18000, time remaining: 18m 45s
Rendered 5077/18000, time remaining: 18m 39s
Rendered 5078/18000, time remaining: 18m 31s
Rendered 5079/18000, time remaining: 18m 36s
Rendered 5080/18000, time remaining: 18m 44s
Rendered 5081/18000, time remaining: 18m 44s
Rendered 5082/18000, time remaining: 18m 34s
Rendered 5083/18000, time remaining: 18m 37s
Rendered 5084/18000, time remaining: 18m 42s
Rendered 5085/18000, time remaining: 18m 54s
Rendered 5086/18000, time remaining: 18m 41s
Rendered 5087/18000, time remaining: 18m 37s
Rendered 5088/18000, time remaining: 18m 49s
Rendered 5089/18000, time remaining: 18m 51s
Rendered 5090/18000, time remaining: 18m 51s
Rendered 5091/18000, time remaining: 18m 44s
Rendered 5092/18000, time remaining: 18m 46s
Rendered 5093/18000, time remaining: 18m 53s
Rendered 5094/18000, time remaining: 18m 55s
Rendered 5095/18000, time remaining: 18m 45s
Rendered 5096/18000, time remaining: 18m 45s
Rendered 5097/18000, time remaining: 18m 54s
Rendered 5098/18000, time remaining: 18m 56s
Rendered 5099/18000, time remaining: 18m 51s
Rendered 5100/18000, time remaining: 18m 48s
Rendered 5101/18000, time remaining: 18m 48s
Rendered 5102/18000, time remaining: 19m 3s
Rendered 5103/18000, time remaining: 19m 2s
Rendered 5104/18000, time remaining: 18m 52s
Rendered 5105/18000, time remaining: 18m 56s
Rendered 5106/18000, time remaining: 19m 2s
Rendered 5107/18000, time remaining: 18m 55s
Rendered 5108/18000, time remaining: 18m 52s
Rendered 5109/18000, time remaining: 18m 54s
Rendered 5110/18000, time remaining: 18m 59s
Rendered 5111/18000, time remaining: 18m 55s
Rendered 5112/18000, time remaining: 18m 55s
Rendered 5113/18000, time remaining: 18m 58s
Rendered 5114/18000, time remaining: 19m 7s
Rendered 5115/18000, time remaining: 18m 59s
Rendered 5116/18000, time remaining: 19m 2s
Rendered 5117/18000, time remaining: 18m 57s
Rendered 5118/18000, time remaining: 19m 4s
Rendered 5119/18000, time remaining: 19m 9s
Rendered 5120/18000, time remaining: 19m 1s
Rendered 5121/18000, time remaining: 19m 2s
Rendered 5122/18000, time remaining: 18m 57s
Rendered 5123/18000, time remaining: 19m 4s
Rendered 5124/18000, time remaining: 19m 6s
Rendered 5125/18000, time remaining: 18m 58s
Rendered 5126/18000, time remaining: 19m 2s
Rendered 5127/18000, time remaining: 19m 3s
Rendered 5128/18000, time remaining: 19m 0s
Rendered 5129/18000, time remaining: 18m 56s
Rendered 5130/18000, time remaining: 19m 1s
Rendered 5131/18000, time remaining: 19m 5s
Rendered 5132/18000, time remaining: 19m 4s
Rendered 5133/18000, time remaining: 19m 1s
Rendered 5134/18000, time remaining: 19m 7s
Rendered 5135/18000, time remaining: 19m 9s
Rendered 5136/18000, time remaining: 19m 12s
Rendered 5137/18000, time remaining: 19m 0s
Rendered 5138/18000, time remaining: 19m 6s
Rendered 5139/18000, time remaining: 19m 8s
Rendered 5140/18000, time remaining: 19m 5s
Rendered 5141/18000, time remaining: 19m 4s
Rendered 5142/18000, time remaining: 18m 58s
Rendered 5143/18000, time remaining: 19m 7s
Rendered 5144/18000, time remaining: 19m 8s
Rendered 5145/18000, time remaining: 19m 9s
Rendered 5146/18000, time remaining: 19m 0s
Rendered 5147/18000, time remaining: 19m 11s
Rendered 5148/18000, time remaining: 19m 7s
Rendered 5149/18000, time remaining: 19m 11s
Rendered 5150/18000, time remaining: 19m 8s
Rendered 5151/18000, time remaining: 19m 16s
Rendered 5152/18000, time remaining: 19m 11s
Rendered 5153/18000, time remaining: 19m 10s
Rendered 5154/18000, time remaining: 19m 7s
Rendered 5155/18000, time remaining: 19m 20s
Rendered 5156/18000, time remaining: 19m 16s
Rendered 5157/18000, time remaining: 19m 7s
Rendered 5158/18000, time remaining: 19m 7s
Rendered 5159/18000, time remaining: 19m 19s
Rendered 5160/18000, time remaining: 19m 21s
Rendered 5161/18000, time remaining: 19m 15s
Rendered 5162/18000, time remaining: 19m 10s
Rendered 5163/18000, time remaining: 19m 9s
Rendered 5164/18000, time remaining: 19m 22s
Rendered 5165/18000, time remaining: 19m 24s
Rendered 5166/18000, time remaining: 19m 24s
Rendered 5167/18000, time remaining: 19m 18s
Rendered 5168/18000, time remaining: 19m 15s
Rendered 5169/18000, time remaining: 19m 22s
Rendered 5170/18000, time remaining: 19m 32s
Rendered 5171/18000, time remaining: 19m 29s
Rendered 5172/18000, time remaining: 19m 16s
Rendered 5173/18000, time remaining: 19m 24s
Rendered 5174/18000, time remaining: 19m 39s
Rendered 5175/18000, time remaining: 19m 35s
Rendered 5176/18000, time remaining: 19m 25s
Rendered 5177/18000, time remaining: 19m 22s
Rendered 5178/18000, time remaining: 19m 42s
Rendered 5179/18000, time remaining: 19m 42s
Rendered 5180/18000, time remaining: 19m 38s
Rendered 5181/18000, time remaining: 19m 33s
Rendered 5182/18000, time remaining: 19m 39s
Rendered 5183/18000, time remaining: 19m 46s
Rendered 5184/18000, time remaining: 19m 47s
Rendered 5185/18000, time remaining: 19m 35s
Rendered 5186/18000, time remaining: 19m 45s
Rendered 5187/18000, time remaining: 19m 45s
Rendered 5188/18000, time remaining: 19m 48s
Rendered 5189/18000, time remaining: 19m 35s
Rendered 5190/18000, time remaining: 19m 40s
Rendered 5191/18000, time remaining: 19m 43s
Rendered 5192/18000, time remaining: 19m 58s
Rendered 5193/18000, time remaining: 20m 7s
Rendered 5194/18000, time remaining: 20m 11s
Rendered 5195/18000, time remaining: 20m 13s
Rendered 5196/18000, time remaining: 20m 10s
Rendered 5197/18000, time remaining: 20m 17s
Rendered 5198/18000, time remaining: 20m 31s
Rendered 5199/18000, time remaining: 20m 35s
Rendered 5200/18000, time remaining: 20m 33s
Rendered 5201/18000, time remaining: 20m 29s
Rendered 5202/18000, time remaining: 20m 27s
Rendered 5203/18000, time remaining: 20m 32s
Rendered 5204/18000, time remaining: 20m 32s
Rendered 5205/18000, time remaining: 20m 31s
Rendered 5206/18000, time remaining: 20m 35s
Rendered 5207/18000, time remaining: 20m 26s
Rendered 5208/18000, time remaining: 20m 28s
Rendered 5209/18000, time remaining: 20m 25s
Rendered 5210/18000, time remaining: 20m 32s
Rendered 5211/18000, time remaining: 20m 30s
Rendered 5212/18000, time remaining: 20m 28s
Rendered 5213/18000, time remaining: 20m 25s
Rendered 5214/18000, time remaining: 20m 24s
Rendered 5215/18000, time remaining: 20m 30s
Rendered 5216/18000, time remaining: 20m 36s
Rendered 5217/18000, time remaining: 20m 32s
Rendered 5218/18000, time remaining: 20m 30s
Rendered 5219/18000, time remaining: 20m 27s
Rendered 5220/18000, time remaining: 20m 31s
Rendered 5221/18000, time remaining: 20m 23s
Rendered 5222/18000, time remaining: 20m 26s
Rendered 5223/18000, time remaining: 20m 32s
Rendered 5224/18000, time remaining: 20m 32s
Rendered 5225/18000, time remaining: 20m 27s
Rendered 5226/18000, time remaining: 20m 26s
Rendered 5227/18000, time remaining: 20m 29s
Rendered 5228/18000, time remaining: 20m 31s
Rendered 5229/18000, time remaining: 20m 29s
Rendered 5230/18000, time remaining: 20m 20s
Rendered 5231/18000, time remaining: 20m 27s
Rendered 5232/18000, time remaining: 20m 34s
Rendered 5233/18000, time remaining: 20m 29s
Rendered 5234/18000, time remaining: 20m 25s
Rendered 5235/18000, time remaining: 20m 17s
Rendered 5236/18000, time remaining: 20m 25s
Rendered 5237/18000, time remaining: 20m 33s
Rendered 5238/18000, time remaining: 20m 20s
Rendered 5239/18000, time remaining: 20m 23s
Rendered 5240/18000, time remaining: 20m 17s
Rendered 5241/18000, time remaining: 20m 23s
Rendered 5242/18000, time remaining: 20m 19s
Rendered 5243/18000, time remaining: 20m 22s
Rendered 5244/18000, time remaining: 20m 19s
Rendered 5245/18000, time remaining: 20m 22s
Rendered 5246/18000, time remaining: 20m 23s
Rendered 5247/18000, time remaining: 20m 17s
Rendered 5248/18000, time remaining: 20m 16s
Rendered 5249/18000, time remaining: 20m 22s
Rendered 5250/18000, time remaining: 20m 24s
Rendered 5251/18000, time remaining: 20m 27s
Rendered 5252/18000, time remaining: 20m 12s
Rendered 5253/18000, time remaining: 20m 18s
Rendered 5254/18000, time remaining: 20m 23s
Rendered 5255/18000, time remaining: 20m 21s
Rendered 5256/18000, time remaining: 20m 12s
Rendered 5257/18000, time remaining: 20m 10s
Rendered 5258/18000, time remaining: 20m 22s
Rendered 5259/18000, time remaining: 20m 27s
Rendered 5260/18000, time remaining: 20m 17s
Rendered 5261/18000, time remaining: 20m 16s
Rendered 5262/18000, time remaining: 20m 21s
Rendered 5263/18000, time remaining: 20m 26s
Rendered 5264/18000, time remaining: 20m 22s
Rendered 5265/18000, time remaining: 20m 17s
Rendered 5266/18000, time remaining: 20m 17s
Rendered 5267/18000, time remaining: 20m 23s
Rendered 5268/18000, time remaining: 20m 24s
Rendered 5269/18000, time remaining: 20m 21s
Rendered 5270/18000, time remaining: 20m 17s
Rendered 5271/18000, time remaining: 20m 22s
Rendered 5272/18000, time remaining: 20m 23s
Rendered 5273/18000, time remaining: 20m 27s
Rendered 5274/18000, time remaining: 20m 20s
Rendered 5275/18000, time remaining: 20m 26s
Rendered 5276/18000, time remaining: 20m 20s
Rendered 5277/18000, time remaining: 20m 28s
Rendered 5278/18000, time remaining: 20m 25s
Rendered 5279/18000, time remaining: 20m 28s
Rendered 5280/18000, time remaining: 20m 21s
Rendered 5281/18000, time remaining: 20m 27s
Rendered 5282/18000, time remaining: 20m 25s
Rendered 5283/18000, time remaining: 20m 24s
Rendered 5284/18000, time remaining: 20m 16s
Rendered 5285/18000, time remaining: 20m 25s
Rendered 5286/18000, time remaining: 20m 23s
Rendered 5287/18000, time remaining: 20m 29s
Rendered 5288/18000, time remaining: 20m 16s
Rendered 5289/18000, time remaining: 20m 21s
Rendered 5290/18000, time remaining: 20m 20s
Rendered 5291/18000, time remaining: 20m 27s
Rendered 5292/18000, time remaining: 20m 22s
Rendered 5293/18000, time remaining: 20m 23s
Rendered 5294/18000, time remaining: 20m 17s
Rendered 5295/18000, time remaining: 20m 23s
Rendered 5296/18000, time remaining: 20m 17s
Rendered 5297/18000, time remaining: 20m 17s
Rendered 5298/18000, time remaining: 20m 20s
Rendered 5299/18000, time remaining: 20m 21s
Rendered 5300/18000, time remaining: 20m 21s
Rendered 5301/18000, time remaining: 20m 10s
Rendered 5302/18000, time remaining: 20m 22s
Rendered 5303/18000, time remaining: 20m 23s
Rendered 5304/18000, time remaining: 20m 30s
Rendered 5305/18000, time remaining: 20m 14s
Rendered 5306/18000, time remaining: 20m 21s
Rendered 5307/18000, time remaining: 20m 17s
Rendered 5308/18000, time remaining: 20m 30s
Rendered 5309/18000, time remaining: 20m 19s
Rendered 5310/18000, time remaining: 20m 17s
Rendered 5311/18000, time remaining: 20m 19s
Rendered 5312/18000, time remaining: 20m 24s
Rendered 5313/18000, time remaining: 20m 31s
Rendered 5314/18000, time remaining: 20m 13s
Rendered 5315/18000, time remaining: 20m 13s
Rendered 5316/18000, time remaining: 20m 15s
Rendered 5317/18000, time remaining: 20m 22s
Rendered 5318/18000, time remaining: 20m 23s
Rendered 5319/18000, time remaining: 20m 20s
Rendered 5320/18000, time remaining: 20m 11s
Rendered 5321/18000, time remaining: 20m 11s
Rendered 5322/18000, time remaining: 20m 19s
Rendered 5323/18000, time remaining: 20m 20s
Rendered 5324/18000, time remaining: 20m 5s
Rendered 5325/18000, time remaining: 20m 8s
Rendered 5326/18000, time remaining: 20m 13s
Rendered 5327/18000, time remaining: 20m 15s
Rendered 5328/18000, time remaining: 20m 1s
Rendered 5329/18000, time remaining: 19m 56s
Rendered 5330/18000, time remaining: 20m 7s
Rendered 5331/18000, time remaining: 20m 3s
Rendered 5332/18000, time remaining: 20m 2s
Rendered 5333/18000, time remaining: 19m 55s
Rendered 5334/18000, time remaining: 20m 0s
Rendered 5335/18000, time remaining: 20m 1s
Rendered 5336/18000, time remaining: 19m 56s
Rendered 5337/18000, time remaining: 19m 52s
Rendered 5338/18000, time remaining: 19m 59s
Rendered 5339/18000, time remaining: 19m 57s
Rendered 5340/18000, time remaining: 19m 57s
Rendered 5341/18000, time remaining: 19m 52s
Rendered 5342/18000, time remaining: 19m 46s
Rendered 5343/18000, time remaining: 19m 33s
Rendered 5344/18000, time remaining: 19m 30s
Rendered 5345/18000, time remaining: 19m 24s
Rendered 5346/18000, time remaining: 19m 27s
Rendered 5347/18000, time remaining: 19m 21s
Rendered 5348/18000, time remaining: 19m 8s
Rendered 5349/18000, time remaining: 19m 9s
Rendered 5350/18000, time remaining: 19m 6s
Rendered 5351/18000, time remaining: 19m 9s
Rendered 5352/18000, time remaining: 19m 8s
Rendered 5353/18000, time remaining: 19m 8s
Rendered 5354/18000, time remaining: 19m 3s
Rendered 5355/18000, time remaining: 19m 8s
Rendered 5356/18000, time remaining: 19m 0s
Rendered 5357/18000, time remaining: 19m 7s
Rendered 5358/18000, time remaining: 19m 2s
Rendered 5359/18000, time remaining: 19m 5s
Rendered 5360/18000, time remaining: 18m 56s
Rendered 5361/18000, time remaining: 18m 59s
Rendered 5362/18000, time remaining: 19m 2s
Rendered 5363/18000, time remaining: 19m 9s
Rendered 5364/18000, time remaining: 19m 3s
Rendered 5365/18000, time remaining: 19m 0s
Rendered 5366/18000, time remaining: 18m 57s
Rendered 5367/18000, time remaining: 18m 54s
Rendered 5368/18000, time remaining: 18m 58s
Rendered 5369/18000, time remaining: 18m 58s
Rendered 5370/18000, time remaining: 19m 12s
Rendered 5371/18000, time remaining: 19m 8s
Rendered 5372/18000, time remaining: 19m 7s
Rendered 5373/18000, time remaining: 19m 0s
Rendered 5374/18000, time remaining: 19m 7s
Rendered 5375/18000, time remaining: 19m 4s
Rendered 5376/18000, time remaining: 19m 6s
Rendered 5377/18000, time remaining: 18m 59s
Rendered 5378/18000, time remaining: 19m 6s
Rendered 5379/18000, time remaining: 19m 1s
Rendered 5380/18000, time remaining: 19m 14s
Rendered 5381/18000, time remaining: 19m 6s
Rendered 5382/18000, time remaining: 19m 3s
Rendered 5383/18000, time remaining: 19m 5s
Rendered 5384/18000, time remaining: 19m 10s
Rendered 5385/18000, time remaining: 19m 9s
Rendered 5386/18000, time remaining: 19m 3s
Rendered 5387/18000, time remaining: 18m 58s
Rendered 5388/18000, time remaining: 18m 59s
Rendered 5389/18000, time remaining: 19m 1s
Rendered 5390/18000, time remaining: 19m 1s
Rendered 5391/18000, time remaining: 19m 3s
Rendered 5392/18000, time remaining: 19m 5s
Rendered 5393/18000, time remaining: 19m 3s
Rendered 5394/18000, time remaining: 19m 9s
Rendered 5395/18000, time remaining: 19m 7s
Rendered 5396/18000, time remaining: 19m 10s
Rendered 5397/18000, time remaining: 19m 5s
Rendered 5398/18000, time remaining: 19m 16s
Rendered 5399/18000, time remaining: 19m 18s
Rendered 5400/18000, time remaining: 19m 17s
Rendered 5401/18000, time remaining: 19m 15s
Rendered 5402/18000, time remaining: 19m 12s
Rendered 5403/18000, time remaining: 19m 14s
Rendered 5404/18000, time remaining: 19m 9s
Rendered 5405/18000, time remaining: 19m 13s
Rendered 5406/18000, time remaining: 19m 12s
Rendered 5407/18000, time remaining: 19m 18s
Rendered 5408/18000, time remaining: 19m 8s
Rendered 5409/18000, time remaining: 19m 8s
Rendered 5410/18000, time remaining: 19m 7s
Rendered 5411/18000, time remaining: 19m 14s
Rendered 5412/18000, time remaining: 19m 7s
Rendered 5413/18000, time remaining: 19m 6s
Rendered 5414/18000, time remaining: 19m 1s
Rendered 5415/18000, time remaining: 19m 10s
Rendered 5416/18000, time remaining: 19m 5s
Rendered 5417/18000, time remaining: 19m 9s
Rendered 5418/18000, time remaining: 19m 10s
Rendered 5419/18000, time remaining: 19m 16s
Rendered 5420/18000, time remaining: 19m 22s
Rendered 5421/18000, time remaining: 19m 14s
Rendered 5422/18000, time remaining: 19m 16s
Rendered 5423/18000, time remaining: 19m 13s
Rendered 5424/18000, time remaining: 19m 26s
Rendered 5425/18000, time remaining: 19m 23s
Rendered 5426/18000, time remaining: 19m 29s
Rendered 5427/18000, time remaining: 19m 23s
Rendered 5428/18000, time remaining: 19m 26s
Rendered 5429/18000, time remaining: 19m 23s
Rendered 5430/18000, time remaining: 19m 27s
Rendered 5431/18000, time remaining: 19m 18s
Rendered 5432/18000, time remaining: 19m 26s
Rendered 5433/18000, time remaining: 19m 19s
Rendered 5434/18000, time remaining: 19m 27s
Rendered 5435/18000, time remaining: 19m 18s
Rendered 5436/18000, time remaining: 19m 31s
Rendered 5437/18000, time remaining: 19m 22s
Rendered 5438/18000, time remaining: 19m 31s
Rendered 5439/18000, time remaining: 19m 23s
Rendered 5440/18000, time remaining: 19m 31s
Rendered 5441/18000, time remaining: 19m 23s
Rendered 5442/18000, time remaining: 19m 36s
Rendered 5443/18000, time remaining: 19m 27s
Rendered 5444/18000, time remaining: 19m 37s
Rendered 5445/18000, time remaining: 19m 29s
Rendered 5446/18000, time remaining: 19m 40s
Rendered 5447/18000, time remaining: 19m 28s
Rendered 5448/18000, time remaining: 19m 32s
Rendered 5449/18000, time remaining: 19m 49s
Rendered 5450/18000, time remaining: 20m 0s
Rendered 5451/18000, time remaining: 19m 53s
Rendered 5452/18000, time remaining: 19m 45s
Rendered 5453/18000, time remaining: 20m 0s
Rendered 5454/18000, time remaining: 20m 1s
Rendered 5455/18000, time remaining: 20m 1s
Rendered 5456/18000, time remaining: 19m 59s
Rendered 5457/18000, time remaining: 20m 3s
Rendered 5458/18000, time remaining: 19m 59s
Rendered 5459/18000, time remaining: 19m 57s
Rendered 5460/18000, time remaining: 20m 3s
Rendered 5461/18000, time remaining: 19m 59s
Rendered 5462/18000, time remaining: 21m 42s
Rendered 5463/18000, time remaining: 21m 33s
Rendered 5464/18000, time remaining: 21m 37s
Rendered 5465/18000, time remaining: 21m 44s
Rendered 5466/18000, time remaining: 22m 35s
Rendered 5467/18000, time remaining: 22m 34s
Rendered 5468/18000, time remaining: 22m 31s
Rendered 5469/18000, time remaining: 22m 44s
Rendered 5470/18000, time remaining: 22m 51s
Rendered 5471/18000, time remaining: 22m 53s
Rendered 5472/18000, time remaining: 22m 44s
Rendered 5473/18000, time remaining: 22m 42s
Rendered 5474/18000, time remaining: 23m 2s
Rendered 5475/18000, time remaining: 23m 3s
Rendered 5476/18000, time remaining: 22m 57s
Rendered 5477/18000, time remaining: 23m 3s
Rendered 5478/18000, time remaining: 23m 25s
Rendered 5479/18000, time remaining: 23m 28s
Rendered 5480/18000, time remaining: 23m 24s
Rendered 5481/18000, time remaining: 23m 30s
Rendered 5482/18000, time remaining: 23m 39s
Rendered 5483/18000, time remaining: 23m 41s
Rendered 5484/18000, time remaining: 23m 35s
Rendered 5485/18000, time remaining: 23m 36s
Rendered 5486/18000, time remaining: 23m 47s
Rendered 5487/18000, time remaining: 23m 53s
Rendered 5488/18000, time remaining: 23m 43s
Rendered 5489/18000, time remaining: 23m 45s
Rendered 5490/18000, time remaining: 23m 54s
Rendered 5491/18000, time remaining: 24m 12s
Rendered 5492/18000, time remaining: 24m 7s
Rendered 5493/18000, time remaining: 24m 6s
Rendered 5494/18000, time remaining: 23m 58s
Rendered 5495/18000, time remaining: 24m 19s
Rendered 5496/18000, time remaining: 24m 23s
Rendered 5497/18000, time remaining: 24m 39s
Rendered 5498/18000, time remaining: 24m 47s
Rendered 5499/18000, time remaining: 24m 45s
Rendered 5500/18000, time remaining: 24m 58s
Rendered 5501/18000, time remaining: 24m 52s
Rendered 5502/18000, time remaining: 24m 57s
Rendered 5503/18000, time remaining: 24m 47s
Rendered 5504/18000, time remaining: 25m 11s
Rendered 5505/18000, time remaining: 25m 1s
Rendered 5506/18000, time remaining: 25m 6s
Rendered 5507/18000, time remaining: 24m 56s
Rendered 5508/18000, time remaining: 25m 19s
Rendered 5509/18000, time remaining: 25m 19s
Rendered 5510/18000, time remaining: 25m 18s
Rendered 5511/18000, time remaining: 25m 13s
Rendered 5512/18000, time remaining: 25m 26s
Rendered 5513/18000, time remaining: 25m 22s
Rendered 5514/18000, time remaining: 25m 25s
Rendered 5515/18000, time remaining: 25m 21s
Rendered 5516/18000, time remaining: 25m 23s
Rendered 5517/18000, time remaining: 25m 32s
Rendered 5518/18000, time remaining: 25m 35s
Rendered 5519/18000, time remaining: 25m 35s
Rendered 5520/18000, time remaining: 25m 17s
Rendered 5521/18000, time remaining: 25m 35s
Rendered 5522/18000, time remaining: 25m 38s
Rendered 5523/18000, time remaining: 25m 43s
Rendered 5524/18000, time remaining: 25m 39s
Rendered 5525/18000, time remaining: 25m 39s
Rendered 5526/18000, time remaining: 25m 41s
Rendered 5527/18000, time remaining: 26m 3s
Rendered 5528/18000, time remaining: 26m 5s
Rendered 5529/18000, time remaining: 26m 3s
Rendered 5530/18000, time remaining: 26m 5s
Rendered 5531/18000, time remaining: 26m 5s
Rendered 5532/18000, time remaining: 26m 9s
Rendered 5533/18000, time remaining: 26m 13s
Rendered 5534/18000, time remaining: 26m 8s
Rendered 5535/18000, time remaining: 26m 14s
Rendered 5536/18000, time remaining: 26m 17s
Rendered 5537/18000, time remaining: 26m 23s
Rendered 5538/18000, time remaining: 26m 22s
Rendered 5539/18000, time remaining: 26m 14s
Rendered 5540/18000, time remaining: 26m 23s
Rendered 5541/18000, time remaining: 26m 36s
Rendered 5542/18000, time remaining: 26m 33s
Rendered 5543/18000, time remaining: 26m 26s
Rendered 5544/18000, time remaining: 26m 18s
Rendered 5545/18000, time remaining: 26m 42s
Rendered 5546/18000, time remaining: 26m 38s
Rendered 5547/18000, time remaining: 26m 38s
Rendered 5548/18000, time remaining: 26m 24s
Rendered 5549/18000, time remaining: 26m 40s
Rendered 5550/18000, time remaining: 26m 39s
Rendered 5551/18000, time remaining: 26m 35s
Rendered 5552/18000, time remaining: 26m 35s
Rendered 5553/18000, time remaining: 26m 47s
Rendered 5554/18000, time remaining: 26m 50s
Rendered 5555/18000, time remaining: 26m 45s
Rendered 5556/18000, time remaining: 26m 46s
Rendered 5557/18000, time remaining: 26m 47s
Rendered 5558/18000, time remaining: 26m 50s
Rendered 5559/18000, time remaining: 26m 45s
Rendered 5560/18000, time remaining: 26m 50s
Rendered 5561/18000, time remaining: 26m 53s
Rendered 5562/18000, time remaining: 26m 59s
Rendered 5563/18000, time remaining: 26m 48s
Rendered 5564/18000, time remaining: 27m 1s
Rendered 5565/18000, time remaining: 26m 56s
Rendered 5566/18000, time remaining: 27m 1s
Rendered 5567/18000, time remaining: 26m 55s
Rendered 5568/18000, time remaining: 26m 55s
Rendered 5569/18000, time remaining: 26m 49s
Rendered 5570/18000, time remaining: 26m 52s
Rendered 5571/18000, time remaining: 26m 55s
Rendered 5572/18000, time remaining: 26m 56s
Rendered 5573/18000, time remaining: 26m 59s
Rendered 5574/18000, time remaining: 26m 48s
Rendered 5575/18000, time remaining: 26m 49s
Rendered 5576/18000, time remaining: 26m 51s
Rendered 5577/18000, time remaining: 27m 0s
Rendered 5578/18000, time remaining: 27m 2s
Rendered 5579/18000, time remaining: 26m 56s
Rendered 5580/18000, time remaining: 26m 58s
Rendered 5581/18000, time remaining: 27m 4s
Rendered 5582/18000, time remaining: 27m 5s
Rendered 5583/18000, time remaining: 27m 6s
Rendered 5584/18000, time remaining: 27m 3s
Rendered 5585/18000, time remaining: 27m 11s
Rendered 5586/18000, time remaining: 27m 2s
Rendered 5587/18000, time remaining: 27m 5s
Rendered 5588/18000, time remaining: 27m 2s
Rendered 5589/18000, time remaining: 27m 13s
Rendered 5590/18000, time remaining: 27m 8s
Rendered 5591/18000, time remaining: 27m 6s
Rendered 5592/18000, time remaining: 27m 12s
Rendered 5593/18000, time remaining: 27m 13s
Rendered 5594/18000, time remaining: 27m 7s
Rendered 5595/18000, time remaining: 27m 12s
Rendered 5596/18000, time remaining: 27m 17s
Rendered 5597/18000, time remaining: 27m 17s
Rendered 5598/18000, time remaining: 27m 12s
Rendered 5599/18000, time remaining: 26m 56s
Rendered 5600/18000, time remaining: 26m 58s
Rendered 5601/18000, time remaining: 27m 0s
Rendered 5602/18000, time remaining: 26m 59s
Rendered 5603/18000, time remaining: 26m 39s
Rendered 5604/18000, time remaining: 26m 52s
Rendered 5605/18000, time remaining: 26m 52s
Rendered 5606/18000, time remaining: 26m 53s
Rendered 5607/18000, time remaining: 26m 49s
Rendered 5608/18000, time remaining: 26m 53s
Rendered 5609/18000, time remaining: 26m 54s
Rendered 5610/18000, time remaining: 26m 47s
Rendered 5611/18000, time remaining: 26m 55s
Rendered 5612/18000, time remaining: 25m 30s
Rendered 5613/18000, time remaining: 25m 26s
Rendered 5614/18000, time remaining: 25m 21s
Rendered 5615/18000, time remaining: 25m 17s
Rendered 5616/18000, time remaining: 24m 43s
Rendered 5617/18000, time remaining: 24m 37s
Rendered 5618/18000, time remaining: 24m 31s
Rendered 5619/18000, time remaining: 24m 15s
Rendered 5620/18000, time remaining: 24m 32s
Rendered 5621/18000, time remaining: 24m 29s
Rendered 5622/18000, time remaining: 24m 31s
Rendered 5623/18000, time remaining: 24m 23s
Rendered 5624/18000, time remaining: 24m 35s
Rendered 5625/18000, time remaining: 24m 30s
Rendered 5626/18000, time remaining: 24m 31s
Rendered 5627/18000, time remaining: 24m 22s
Rendered 5628/18000, time remaining: 24m 28s
Rendered 5629/18000, time remaining: 24m 28s
Rendered 5630/18000, time remaining: 24m 23s
Rendered 5631/18000, time remaining: 24m 18s
Rendered 5632/18000, time remaining: 24m 20s
Rendered 5633/18000, time remaining: 24m 21s
Rendered 5634/18000, time remaining: 24m 21s
Rendered 5635/18000, time remaining: 24m 21s
Rendered 5636/18000, time remaining: 24m 11s
Rendered 5637/18000, time remaining: 24m 14s
Rendered 5638/18000, time remaining: 24m 26s
Rendered 5639/18000, time remaining: 24m 26s
Rendered 5640/18000, time remaining: 24m 11s
Rendered 5641/18000, time remaining: 23m 54s
Rendered 5642/18000, time remaining: 24m 17s
Rendered 5643/18000, time remaining: 24m 17s
Rendered 5644/18000, time remaining: 24m 17s
Rendered 5645/18000, time remaining: 23m 56s
Rendered 5646/18000, time remaining: 24m 14s
Rendered 5647/18000, time remaining: 23m 54s
Rendered 5648/18000, time remaining: 23m 48s
Rendered 5649/18000, time remaining: 23m 41s
Rendered 5650/18000, time remaining: 23m 50s
Rendered 5651/18000, time remaining: 23m 54s
Rendered 5652/18000, time remaining: 23m 57s
Rendered 5653/18000, time remaining: 24m 1s
Rendered 5654/18000, time remaining: 23m 41s
Rendered 5655/18000, time remaining: 23m 48s
Rendered 5656/18000, time remaining: 23m 52s
Rendered 5657/18000, time remaining: 24m 4s
Rendered 5658/18000, time remaining: 23m 38s
Rendered 5659/18000, time remaining: 23m 48s
Rendered 5660/18000, time remaining: 23m 54s
Rendered 5661/18000, time remaining: 23m 58s
Rendered 5662/18000, time remaining: 23m 43s
Rendered 5663/18000, time remaining: 23m 44s
Rendered 5664/18000, time remaining: 23m 48s
Rendered 5665/18000, time remaining: 23m 55s
Rendered 5666/18000, time remaining: 24m 0s
Rendered 5667/18000, time remaining: 23m 55s
Rendered 5668/18000, time remaining: 23m 47s
Rendered 5669/18000, time remaining: 23m 57s
Rendered 5670/18000, time remaining: 24m 2s
Rendered 5671/18000, time remaining: 23m 50s
Rendered 5672/18000, time remaining: 23m 42s
Rendered 5673/18000, time remaining: 23m 42s
Rendered 5674/18000, time remaining: 23m 49s
Rendered 5675/18000, time remaining: 23m 53s
Rendered 5676/18000, time remaining: 23m 42s
Rendered 5677/18000, time remaining: 23m 26s
Rendered 5678/18000, time remaining: 23m 29s
Rendered 5679/18000, time remaining: 23m 35s
Rendered 5680/18000, time remaining: 23m 22s
Rendered 5681/18000, time remaining: 23m 26s
Rendered 5682/18000, time remaining: 23m 25s
Rendered 5683/18000, time remaining: 23m 32s
Rendered 5684/18000, time remaining: 23m 29s
Rendered 5685/18000, time remaining: 23m 26s
Rendered 5686/18000, time remaining: 23m 19s
Rendered 5687/18000, time remaining: 23m 27s
Rendered 5688/18000, time remaining: 23m 30s
Rendered 5689/18000, time remaining: 23m 35s
Rendered 5690/18000, time remaining: 23m 26s
Rendered 5691/18000, time remaining: 23m 14s
Rendered 5692/18000, time remaining: 23m 24s
Rendered 5693/18000, time remaining: 23m 28s
Rendered 5694/18000, time remaining: 23m 32s
Rendered 5695/18000, time remaining: 23m 9s
Rendered 5696/18000, time remaining: 23m 12s
Rendered 5697/18000, time remaining: 23m 18s
Rendered 5698/18000, time remaining: 23m 27s
Rendered 5699/18000, time remaining: 23m 9s
Rendered 5700/18000, time remaining: 23m 6s
Rendered 5701/18000, time remaining: 23m 18s
Rendered 5702/18000, time remaining: 23m 20s
Rendered 5703/18000, time remaining: 23m 4s
Rendered 5704/18000, time remaining: 23m 6s
Rendered 5705/18000, time remaining: 23m 15s
Rendered 5706/18000, time remaining: 23m 15s
Rendered 5707/18000, time remaining: 23m 9s
Rendered 5708/18000, time remaining: 23m 8s
Rendered 5709/18000, time remaining: 23m 34s
Rendered 5710/18000, time remaining: 23m 29s
Rendered 5711/18000, time remaining: 23m 18s
Rendered 5712/18000, time remaining: 23m 14s
Rendered 5713/18000, time remaining: 23m 35s
Rendered 5714/18000, time remaining: 23m 25s
Rendered 5715/18000, time remaining: 23m 22s
Rendered 5716/18000, time remaining: 23m 17s
Rendered 5717/18000, time remaining: 23m 32s
Rendered 5718/18000, time remaining: 23m 33s
Rendered 5719/18000, time remaining: 23m 27s
Rendered 5720/18000, time remaining: 23m 24s
Rendered 5721/18000, time remaining: 23m 30s
Rendered 5722/18000, time remaining: 23m 33s
Rendered 5723/18000, time remaining: 23m 27s
Rendered 5724/18000, time remaining: 23m 26s
Rendered 5725/18000, time remaining: 23m 34s
Rendered 5726/18000, time remaining: 23m 32s
Rendered 5727/18000, time remaining: 23m 24s
Rendered 5728/18000, time remaining: 23m 18s
Rendered 5729/18000, time remaining: 23m 33s
Rendered 5730/18000, time remaining: 23m 35s
Rendered 5731/18000, time remaining: 23m 27s
Rendered 5732/18000, time remaining: 23m 21s
Rendered 5733/18000, time remaining: 23m 58s
Rendered 5734/18000, time remaining: 23m 49s
Rendered 5735/18000, time remaining: 23m 46s
Rendered 5736/18000, time remaining: 23m 44s
Rendered 5737/18000, time remaining: 24m 6s
Rendered 5738/18000, time remaining: 24m 3s
Rendered 5739/18000, time remaining: 23m 51s
Rendered 5740/18000, time remaining: 23m 47s
Rendered 5741/18000, time remaining: 24m 6s
Rendered 5742/18000, time remaining: 23m 50s
Rendered 5743/18000, time remaining: 23m 48s
Rendered 5744/18000, time remaining: 23m 45s
Rendered 5745/18000, time remaining: 23m 48s
Rendered 5746/18000, time remaining: 23m 48s
Rendered 5747/18000, time remaining: 23m 51s
Rendered 5748/18000, time remaining: 23m 47s
Rendered 5749/18000, time remaining: 23m 43s
Rendered 5750/18000, time remaining: 23m 47s
Rendered 5751/18000, time remaining: 23m 52s
Rendered 5752/18000, time remaining: 23m 49s
Rendered 5753/18000, time remaining: 23m 48s
Rendered 5754/18000, time remaining: 23m 32s
Rendered 5755/18000, time remaining: 23m 51s
Rendered 5756/18000, time remaining: 23m 48s
Rendered 5757/18000, time remaining: 23m 49s
Rendered 5758/18000, time remaining: 23m 33s
Rendered 5759/18000, time remaining: 23m 49s
Rendered 5760/18000, time remaining: 23m 52s
Rendered 5761/18000, time remaining: 23m 43s
Rendered 5762/18000, time remaining: 23m 26s
Rendered 5763/18000, time remaining: 23m 39s
Rendered 5764/18000, time remaining: 23m 43s
Rendered 5765/18000, time remaining: 23m 37s
Rendered 5766/18000, time remaining: 23m 15s
Rendered 5767/18000, time remaining: 23m 35s
Rendered 5768/18000, time remaining: 23m 38s
Rendered 5769/18000, time remaining: 23m 41s
Rendered 5770/18000, time remaining: 23m 12s
Rendered 5771/18000, time remaining: 23m 21s
Rendered 5772/18000, time remaining: 23m 25s
Rendered 5773/18000, time remaining: 23m 30s
Rendered 5774/18000, time remaining: 22m 55s
Rendered 5775/18000, time remaining: 23m 1s
Rendered 5776/18000, time remaining: 23m 8s
Rendered 5777/18000, time remaining: 23m 13s
Rendered 5778/18000, time remaining: 22m 40s
Rendered 5779/18000, time remaining: 22m 44s
Rendered 5780/18000, time remaining: 22m 50s
Rendered 5781/18000, time remaining: 22m 56s
Rendered 5782/18000, time remaining: 22m 39s
Rendered 5783/18000, time remaining: 22m 38s
Rendered 5784/18000, time remaining: 22m 41s
Rendered 5785/18000, time remaining: 22m 49s
Rendered 5786/18000, time remaining: 22m 43s
Rendered 5787/18000, time remaining: 22m 34s
Rendered 5788/18000, time remaining: 22m 25s
Rendered 5789/18000, time remaining: 22m 31s
Rendered 5790/18000, time remaining: 22m 35s
Rendered 5791/18000, time remaining: 22m 36s
Rendered 5792/18000, time remaining: 22m 8s
Rendered 5793/18000, time remaining: 22m 12s
Rendered 5794/18000, time remaining: 22m 22s
Rendered 5795/18000, time remaining: 22m 27s
Rendered 5796/18000, time remaining: 22m 1s
Rendered 5797/18000, time remaining: 22m 1s
Rendered 5798/18000, time remaining: 22m 10s
Rendered 5799/18000, time remaining: 22m 15s
Rendered 5800/18000, time remaining: 21m 58s
Rendered 5801/18000, time remaining: 21m 52s
Rendered 5802/18000, time remaining: 21m 51s
Rendered 5803/18000, time remaining: 21m 48s
Rendered 5804/18000, time remaining: 21m 48s
Rendered 5805/18000, time remaining: 21m 48s
Rendered 5806/18000, time remaining: 21m 47s
Rendered 5807/18000, time remaining: 21m 34s
Rendered 5808/18000, time remaining: 21m 38s
Rendered 5809/18000, time remaining: 21m 29s
Rendered 5810/18000, time remaining: 21m 34s
Rendered 5811/18000, time remaining: 21m 32s
Rendered 5812/18000, time remaining: 21m 25s
Rendered 5813/18000, time remaining: 21m 24s
Rendered 5814/18000, time remaining: 21m 26s
Rendered 5815/18000, time remaining: 21m 25s
Rendered 5816/18000, time remaining: 21m 15s
Rendered 5817/18000, time remaining: 21m 9s
Rendered 5818/18000, time remaining: 21m 10s
Rendered 5819/18000, time remaining: 21m 8s
Rendered 5820/18000, time remaining: 21m 6s
Rendered 5821/18000, time remaining: 21m 6s
Rendered 5822/18000, time remaining: 21m 4s
Rendered 5823/18000, time remaining: 21m 4s
Rendered 5824/18000, time remaining: 21m 0s
Rendered 5825/18000, time remaining: 20m 59s
Rendered 5826/18000, time remaining: 20m 57s
Rendered 5827/18000, time remaining: 20m 54s
Rendered 5828/18000, time remaining: 20m 48s
Rendered 5829/18000, time remaining: 20m 57s
Rendered 5830/18000, time remaining: 21m 0s
Rendered 5831/18000, time remaining: 20m 54s
Rendered 5832/18000, time remaining: 20m 47s
Rendered 5833/18000, time remaining: 20m 40s
Rendered 5834/18000, time remaining: 20m 46s
Rendered 5835/18000, time remaining: 20m 51s
Rendered 5836/18000, time remaining: 20m 50s
Rendered 5837/18000, time remaining: 20m 34s
Rendered 5838/18000, time remaining: 20m 30s
Rendered 5839/18000, time remaining: 20m 36s
Rendered 5840/18000, time remaining: 20m 39s
Rendered 5841/18000, time remaining: 20m 30s
Rendered 5842/18000, time remaining: 20m 20s
Rendered 5843/18000, time remaining: 20m 25s
Rendered 5844/18000, time remaining: 20m 24s
Rendered 5845/18000, time remaining: 20m 25s
Rendered 5846/18000, time remaining: 20m 18s
Rendered 5847/18000, time remaining: 20m 16s
Rendered 5848/18000, time remaining: 20m 15s
Rendered 5849/18000, time remaining: 20m 12s
Rendered 5850/18000, time remaining: 20m 11s
Rendered 5851/18000, time remaining: 20m 3s
Rendered 5852/18000, time remaining: 20m 8s
Rendered 5853/18000, time remaining: 20m 6s
Rendered 5854/18000, time remaining: 20m 4s
Rendered 5855/18000, time remaining: 19m 51s
Rendered 5856/18000, time remaining: 19m 54s
Rendered 5857/18000, time remaining: 19m 56s
Rendered 5858/18000, time remaining: 20m 3s
Rendered 5859/18000, time remaining: 19m 36s
Rendered 5860/18000, time remaining: 19m 36s
Rendered 5861/18000, time remaining: 19m 38s
Rendered 5862/18000, time remaining: 19m 44s
Rendered 5863/18000, time remaining: 19m 31s
Rendered 5864/18000, time remaining: 19m 27s
Rendered 5865/18000, time remaining: 19m 29s
Rendered 5866/18000, time remaining: 19m 38s
Rendered 5867/18000, time remaining: 19m 26s
Rendered 5868/18000, time remaining: 19m 15s
Rendered 5869/18000, time remaining: 19m 18s
Rendered 5870/18000, time remaining: 19m 15s
Rendered 5871/18000, time remaining: 19m 17s
Rendered 5872/18000, time remaining: 19m 13s
Rendered 5873/18000, time remaining: 19m 8s
Rendered 5874/18000, time remaining: 19m 17s
Rendered 5875/18000, time remaining: 19m 6s
Rendered 5876/18000, time remaining: 19m 8s
Rendered 5877/18000, time remaining: 19m 10s
Rendered 5878/18000, time remaining: 19m 16s
Rendered 5879/18000, time remaining: 19m 0s
Rendered 5880/18000, time remaining: 18m 53s
Rendered 5881/18000, time remaining: 19m 4s
Rendered 5882/18000, time remaining: 19m 7s
Rendered 5883/18000, time remaining: 18m 31s
Rendered 5884/18000, time remaining: 18m 32s
Rendered 5885/18000, time remaining: 18m 29s
Rendered 5886/18000, time remaining: 18m 40s
Rendered 5887/18000, time remaining: 18m 17s
Rendered 5888/18000, time remaining: 18m 16s
Rendered 5889/18000, time remaining: 18m 16s
Rendered 5890/18000, time remaining: 18m 24s
Rendered 5891/18000, time remaining: 18m 11s
Rendered 5892/18000, time remaining: 18m 13s
Rendered 5893/18000, time remaining: 18m 13s
Rendered 5894/18000, time remaining: 18m 15s
Rendered 5895/18000, time remaining: 18m 14s
Rendered 5896/18000, time remaining: 18m 3s
Rendered 5897/18000, time remaining: 18m 3s
Rendered 5898/18000, time remaining: 18m 6s
Rendered 5899/18000, time remaining: 18m 8s
Rendered 5900/18000, time remaining: 17m 53s
Rendered 5901/18000, time remaining: 17m 51s
Rendered 5902/18000, time remaining: 17m 59s
Rendered 5903/18000, time remaining: 18m 5s
Rendered 5904/18000, time remaining: 18m 7s
Rendered 5905/18000, time remaining: 17m 50s
Rendered 5906/18000, time remaining: 17m 50s
Rendered 5907/18000, time remaining: 18m 5s
Rendered 5908/18000, time remaining: 18m 7s
Rendered 5909/18000, time remaining: 17m 48s
Rendered 5910/18000, time remaining: 17m 47s
Rendered 5911/18000, time remaining: 17m 55s
Rendered 5912/18000, time remaining: 17m 58s
Rendered 5913/18000, time remaining: 17m 48s
Rendered 5914/18000, time remaining: 17m 43s
Rendered 5915/18000, time remaining: 17m 51s
Rendered 5916/18000, time remaining: 17m 57s
Rendered 5917/18000, time remaining: 17m 42s
Rendered 5918/18000, time remaining: 17m 42s
Rendered 5919/18000, time remaining: 17m 39s
Rendered 5920/18000, time remaining: 17m 44s
Rendered 5921/18000, time remaining: 17m 50s
Rendered 5922/18000, time remaining: 17m 46s
Rendered 5923/18000, time remaining: 17m 45s
Rendered 5924/18000, time remaining: 17m 50s
Rendered 5925/18000, time remaining: 17m 53s
Rendered 5926/18000, time remaining: 17m 46s
Rendered 5927/18000, time remaining: 17m 43s
Rendered 5928/18000, time remaining: 17m 47s
Rendered 5929/18000, time remaining: 17m 47s
Rendered 5930/18000, time remaining: 17m 41s
Rendered 5931/18000, time remaining: 17m 36s
Rendered 5932/18000, time remaining: 17m 34s
Rendered 5933/18000, time remaining: 17m 46s
Rendered 5934/18000, time remaining: 17m 39s
Rendered 5935/18000, time remaining: 17m 34s
Rendered 5936/18000, time remaining: 17m 28s
Rendered 5937/18000, time remaining: 17m 42s
Rendered 5938/18000, time remaining: 17m 41s
Rendered 5939/18000, time remaining: 17m 38s
Rendered 5940/18000, time remaining: 17m 30s
Rendered 5941/18000, time remaining: 17m 32s
Rendered 5942/18000, time remaining: 17m 40s
Rendered 5943/18000, time remaining: 17m 39s
Rendered 5944/18000, time remaining: 17m 34s
Rendered 5945/18000, time remaining: 17m 29s
Rendered 5946/18000, time remaining: 17m 33s
Rendered 5947/18000, time remaining: 17m 39s
Rendered 5948/18000, time remaining: 17m 33s
Rendered 5949/18000, time remaining: 17m 33s
Rendered 5950/18000, time remaining: 17m 27s
Rendered 5951/18000, time remaining: 17m 33s
Rendered 5952/18000, time remaining: 17m 30s
Rendered 5953/18000, time remaining: 17m 41s
Rendered 5954/18000, time remaining: 17m 40s
Rendered 5955/18000, time remaining: 17m 34s
Rendered 5956/18000, time remaining: 17m 32s
Rendered 5957/18000, time remaining: 17m 39s
Rendered 5958/18000, time remaining: 17m 45s
Rendered 5959/18000, time remaining: 17m 44s
Rendered 5960/18000, time remaining: 17m 33s
Rendered 5961/18000, time remaining: 17m 30s
Rendered 5962/18000, time remaining: 17m 46s
Rendered 5963/18000, time remaining: 17m 47s
Rendered 5964/18000, time remaining: 17m 38s
Rendered 5965/18000, time remaining: 17m 33s
Rendered 5966/18000, time remaining: 17m 37s
Rendered 5967/18000, time remaining: 17m 44s
Rendered 5968/18000, time remaining: 17m 45s
Rendered 5969/18000, time remaining: 17m 40s
Rendered 5970/18000, time remaining: 17m 37s
Rendered 5971/18000, time remaining: 17m 35s
Rendered 5972/18000, time remaining: 17m 42s
Rendered 5973/18000, time remaining: 17m 43s
Rendered 5974/18000, time remaining: 17m 41s
Rendered 5975/18000, time remaining: 17m 34s
Rendered 5976/18000, time remaining: 17m 38s
Rendered 5977/18000, time remaining: 17m 42s
Rendered 5978/18000, time remaining: 17m 46s
Rendered 5979/18000, time remaining: 17m 33s
Rendered 5980/18000, time remaining: 17m 33s
Rendered 5981/18000, time remaining: 17m 39s
Rendered 5982/18000, time remaining: 17m 44s
Rendered 5983/18000, time remaining: 17m 42s
Rendered 5984/18000, time remaining: 17m 40s
Rendered 5985/18000, time remaining: 17m 42s
Rendered 5986/18000, time remaining: 17m 40s
Rendered 5987/18000, time remaining: 17m 42s
Rendered 5988/18000, time remaining: 17m 44s
Rendered 5989/18000, time remaining: 17m 43s
Rendered 5990/18000, time remaining: 17m 44s
Rendered 5991/18000, time remaining: 17m 54s
Rendered 5992/18000, time remaining: 17m 51s
Rendered 5993/18000, time remaining: 17m 44s
Rendered 5994/18000, time remaining: 17m 40s
Rendered 5995/18000, time remaining: 17m 53s
Rendered 5996/18000, time remaining: 17m 52s
Rendered 5997/18000, time remaining: 17m 51s
Rendered 5998/18000, time remaining: 17m 45s
Rendered 5999/18000, time remaining: 17m 57s
Rendered 6000/18000, time remaining: 17m 57s
Rendered 6001/18000, time remaining: 17m 56s
Rendered 6002/18000, time remaining: 17m 50s
Rendered 6003/18000, time remaining: 18m 6s
Rendered 6004/18000, time remaining: 18m 3s
Rendered 6005/18000, time remaining: 18m 5s
Rendered 6006/18000, time remaining: 18m 1s
Rendered 6007/18000, time remaining: 18m 11s
Rendered 6008/18000, time remaining: 18m 4s
Rendered 6009/18000, time remaining: 18m 3s
Rendered 6010/18000, time remaining: 18m 5s
Rendered 6011/18000, time remaining: 18m 9s
Rendered 6012/18000, time remaining: 18m 10s
Rendered 6013/18000, time remaining: 18m 0s
Rendered 6014/18000, time remaining: 18m 4s
Rendered 6015/18000, time remaining: 18m 12s
Rendered 6016/18000, time remaining: 18m 7s
Rendered 6017/18000, time remaining: 18m 5s
Rendered 6018/18000, time remaining: 18m 4s
Rendered 6019/18000, time remaining: 18m 5s
Rendered 6020/18000, time remaining: 18m 11s
Rendered 6021/18000, time remaining: 18m 5s
Rendered 6022/18000, time remaining: 18m 0s
Rendered 6023/18000, time remaining: 18m 3s
Rendered 6024/18000, time remaining: 18m 3s
Rendered 6025/18000, time remaining: 18m 7s
Rendered 6026/18000, time remaining: 18m 2s
Rendered 6027/18000, time remaining: 17m 57s
Rendered 6028/18000, time remaining: 17m 55s
Rendered 6029/18000, time remaining: 18m 11s
Rendered 6030/18000, time remaining: 18m 10s
Rendered 6031/18000, time remaining: 18m 0s
Rendered 6032/18000, time remaining: 17m 53s
Rendered 6033/18000, time remaining: 18m 5s
Rendered 6034/18000, time remaining: 18m 10s
Rendered 6035/18000, time remaining: 18m 11s
Rendered 6036/18000, time remaining: 17m 57s
Rendered 6037/18000, time remaining: 17m 58s
Rendered 6038/18000, time remaining: 18m 4s
Rendered 6039/18000, time remaining: 18m 11s
Rendered 6040/18000, time remaining: 18m 3s
Rendered 6041/18000, time remaining: 17m 59s
Rendered 6042/18000, time remaining: 18m 0s
Rendered 6043/18000, time remaining: 18m 8s
Rendered 6044/18000, time remaining: 18m 9s
Rendered 6045/18000, time remaining: 18m 9s
Rendered 6046/18000, time remaining: 18m 1s
Rendered 6047/18000, time remaining: 18m 4s
Rendered 6048/18000, time remaining: 18m 13s
Rendered 6049/18000, time remaining: 18m 17s
Rendered 6050/18000, time remaining: 18m 13s
Rendered 6051/18000, time remaining: 18m 10s
Rendered 6052/18000, time remaining: 18m 20s
Rendered 6053/18000, time remaining: 18m 13s
Rendered 6054/18000, time remaining: 18m 10s
Rendered 6055/18000, time remaining: 18m 7s
Rendered 6056/18000, time remaining: 18m 19s
Rendered 6057/18000, time remaining: 18m 7s
Rendered 6058/18000, time remaining: 18m 4s
Rendered 6059/18000, time remaining: 18m 9s
Rendered 6060/18000, time remaining: 18m 12s
Rendered 6061/18000, time remaining: 18m 12s
Rendered 6062/18000, time remaining: 18m 5s
Rendered 6063/18000, time remaining: 18m 4s
Rendered 6064/18000, time remaining: 18m 5s
Rendered 6065/18000, time remaining: 18m 11s
Rendered 6066/18000, time remaining: 18m 4s
Rendered 6067/18000, time remaining: 18m 3s
Rendered 6068/18000, time remaining: 17m 59s
Rendered 6069/18000, time remaining: 18m 12s
Rendered 6070/18000, time remaining: 18m 10s
Rendered 6071/18000, time remaining: 17m 58s
Rendered 6072/18000, time remaining: 17m 58s
Rendered 6073/18000, time remaining: 18m 11s
Rendered 6074/18000, time remaining: 18m 9s
Rendered 6075/18000, time remaining: 18m 2s
Rendered 6076/18000, time remaining: 18m 6s
Rendered 6077/18000, time remaining: 18m 11s
Rendered 6078/18000, time remaining: 18m 11s
Rendered 6079/18000, time remaining: 18m 7s
Rendered 6080/18000, time remaining: 18m 7s
Rendered 6081/18000, time remaining: 18m 10s
Rendered 6082/18000, time remaining: 18m 14s
Rendered 6083/18000, time remaining: 18m 5s
Rendered 6084/18000, time remaining: 18m 11s
Rendered 6085/18000, time remaining: 18m 8s
Rendered 6086/18000, time remaining: 18m 11s
Rendered 6087/18000, time remaining: 18m 2s
Rendered 6088/18000, time remaining: 18m 8s
Rendered 6089/18000, time remaining: 18m 8s
Rendered 6090/18000, time remaining: 18m 9s
Rendered 6091/18000, time remaining: 18m 10s
Rendered 6092/18000, time remaining: 18m 12s
Rendered 6093/18000, time remaining: 18m 11s
Rendered 6094/18000, time remaining: 18m 8s
Rendered 6095/18000, time remaining: 18m 6s
Rendered 6096/18000, time remaining: 18m 12s
Rendered 6097/18000, time remaining: 18m 6s
Rendered 6098/18000, time remaining: 18m 5s
Rendered 6099/18000, time remaining: 18m 0s
Rendered 6100/18000, time remaining: 18m 16s
Rendered 6101/18000, time remaining: 18m 9s
Rendered 6102/18000, time remaining: 18m 10s
Rendered 6103/18000, time remaining: 17m 58s
Rendered 6104/18000, time remaining: 18m 13s
Rendered 6105/18000, time remaining: 18m 10s
Rendered 6106/18000, time remaining: 18m 10s
Rendered 6107/18000, time remaining: 18m 2s
Rendered 6108/18000, time remaining: 18m 9s
Rendered 6109/18000, time remaining: 18m 10s
Rendered 6110/18000, time remaining: 18m 9s
Rendered 6111/18000, time remaining: 18m 9s
Rendered 6112/18000, time remaining: 18m 7s
Rendered 6113/18000, time remaining: 18m 13s
Rendered 6114/18000, time remaining: 18m 13s
Rendered 6115/18000, time remaining: 18m 12s
Rendered 6116/18000, time remaining: 18m 9s
Rendered 6117/18000, time remaining: 18m 23s
Rendered 6118/18000, time remaining: 18m 19s
Rendered 6119/18000, time remaining: 18m 17s
Rendered 6120/18000, time remaining: 18m 17s
Rendered 6121/18000, time remaining: 18m 25s
Rendered 6122/18000, time remaining: 18m 23s
Rendered 6123/18000, time remaining: 18m 21s
Rendered 6124/18000, time remaining: 18m 14s
Rendered 6125/18000, time remaining: 18m 23s
Rendered 6126/18000, time remaining: 18m 25s
Rendered 6127/18000, time remaining: 18m 21s
Rendered 6128/18000, time remaining: 18m 14s
Rendered 6129/18000, time remaining: 18m 15s
Rendered 6130/18000, time remaining: 18m 15s
Rendered 6131/18000, time remaining: 18m 16s
Rendered 6132/18000, time remaining: 18m 11s
Rendered 6133/18000, time remaining: 18m 12s
Rendered 6134/18000, time remaining: 18m 7s
Rendered 6135/18000, time remaining: 18m 2s
Rendered 6136/18000, time remaining: 18m 6s
Rendered 6137/18000, time remaining: 18m 12s
Rendered 6138/18000, time remaining: 18m 10s
Rendered 6139/18000, time remaining: 17m 59s
Rendered 6140/18000, time remaining: 18m 1s
Rendered 6141/18000, time remaining: 17m 59s
Rendered 6142/18000, time remaining: 18m 1s
Rendered 6143/18000, time remaining: 17m 58s
Rendered 6144/18000, time remaining: 18m 5s
Rendered 6145/18000, time remaining: 17m 54s
Rendered 6146/18000, time remaining: 18m 1s
Rendered 6147/18000, time remaining: 18m 4s
Rendered 6148/18000, time remaining: 18m 0s
Rendered 6149/18000, time remaining: 17m 51s
Rendered 6150/18000, time remaining: 17m 59s
Rendered 6151/18000, time remaining: 18m 1s
Rendered 6152/18000, time remaining: 17m 59s
Rendered 6153/18000, time remaining: 17m 42s
Rendered 6154/18000, time remaining: 17m 47s
Rendered 6155/18000, time remaining: 17m 55s
Rendered 6156/18000, time remaining: 17m 54s
Rendered 6157/18000, time remaining: 17m 36s
Rendered 6158/18000, time remaining: 17m 38s
Rendered 6159/18000, time remaining: 17m 53s
Rendered 6160/18000, time remaining: 17m 52s
Rendered 6161/18000, time remaining: 17m 44s
Rendered 6162/18000, time remaining: 17m 36s
Rendered 6163/18000, time remaining: 17m 55s
Rendered 6164/18000, time remaining: 17m 55s
Rendered 6165/18000, time remaining: 17m 47s
Rendered 6166/18000, time remaining: 17m 43s
Rendered 6167/18000, time remaining: 17m 44s
Rendered 6168/18000, time remaining: 17m 54s
Rendered 6169/18000, time remaining: 17m 54s
Rendered 6170/18000, time remaining: 17m 44s
Rendered 6171/18000, time remaining: 17m 44s
Rendered 6172/18000, time remaining: 17m 49s
Rendered 6173/18000, time remaining: 17m 53s
Rendered 6174/18000, time remaining: 17m 47s
Rendered 6175/18000, time remaining: 17m 39s
Rendered 6176/18000, time remaining: 17m 37s
Rendered 6177/18000, time remaining: 17m 48s
Rendered 6178/18000, time remaining: 17m 47s
Rendered 6179/18000, time remaining: 17m 34s
Rendered 6180/18000, time remaining: 17m 32s
Rendered 6181/18000, time remaining: 17m 47s
Rendered 6182/18000, time remaining: 17m 49s
Rendered 6183/18000, time remaining: 17m 38s
Rendered 6184/18000, time remaining: 17m 32s
Rendered 6185/18000, time remaining: 17m 36s
Rendered 6186/18000, time remaining: 17m 43s
Rendered 6187/18000, time remaining: 17m 43s
Rendered 6188/18000, time remaining: 17m 37s
Rendered 6189/18000, time remaining: 17m 32s
Rendered 6190/18000, time remaining: 17m 36s
Rendered 6191/18000, time remaining: 17m 43s
Rendered 6192/18000, time remaining: 17m 40s
Rendered 6193/18000, time remaining: 17m 34s
Rendered 6194/18000, time remaining: 17m 32s
Rendered 6195/18000, time remaining: 17m 33s
Rendered 6196/18000, time remaining: 17m 40s
Rendered 6197/18000, time remaining: 17m 38s
Rendered 6198/18000, time remaining: 17m 27s
Rendered 6199/18000, time remaining: 17m 23s
Rendered 6200/18000, time remaining: 17m 32s
Rendered 6201/18000, time remaining: 17m 35s
Rendered 6202/18000, time remaining: 17m 19s
Rendered 6203/18000, time remaining: 17m 23s
Rendered 6204/18000, time remaining: 17m 23s
Rendered 6205/18000, time remaining: 17m 31s
Rendered 6206/18000, time remaining: 17m 18s
Rendered 6207/18000, time remaining: 17m 16s
Rendered 6208/18000, time remaining: 17m 21s
Rendered 6209/18000, time remaining: 17m 23s
Rendered 6210/18000, time remaining: 17m 22s
Rendered 6211/18000, time remaining: 17m 14s
Rendered 6212/18000, time remaining: 17m 19s
Rendered 6213/18000, time remaining: 17m 21s
Rendered 6214/18000, time remaining: 17m 29s
Rendered 6215/18000, time remaining: 17m 18s
Rendered 6216/18000, time remaining: 17m 17s
Rendered 6217/18000, time remaining: 17m 19s
Rendered 6218/18000, time remaining: 17m 24s
Rendered 6219/18000, time remaining: 17m 17s
Rendered 6220/18000, time remaining: 17m 15s
Rendered 6221/18000, time remaining: 17m 16s
Rendered 6222/18000, time remaining: 17m 14s
Rendered 6223/18000, time remaining: 17m 12s
Rendered 6224/18000, time remaining: 17m 12s
Rendered 6225/18000, time remaining: 17m 11s
Rendered 6226/18000, time remaining: 17m 7s
Rendered 6227/18000, time remaining: 17m 4s
Rendered 6228/18000, time remaining: 17m 12s
Rendered 6229/18000, time remaining: 17m 12s
Rendered 6230/18000, time remaining: 17m 11s
Rendered 6231/18000, time remaining: 17m 7s
Rendered 6232/18000, time remaining: 17m 7s
Rendered 6233/18000, time remaining: 17m 14s
Rendered 6234/18000, time remaining: 17m 11s
Rendered 6235/18000, time remaining: 17m 10s
Rendered 6236/18000, time remaining: 17m 11s
Rendered 6237/18000, time remaining: 17m 18s
Rendered 6238/18000, time remaining: 17m 11s
Rendered 6239/18000, time remaining: 17m 8s
Rendered 6240/18000, time remaining: 17m 6s
Rendered 6241/18000, time remaining: 17m 14s
Rendered 6242/18000, time remaining: 17m 12s
Rendered 6243/18000, time remaining: 17m 10s
Rendered 6244/18000, time remaining: 17m 11s
Rendered 6245/18000, time remaining: 17m 12s
Rendered 6246/18000, time remaining: 17m 16s
Rendered 6247/18000, time remaining: 17m 11s
Rendered 6248/18000, time remaining: 17m 11s
Rendered 6249/18000, time remaining: 17m 11s
Rendered 6250/18000, time remaining: 17m 12s
Rendered 6251/18000, time remaining: 17m 12s
Rendered 6252/18000, time remaining: 17m 9s
Rendered 6253/18000, time remaining: 17m 8s
Rendered 6254/18000, time remaining: 17m 6s
Rendered 6255/18000, time remaining: 17m 9s
Rendered 6256/18000, time remaining: 17m 7s
Rendered 6257/18000, time remaining: 17m 8s
Rendered 6258/18000, time remaining: 17m 4s
Rendered 6259/18000, time remaining: 17m 4s
Rendered 6260/18000, time remaining: 17m 8s
Rendered 6261/18000, time remaining: 17m 10s
Rendered 6262/18000, time remaining: 17m 4s
Rendered 6263/18000, time remaining: 16m 57s
Rendered 6264/18000, time remaining: 16m 57s
Rendered 6265/18000, time remaining: 17m 0s
Rendered 6266/18000, time remaining: 17m 4s
Rendered 6267/18000, time remaining: 16m 52s
Rendered 6268/18000, time remaining: 16m 53s
Rendered 6269/18000, time remaining: 16m 52s
Rendered 6270/18000, time remaining: 16m 55s
Rendered 6271/18000, time remaining: 16m 49s
Rendered 6272/18000, time remaining: 17m 4s
Rendered 6273/18000, time remaining: 17m 3s
Rendered 6274/18000, time remaining: 17m 9s
Rendered 6275/18000, time remaining: 17m 13s
Rendered 6276/18000, time remaining: 17m 18s
Rendered 6277/18000, time remaining: 17m 15s
Rendered 6278/18000, time remaining: 17m 20s
Rendered 6279/18000, time remaining: 17m 24s
Rendered 6280/18000, time remaining: 17m 31s
Rendered 6281/18000, time remaining: 17m 27s
Rendered 6282/18000, time remaining: 17m 28s
Rendered 6283/18000, time remaining: 17m 23s
Rendered 6284/18000, time remaining: 17m 29s
Rendered 6285/18000, time remaining: 17m 33s
Rendered 6286/18000, time remaining: 17m 31s
Rendered 6287/18000, time remaining: 17m 26s
Rendered 6288/18000, time remaining: 17m 30s
Rendered 6289/18000, time remaining: 17m 33s
Rendered 6290/18000, time remaining: 17m 31s
Rendered 6291/18000, time remaining: 17m 26s
Rendered 6292/18000, time remaining: 17m 36s
Rendered 6293/18000, time remaining: 17m 37s
Rendered 6294/18000, time remaining: 17m 32s
Rendered 6295/18000, time remaining: 17m 30s
Rendered 6296/18000, time remaining: 17m 34s
Rendered 6297/18000, time remaining: 17m 31s
Rendered 6298/18000, time remaining: 17m 31s
Rendered 6299/18000, time remaining: 17m 28s
Rendered 6300/18000, time remaining: 17m 28s
Rendered 6301/18000, time remaining: 17m 29s
Rendered 6302/18000, time remaining: 17m 29s
Rendered 6303/18000, time remaining: 17m 30s
Rendered 6304/18000, time remaining: 17m 36s
Rendered 6305/18000, time remaining: 17m 30s
Rendered 6306/18000, time remaining: 17m 30s
Rendered 6307/18000, time remaining: 17m 31s
Rendered 6308/18000, time remaining: 17m 30s
Rendered 6309/18000, time remaining: 17m 33s
Rendered 6310/18000, time remaining: 17m 30s
Rendered 6311/18000, time remaining: 17m 33s
Rendered 6312/18000, time remaining: 17m 33s
Rendered 6313/18000, time remaining: 17m 30s
Rendered 6314/18000, time remaining: 17m 26s
Rendered 6315/18000, time remaining: 17m 27s
Rendered 6316/18000, time remaining: 17m 27s
Rendered 6317/18000, time remaining: 17m 37s
Rendered 6318/18000, time remaining: 17m 32s
Rendered 6319/18000, time remaining: 17m 31s
Rendered 6320/18000, time remaining: 17m 31s
Rendered 6321/18000, time remaining: 17m 41s
Rendered 6322/18000, time remaining: 17m 41s
Rendered 6323/18000, time remaining: 17m 36s
Rendered 6324/18000, time remaining: 17m 37s
Rendered 6325/18000, time remaining: 17m 40s
Rendered 6326/18000, time remaining: 17m 51s
Rendered 6327/18000, time remaining: 17m 42s
Rendered 6328/18000, time remaining: 17m 39s
Rendered 6329/18000, time remaining: 17m 44s
Rendered 6330/18000, time remaining: 17m 54s
Rendered 6331/18000, time remaining: 17m 44s
Rendered 6332/18000, time remaining: 17m 42s
Rendered 6333/18000, time remaining: 17m 45s
Rendered 6334/18000, time remaining: 17m 53s
Rendered 6335/18000, time remaining: 17m 52s
Rendered 6336/18000, time remaining: 17m 51s
Rendered 6337/18000, time remaining: 17m 47s
Rendered 6338/18000, time remaining: 17m 50s
Rendered 6339/18000, time remaining: 17m 54s
Rendered 6340/18000, time remaining: 18m 0s
Rendered 6341/18000, time remaining: 17m 54s
Rendered 6342/18000, time remaining: 17m 54s
Rendered 6343/18000, time remaining: 17m 53s
Rendered 6344/18000, time remaining: 18m 3s
Rendered 6345/18000, time remaining: 17m 59s
Rendered 6346/18000, time remaining: 17m 57s
Rendered 6347/18000, time remaining: 17m 54s
Rendered 6348/18000, time remaining: 17m 57s
Rendered 6349/18000, time remaining: 18m 11s
Rendered 6350/18000, time remaining: 18m 3s
Rendered 6351/18000, time remaining: 18m 2s
Rendered 6352/18000, time remaining: 18m 2s
Rendered 6353/18000, time remaining: 18m 15s
Rendered 6354/18000, time remaining: 18m 11s
Rendered 6355/18000, time remaining: 18m 6s
Rendered 6356/18000, time remaining: 18m 4s
Rendered 6357/18000, time remaining: 18m 23s
Rendered 6358/18000, time remaining: 18m 18s
Rendered 6359/18000, time remaining: 18m 15s
Rendered 6360/18000, time remaining: 18m 10s
Rendered 6361/18000, time remaining: 18m 26s
Rendered 6362/18000, time remaining: 18m 24s
Rendered 6363/18000, time remaining: 18m 23s
Rendered 6364/18000, time remaining: 18m 15s
Rendered 6365/18000, time remaining: 18m 19s
Rendered 6366/18000, time remaining: 18m 32s
Rendered 6367/18000, time remaining: 18m 31s
Rendered 6368/18000, time remaining: 18m 25s
Rendered 6369/18000, time remaining: 18m 26s
Rendered 6370/18000, time remaining: 18m 36s
Rendered 6371/18000, time remaining: 18m 33s
Rendered 6372/18000, time remaining: 18m 38s
Rendered 6373/18000, time remaining: 18m 27s
Rendered 6374/18000, time remaining: 18m 28s
Rendered 6375/18000, time remaining: 18m 33s
Rendered 6376/18000, time remaining: 18m 40s
Rendered 6377/18000, time remaining: 18m 41s
Rendered 6378/18000, time remaining: 18m 31s
Rendered 6379/18000, time remaining: 18m 28s
Rendered 6380/18000, time remaining: 18m 43s
Rendered 6381/18000, time remaining: 18m 44s
Rendered 6382/18000, time remaining: 18m 42s
Rendered 6383/18000, time remaining: 18m 30s
Rendered 6384/18000, time remaining: 18m 45s
Rendered 6385/18000, time remaining: 18m 47s
Rendered 6386/18000, time remaining: 18m 43s
Rendered 6387/18000, time remaining: 18m 32s
Rendered 6388/18000, time remaining: 18m 48s
Rendered 6389/18000, time remaining: 18m 54s
Rendered 6390/18000, time remaining: 18m 59s
Rendered 6391/18000, time remaining: 18m 46s
Rendered 6392/18000, time remaining: 18m 56s
Rendered 6393/18000, time remaining: 18m 59s
Rendered 6394/18000, time remaining: 18m 56s
Rendered 6395/18000, time remaining: 18m 54s
Rendered 6396/18000, time remaining: 18m 59s
Rendered 6397/18000, time remaining: 19m 3s
Rendered 6398/18000, time remaining: 19m 1s
Rendered 6399/18000, time remaining: 19m 1s
Rendered 6400/18000, time remaining: 19m 2s
Rendered 6401/18000, time remaining: 19m 5s
Rendered 6402/18000, time remaining: 19m 7s
Rendered 6403/18000, time remaining: 19m 9s
Rendered 6404/18000, time remaining: 18m 58s
Rendered 6405/18000, time remaining: 19m 3s
Rendered 6406/18000, time remaining: 19m 10s
Rendered 6407/18000, time remaining: 19m 9s
Rendered 6408/18000, time remaining: 19m 0s
Rendered 6409/18000, time remaining: 18m 58s
Rendered 6410/18000, time remaining: 19m 10s
Rendered 6411/18000, time remaining: 19m 9s
Rendered 6412/18000, time remaining: 19m 1s
Rendered 6413/18000, time remaining: 19m 4s
Rendered 6414/18000, time remaining: 19m 18s
Rendered 6415/18000, time remaining: 19m 14s
Rendered 6416/18000, time remaining: 19m 10s
Rendered 6417/18000, time remaining: 19m 4s
Rendered 6418/18000, time remaining: 19m 15s
Rendered 6419/18000, time remaining: 19m 18s
Rendered 6420/18000, time remaining: 19m 15s
Rendered 6421/18000, time remaining: 19m 9s
Rendered 6422/18000, time remaining: 19m 0s
Rendered 6423/18000, time remaining: 19m 1s
Rendered 6424/18000, time remaining: 19m 5s
Rendered 6425/18000, time remaining: 18m 57s
Rendered 6426/18000, time remaining: 18m 47s
Rendered 6427/18000, time remaining: 18m 50s
Rendered 6428/18000, time remaining: 18m 52s
Rendered 6429/18000, time remaining: 18m 54s
Rendered 6430/18000, time remaining: 18m 42s
Rendered 6431/18000, time remaining: 18m 38s
Rendered 6432/18000, time remaining: 18m 44s
Rendered 6433/18000, time remaining: 18m 48s
Rendered 6434/18000, time remaining: 18m 46s
Rendered 6435/18000, time remaining: 18m 38s
Rendered 6436/18000, time remaining: 18m 44s
Rendered 6437/18000, time remaining: 18m 45s
Rendered 6438/18000, time remaining: 18m 40s
Rendered 6439/18000, time remaining: 18m 41s
Rendered 6440/18000, time remaining: 18m 45s
Rendered 6441/18000, time remaining: 18m 48s
Rendered 6442/18000, time remaining: 18m 39s
Rendered 6443/18000, time remaining: 18m 36s
Rendered 6444/18000, time remaining: 18m 44s
Rendered 6445/18000, time remaining: 18m 47s
Rendered 6446/18000, time remaining: 18m 42s
Rendered 6447/18000, time remaining: 18m 43s
Rendered 6448/18000, time remaining: 18m 48s
Rendered 6449/18000, time remaining: 18m 49s
Rendered 6450/18000, time remaining: 18m 46s
Rendered 6451/18000, time remaining: 18m 46s
Rendered 6452/18000, time remaining: 18m 51s
Rendered 6453/18000, time remaining: 18m 53s
Rendered 6454/18000, time remaining: 18m 47s
Rendered 6455/18000, time remaining: 18m 48s
Rendered 6456/18000, time remaining: 18m 50s
Rendered 6457/18000, time remaining: 18m 51s
Rendered 6458/18000, time remaining: 18m 52s
Rendered 6459/18000, time remaining: 18m 48s
Rendered 6460/18000, time remaining: 18m 49s
Rendered 6461/18000, time remaining: 18m 50s
Rendered 6462/18000, time remaining: 18m 56s
Rendered 6463/18000, time remaining: 18m 46s
Rendered 6464/18000, time remaining: 18m 49s
Rendered 6465/18000, time remaining: 18m 47s
Rendered 6466/18000, time remaining: 18m 50s
Rendered 6467/18000, time remaining: 18m 41s
Rendered 6468/18000, time remaining: 18m 46s
Rendered 6469/18000, time remaining: 18m 46s
Rendered 6470/18000, time remaining: 18m 47s
Rendered 6471/18000, time remaining: 18m 35s
Rendered 6472/18000, time remaining: 18m 37s
Rendered 6473/18000, time remaining: 18m 42s
Rendered 6474/18000, time remaining: 18m 38s
Rendered 6475/18000, time remaining: 18m 38s
Rendered 6476/18000, time remaining: 18m 31s
Rendered 6477/18000, time remaining: 18m 35s
Rendered 6478/18000, time remaining: 18m 36s
Rendered 6479/18000, time remaining: 18m 34s
Rendered 6480/18000, time remaining: 18m 29s
Rendered 6481/18000, time remaining: 18m 28s
Rendered 6482/18000, time remaining: 18m 29s
Rendered 6483/18000, time remaining: 18m 25s
Rendered 6484/18000, time remaining: 18m 25s
Rendered 6485/18000, time remaining: 18m 24s
Rendered 6486/18000, time remaining: 18m 21s
Rendered 6487/18000, time remaining: 18m 20s
Rendered 6488/18000, time remaining: 18m 19s
Rendered 6489/18000, time remaining: 18m 21s
Rendered 6490/18000, time remaining: 18m 15s
Rendered 6491/18000, time remaining: 18m 16s
Rendered 6492/18000, time remaining: 18m 15s
Rendered 6493/18000, time remaining: 18m 31s
Rendered 6494/18000, time remaining: 18m 18s
Rendered 6495/18000, time remaining: 18m 15s
Rendered 6496/18000, time remaining: 18m 11s
Rendered 6497/18000, time remaining: 18m 37s
Rendered 6498/18000, time remaining: 18m 32s
Rendered 6499/18000, time remaining: 18m 15s
Rendered 6500/18000, time remaining: 18m 19s
Rendered 6501/18000, time remaining: 18m 32s
Rendered 6502/18000, time remaining: 18m 31s
Rendered 6503/18000, time remaining: 18m 15s
Rendered 6504/18000, time remaining: 18m 21s
Rendered 6505/18000, time remaining: 18m 36s
Rendered 6506/18000, time remaining: 18m 38s
Rendered 6507/18000, time remaining: 18m 19s
Rendered 6508/18000, time remaining: 18m 20s
Rendered 6509/18000, time remaining: 18m 35s
Rendered 6510/18000, time remaining: 18m 39s
Rendered 6511/18000, time remaining: 18m 23s
Rendered 6512/18000, time remaining: 18m 20s
Rendered 6513/18000, time remaining: 18m 23s
Rendered 6514/18000, time remaining: 18m 37s
Rendered 6515/18000, time remaining: 18m 32s
Rendered 6516/18000, time remaining: 18m 21s
Rendered 6517/18000, time remaining: 18m 18s
Rendered 6518/18000, time remaining: 18m 38s
Rendered 6519/18000, time remaining: 18m 33s
Rendered 6520/18000, time remaining: 18m 23s
Rendered 6521/18000, time remaining: 18m 21s
Rendered 6522/18000, time remaining: 18m 23s
Rendered 6523/18000, time remaining: 18m 36s
Rendered 6524/18000, time remaining: 18m 34s
Rendered 6525/18000, time remaining: 18m 28s
Rendered 6526/18000, time remaining: 18m 26s
Rendered 6527/18000, time remaining: 18m 28s
Rendered 6528/18000, time remaining: 18m 29s
Rendered 6529/18000, time remaining: 18m 34s
Rendered 6530/18000, time remaining: 18m 18s
Rendered 6531/18000, time remaining: 18m 22s
Rendered 6532/18000, time remaining: 18m 26s
Rendered 6533/18000, time remaining: 18m 31s
Rendered 6534/18000, time remaining: 18m 19s
Rendered 6535/18000, time remaining: 18m 16s
Rendered 6536/18000, time remaining: 18m 21s
Rendered 6537/18000, time remaining: 18m 26s
Rendered 6538/18000, time remaining: 18m 13s
Rendered 6539/18000, time remaining: 18m 11s
Rendered 6540/18000, time remaining: 18m 7s
Rendered 6541/18000, time remaining: 18m 13s
Rendered 6542/18000, time remaining: 18m 55s
Rendered 6543/18000, time remaining: 18m 58s
Rendered 6544/18000, time remaining: 19m 2s
Rendered 6545/18000, time remaining: 19m 2s
Rendered 6546/18000, time remaining: 19m 16s
Rendered 6547/18000, time remaining: 19m 32s
Rendered 6548/18000, time remaining: 19m 32s
Rendered 6549/18000, time remaining: 19m 37s
Rendered 6550/18000, time remaining: 19m 35s
Rendered 6551/18000, time remaining: 19m 34s
Rendered 6552/18000, time remaining: 19m 31s
Rendered 6553/18000, time remaining: 19m 34s
Rendered 6554/18000, time remaining: 19m 41s
Rendered 6555/18000, time remaining: 19m 40s
Rendered 6556/18000, time remaining: 19m 32s
Rendered 6557/18000, time remaining: 19m 34s
Rendered 6558/18000, time remaining: 19m 44s
Rendered 6559/18000, time remaining: 19m 47s
Rendered 6560/18000, time remaining: 19m 32s
Rendered 6561/18000, time remaining: 19m 32s
Rendered 6562/18000, time remaining: 19m 37s
Rendered 6563/18000, time remaining: 20m 11s
Rendered 6564/18000, time remaining: 19m 58s
Rendered 6565/18000, time remaining: 19m 58s
Rendered 6566/18000, time remaining: 19m 55s
Rendered 6567/18000, time remaining: 20m 18s
Rendered 6568/18000, time remaining: 20m 2s
Rendered 6569/18000, time remaining: 20m 1s
Rendered 6570/18000, time remaining: 19m 56s
Rendered 6571/18000, time remaining: 20m 36s
Rendered 6572/18000, time remaining: 20m 27s
Rendered 6573/18000, time remaining: 20m 24s
Rendered 6574/18000, time remaining: 20m 15s
Rendered 6575/18000, time remaining: 20m 36s
Rendered 6576/18000, time remaining: 20m 40s
Rendered 6577/18000, time remaining: 20m 34s
Rendered 6578/18000, time remaining: 20m 25s
Rendered 6579/18000, time remaining: 20m 40s
Rendered 6580/18000, time remaining: 20m 43s
Rendered 6581/18000, time remaining: 20m 41s
Rendered 6582/18000, time remaining: 20m 32s
Rendered 6583/18000, time remaining: 20m 45s
Rendered 6584/18000, time remaining: 21m 0s
Rendered 6585/18000, time remaining: 21m 0s
Rendered 6586/18000, time remaining: 20m 52s
Rendered 6587/18000, time remaining: 20m 54s
Rendered 6588/18000, time remaining: 21m 9s
Rendered 6589/18000, time remaining: 21m 7s
Rendered 6590/18000, time remaining: 21m 0s
Rendered 6591/18000, time remaining: 20m 58s
Rendered 6592/18000, time remaining: 21m 11s
Rendered 6593/18000, time remaining: 21m 14s
Rendered 6594/18000, time remaining: 21m 7s
Rendered 6595/18000, time remaining: 21m 19s
Rendered 6596/18000, time remaining: 21m 28s
Rendered 6597/18000, time remaining: 21m 31s
Rendered 6598/18000, time remaining: 21m 36s
Rendered 6599/18000, time remaining: 21m 34s
Rendered 6600/18000, time remaining: 21m 33s
Rendered 6601/18000, time remaining: 21m 34s
Rendered 6602/18000, time remaining: 21m 38s
Rendered 6603/18000, time remaining: 21m 38s
Rendered 6604/18000, time remaining: 21m 32s
Rendered 6605/18000, time remaining: 21m 34s
Rendered 6606/18000, time remaining: 21m 42s
Rendered 6607/18000, time remaining: 21m 43s
Rendered 6608/18000, time remaining: 21m 43s
Rendered 6609/18000, time remaining: 21m 46s
Rendered 6610/18000, time remaining: 21m 45s
Rendered 6611/18000, time remaining: 21m 43s
Rendered 6612/18000, time remaining: 21m 53s
Rendered 6613/18000, time remaining: 21m 54s
Rendered 6614/18000, time remaining: 21m 52s
Rendered 6615/18000, time remaining: 21m 55s
Rendered 6616/18000, time remaining: 21m 56s
Rendered 6617/18000, time remaining: 22m 1s
Rendered 6618/18000, time remaining: 22m 1s
Rendered 6619/18000, time remaining: 22m 3s
Rendered 6620/18000, time remaining: 22m 2s
Rendered 6621/18000, time remaining: 22m 14s
Rendered 6622/18000, time remaining: 22m 13s
Rendered 6623/18000, time remaining: 22m 8s
Rendered 6624/18000, time remaining: 22m 9s
Rendered 6625/18000, time remaining: 22m 22s
Rendered 6626/18000, time remaining: 22m 19s
Rendered 6627/18000, time remaining: 22m 15s
Rendered 6628/18000, time remaining: 22m 14s
Rendered 6629/18000, time remaining: 22m 31s
Rendered 6630/18000, time remaining: 22m 25s
Rendered 6631/18000, time remaining: 22m 26s
Rendered 6632/18000, time remaining: 22m 24s
Rendered 6633/18000, time remaining: 22m 50s
Rendered 6634/18000, time remaining: 22m 45s
Rendered 6635/18000, time remaining: 22m 41s
Rendered 6636/18000, time remaining: 22m 38s
Rendered 6637/18000, time remaining: 22m 52s
Rendered 6638/18000, time remaining: 23m 3s
Rendered 6639/18000, time remaining: 23m 0s
Rendered 6640/18000, time remaining: 23m 5s
Rendered 6641/18000, time remaining: 23m 8s
Rendered 6642/18000, time remaining: 23m 5s
Rendered 6643/18000, time remaining: 22m 57s
Rendered 6644/18000, time remaining: 23m 4s
Rendered 6645/18000, time remaining: 23m 13s
Rendered 6646/18000, time remaining: 23m 24s
Rendered 6647/18000, time remaining: 23m 2s
Rendered 6648/18000, time remaining: 23m 3s
Rendered 6649/18000, time remaining: 23m 11s
Rendered 6650/18000, time remaining: 23m 25s
Rendered 6651/18000, time remaining: 23m 12s
Rendered 6652/18000, time remaining: 23m 12s
Rendered 6653/18000, time remaining: 23m 12s
Rendered 6654/18000, time remaining: 23m 26s
Rendered 6655/18000, time remaining: 23m 22s
Rendered 6656/18000, time remaining: 23m 19s
Rendered 6657/18000, time remaining: 23m 19s
Rendered 6658/18000, time remaining: 23m 23s
Rendered 6659/18000, time remaining: 23m 25s
Rendered 6660/18000, time remaining: 23m 23s
Rendered 6661/18000, time remaining: 23m 23s
Rendered 6662/18000, time remaining: 23m 26s
Rendered 6663/18000, time remaining: 23m 39s
Rendered 6664/18000, time remaining: 23m 24s
Rendered 6665/18000, time remaining: 23m 26s
Rendered 6666/18000, time remaining: 23m 26s
Rendered 6667/18000, time remaining: 23m 46s
Rendered 6668/18000, time remaining: 23m 27s
Rendered 6669/18000, time remaining: 23m 29s
Rendered 6670/18000, time remaining: 23m 29s
Rendered 6671/18000, time remaining: 23m 53s
Rendered 6672/18000, time remaining: 23m 49s
Rendered 6673/18000, time remaining: 23m 37s
Rendered 6674/18000, time remaining: 23m 35s
Rendered 6675/18000, time remaining: 23m 52s
Rendered 6676/18000, time remaining: 23m 51s
Rendered 6677/18000, time remaining: 23m 46s
Rendered 6678/18000, time remaining: 23m 42s
Rendered 6679/18000, time remaining: 23m 55s
Rendered 6680/18000, time remaining: 23m 58s
Rendered 6681/18000, time remaining: 23m 56s
Rendered 6682/18000, time remaining: 24m 1s
Rendered 6683/18000, time remaining: 24m 1s
Rendered 6684/18000, time remaining: 23m 55s
Rendered 6685/18000, time remaining: 24m 3s
Rendered 6686/18000, time remaining: 24m 5s
Rendered 6687/18000, time remaining: 24m 6s
Rendered 6688/18000, time remaining: 24m 6s
Rendered 6689/18000, time remaining: 24m 7s
Rendered 6690/18000, time remaining: 24m 19s
Rendered 6691/18000, time remaining: 24m 16s
Rendered 6692/18000, time remaining: 23m 17s
Rendered 6693/18000, time remaining: 23m 20s
Rendered 6694/18000, time remaining: 23m 20s
Rendered 6695/18000, time remaining: 23m 29s
Rendered 6696/18000, time remaining: 23m 1s
Rendered 6697/18000, time remaining: 22m 42s
Rendered 6698/18000, time remaining: 22m 50s
Rendered 6699/18000, time remaining: 22m 53s
Rendered 6700/18000, time remaining: 22m 42s
Rendered 6701/18000, time remaining: 22m 39s
Rendered 6702/18000, time remaining: 23m 0s
Rendered 6703/18000, time remaining: 23m 0s
Rendered 6704/18000, time remaining: 22m 48s
Rendered 6705/18000, time remaining: 22m 42s
Rendered 6706/18000, time remaining: 23m 2s
Rendered 6707/18000, time remaining: 23m 5s
Rendered 6708/18000, time remaining: 22m 58s
Rendered 6709/18000, time remaining: 22m 53s
Rendered 6710/18000, time remaining: 22m 59s
Rendered 6711/18000, time remaining: 23m 8s
Rendered 6712/18000, time remaining: 23m 10s
Rendered 6713/18000, time remaining: 22m 36s
Rendered 6714/18000, time remaining: 22m 31s
Rendered 6715/18000, time remaining: 22m 35s
Rendered 6716/18000, time remaining: 22m 47s
Rendered 6717/18000, time remaining: 22m 26s
Rendered 6718/18000, time remaining: 22m 29s
Rendered 6719/18000, time remaining: 22m 33s
Rendered 6720/18000, time remaining: 22m 48s
Rendered 6721/18000, time remaining: 22m 13s
Rendered 6722/18000, time remaining: 22m 13s
Rendered 6723/18000, time remaining: 22m 21s
Rendered 6724/18000, time remaining: 22m 31s
Rendered 6725/18000, time remaining: 22m 10s
Rendered 6726/18000, time remaining: 22m 8s
Rendered 6727/18000, time remaining: 22m 18s
Rendered 6728/18000, time remaining: 22m 21s
Rendered 6729/18000, time remaining: 22m 5s
Rendered 6730/18000, time remaining: 22m 1s
Rendered 6731/18000, time remaining: 22m 17s
Rendered 6732/18000, time remaining: 22m 23s
Rendered 6733/18000, time remaining: 22m 8s
Rendered 6734/18000, time remaining: 21m 50s
Rendered 6735/18000, time remaining: 21m 54s
Rendered 6736/18000, time remaining: 22m 13s
Rendered 6737/18000, time remaining: 22m 7s
Rendered 6738/18000, time remaining: 21m 51s
Rendered 6739/18000, time remaining: 21m 55s
Rendered 6740/18000, time remaining: 22m 13s
Rendered 6741/18000, time remaining: 22m 8s
Rendered 6742/18000, time remaining: 21m 54s
Rendered 6743/18000, time remaining: 21m 52s
Rendered 6744/18000, time remaining: 22m 7s
Rendered 6745/18000, time remaining: 21m 47s
Rendered 6746/18000, time remaining: 21m 43s
Rendered 6747/18000, time remaining: 21m 40s
Rendered 6748/18000, time remaining: 21m 43s
Rendered 6749/18000, time remaining: 21m 40s
Rendered 6750/18000, time remaining: 21m 38s
Rendered 6751/18000, time remaining: 21m 32s
Rendered 6752/18000, time remaining: 21m 39s
Rendered 6753/18000, time remaining: 21m 36s
Rendered 6754/18000, time remaining: 21m 37s
Rendered 6755/18000, time remaining: 21m 34s
Rendered 6756/18000, time remaining: 21m 39s
Rendered 6757/18000, time remaining: 21m 39s
Rendered 6758/18000, time remaining: 21m 35s
Rendered 6759/18000, time remaining: 21m 18s
Rendered 6760/18000, time remaining: 21m 36s
Rendered 6761/18000, time remaining: 21m 36s
Rendered 6762/18000, time remaining: 21m 24s
Rendered 6763/18000, time remaining: 21m 19s
Rendered 6764/18000, time remaining: 21m 37s
Rendered 6765/18000, time remaining: 21m 35s
Rendered 6766/18000, time remaining: 21m 28s
Rendered 6767/18000, time remaining: 21m 19s
Rendered 6768/18000, time remaining: 21m 30s
Rendered 6769/18000, time remaining: 21m 28s
Rendered 6770/18000, time remaining: 21m 28s
Rendered 6771/18000, time remaining: 21m 19s
Rendered 6772/18000, time remaining: 21m 25s
Rendered 6773/18000, time remaining: 21m 26s
Rendered 6774/18000, time remaining: 21m 28s
Rendered 6775/18000, time remaining: 21m 14s
Rendered 6776/18000, time remaining: 21m 31s
Rendered 6777/18000, time remaining: 21m 31s
Rendered 6778/18000, time remaining: 21m 30s
Rendered 6779/18000, time remaining: 21m 9s
Rendered 6780/18000, time remaining: 21m 27s
Rendered 6781/18000, time remaining: 21m 27s
Rendered 6782/18000, time remaining: 21m 31s
Rendered 6783/18000, time remaining: 21m 10s
Rendered 6784/18000, time remaining: 21m 6s
Rendered 6785/18000, time remaining: 21m 12s
Rendered 6786/18000, time remaining: 21m 20s
Rendered 6787/18000, time remaining: 21m 15s
Rendered 6788/18000, time remaining: 21m 3s
Rendered 6789/18000, time remaining: 20m 57s
Rendered 6790/18000, time remaining: 20m 54s
Rendered 6791/18000, time remaining: 21m 3s
Rendered 6792/18000, time remaining: 21m 9s
Rendered 6793/18000, time remaining: 21m 1s
Rendered 6794/18000, time remaining: 20m 54s
Rendered 6795/18000, time remaining: 21m 6s
Rendered 6796/18000, time remaining: 21m 3s
Rendered 6797/18000, time remaining: 21m 4s
Rendered 6798/18000, time remaining: 21m 2s
Rendered 6799/18000, time remaining: 21m 2s
Rendered 6800/18000, time remaining: 20m 48s
Rendered 6801/18000, time remaining: 20m 55s
Rendered 6802/18000, time remaining: 20m 54s
Rendered 6803/18000, time remaining: 20m 59s
Rendered 6804/18000, time remaining: 20m 49s
Rendered 6805/18000, time remaining: 20m 43s
Rendered 6806/18000, time remaining: 20m 48s
Rendered 6807/18000, time remaining: 20m 48s
Rendered 6808/18000, time remaining: 21m 1s
Rendered 6809/18000, time remaining: 20m 42s
Rendered 6810/18000, time remaining: 20m 44s
Rendered 6811/18000, time remaining: 20m 54s
Rendered 6812/18000, time remaining: 21m 1s
Rendered 6813/18000, time remaining: 20m 46s
Rendered 6814/18000, time remaining: 20m 56s
Rendered 6815/18000, time remaining: 21m 1s
Rendered 6816/18000, time remaining: 21m 5s
Rendered 6817/18000, time remaining: 20m 49s
Rendered 6818/18000, time remaining: 20m 52s
Rendered 6819/18000, time remaining: 20m 53s
Rendered 6820/18000, time remaining: 20m 58s
Rendered 6821/18000, time remaining: 20m 36s
Rendered 6822/18000, time remaining: 20m 38s
Rendered 6823/18000, time remaining: 20m 37s
Rendered 6824/18000, time remaining: 20m 45s
Rendered 6825/18000, time remaining: 20m 31s
Rendered 6826/18000, time remaining: 20m 27s
Rendered 6827/18000, time remaining: 20m 26s
Rendered 6828/18000, time remaining: 20m 36s
Rendered 6829/18000, time remaining: 20m 23s
Rendered 6830/18000, time remaining: 20m 20s
Rendered 6831/18000, time remaining: 20m 18s
Rendered 6832/18000, time remaining: 20m 9s
Rendered 6833/18000, time remaining: 20m 21s
Rendered 6834/18000, time remaining: 20m 24s
Rendered 6835/18000, time remaining: 20m 18s
Rendered 6836/18000, time remaining: 20m 17s
Rendered 6837/18000, time remaining: 20m 15s
Rendered 6838/18000, time remaining: 20m 17s
Rendered 6839/18000, time remaining: 20m 13s
Rendered 6840/18000, time remaining: 20m 5s
Rendered 6841/18000, time remaining: 20m 4s
Rendered 6842/18000, time remaining: 20m 21s
Rendered 6843/18000, time remaining: 20m 11s
Rendered 6844/18000, time remaining: 20m 7s
Rendered 6845/18000, time remaining: 19m 59s
Rendered 6846/18000, time remaining: 20m 15s
Rendered 6847/18000, time remaining: 20m 16s
Rendered 6848/18000, time remaining: 20m 8s
Rendered 6849/18000, time remaining: 20m 0s
Rendered 6850/18000, time remaining: 20m 13s
Rendered 6851/18000, time remaining: 20m 16s
Rendered 6852/18000, time remaining: 19m 57s
Rendered 6853/18000, time remaining: 19m 56s
Rendered 6854/18000, time remaining: 19m 59s
Rendered 6855/18000, time remaining: 20m 5s
Rendered 6856/18000, time remaining: 19m 54s
Rendered 6857/18000, time remaining: 19m 48s
Rendered 6858/18000, time remaining: 19m 44s
Rendered 6859/18000, time remaining: 19m 47s
Rendered 6860/18000, time remaining: 19m 55s
Rendered 6861/18000, time remaining: 19m 48s
Rendered 6862/18000, time remaining: 19m 41s
Rendered 6863/18000, time remaining: 19m 36s
Rendered 6864/18000, time remaining: 19m 51s
Rendered 6865/18000, time remaining: 19m 51s
Rendered 6866/18000, time remaining: 19m 39s
Rendered 6867/18000, time remaining: 19m 37s
Rendered 6868/18000, time remaining: 19m 38s
Rendered 6869/18000, time remaining: 19m 50s
Rendered 6870/18000, time remaining: 19m 35s
Rendered 6871/18000, time remaining: 19m 31s
Rendered 6872/18000, time remaining: 19m 31s
Rendered 6873/18000, time remaining: 19m 46s
Rendered 6874/18000, time remaining: 19m 36s
Rendered 6875/18000, time remaining: 19m 33s
Rendered 6876/18000, time remaining: 19m 31s
Rendered 6877/18000, time remaining: 19m 41s
Rendered 6878/18000, time remaining: 19m 38s
Rendered 6879/18000, time remaining: 19m 37s
Rendered 6880/18000, time remaining: 19m 37s
Rendered 6881/18000, time remaining: 19m 30s
Rendered 6882/18000, time remaining: 19m 27s
Rendered 6883/18000, time remaining: 19m 32s
Rendered 6884/18000, time remaining: 19m 30s
Rendered 6885/18000, time remaining: 19m 37s
Rendered 6886/18000, time remaining: 19m 19s
Rendered 6887/18000, time remaining: 19m 27s
Rendered 6888/18000, time remaining: 19m 29s
Rendered 6889/18000, time remaining: 19m 24s
Rendered 6890/18000, time remaining: 19m 10s
Rendered 6891/18000, time remaining: 19m 23s
Rendered 6892/18000, time remaining: 19m 21s
Rendered 6893/18000, time remaining: 19m 20s
Rendered 6894/18000, time remaining: 19m 5s
Rendered 6895/18000, time remaining: 19m 27s
Rendered 6896/18000, time remaining: 19m 19s
Rendered 6897/18000, time remaining: 19m 15s
Rendered 6898/18000, time remaining: 19m 2s
Rendered 6899/18000, time remaining: 19m 16s
Rendered 6900/18000, time remaining: 19m 20s
Rendered 6901/18000, time remaining: 19m 21s
Rendered 6902/18000, time remaining: 19m 5s
Rendered 6903/18000, time remaining: 19m 6s
Rendered 6904/18000, time remaining: 19m 12s
Rendered 6905/18000, time remaining: 19m 13s
Rendered 6906/18000, time remaining: 19m 4s
Rendered 6907/18000, time remaining: 19m 3s
Rendered 6908/18000, time remaining: 19m 3s
Rendered 6909/18000, time remaining: 19m 6s
Rendered 6910/18000, time remaining: 18m 59s
Rendered 6911/18000, time remaining: 19m 0s
Rendered 6912/18000, time remaining: 18m 57s
Rendered 6913/18000, time remaining: 18m 57s
Rendered 6914/18000, time remaining: 18m 51s
Rendered 6915/18000, time remaining: 18m 54s
Rendered 6916/18000, time remaining: 18m 59s
Rendered 6917/18000, time remaining: 18m 56s
Rendered 6918/18000, time remaining: 18m 43s
Rendered 6919/18000, time remaining: 18m 49s
Rendered 6920/18000, time remaining: 18m 52s
Rendered 6921/18000, time remaining: 18m 44s
Rendered 6922/18000, time remaining: 18m 38s
Rendered 6923/18000, time remaining: 18m 39s
Rendered 6924/18000, time remaining: 18m 43s
Rendered 6925/18000, time remaining: 18m 43s
Rendered 6926/18000, time remaining: 18m 23s
Rendered 6927/18000, time remaining: 18m 33s
Rendered 6928/18000, time remaining: 18m 32s
Rendered 6929/18000, time remaining: 18m 35s
Rendered 6930/18000, time remaining: 18m 22s
Rendered 6931/18000, time remaining: 18m 21s
Rendered 6932/18000, time remaining: 18m 20s
Rendered 6933/18000, time remaining: 18m 23s
Rendered 6934/18000, time remaining: 18m 32s
Rendered 6935/18000, time remaining: 18m 26s
Rendered 6936/18000, time remaining: 18m 17s
Rendered 6937/18000, time remaining: 18m 12s
Rendered 6938/18000, time remaining: 18m 26s
Rendered 6939/18000, time remaining: 18m 29s
Rendered 6940/18000, time remaining: 18m 23s
Rendered 6941/18000, time remaining: 18m 7s
Rendered 6942/18000, time remaining: 18m 18s
Rendered 6943/18000, time remaining: 18m 20s
Rendered 6944/18000, time remaining: 18m 25s
Rendered 6945/18000, time remaining: 18m 2s
Rendered 6946/18000, time remaining: 18m 0s
Rendered 6947/18000, time remaining: 18m 2s
Rendered 6948/18000, time remaining: 18m 8s
Rendered 6949/18000, time remaining: 18m 2s
Rendered 6950/18000, time remaining: 18m 0s
Rendered 6951/18000, time remaining: 17m 53s
Rendered 6952/18000, time remaining: 18m 1s
Rendered 6953/18000, time remaining: 17m 59s
Rendered 6954/18000, time remaining: 17m 51s
Rendered 6955/18000, time remaining: 17m 46s
Rendered 6956/18000, time remaining: 17m 50s
Rendered 6957/18000, time remaining: 17m 54s
Rendered 6958/18000, time remaining: 17m 41s
Rendered 6959/18000, time remaining: 17m 38s
Rendered 6960/18000, time remaining: 17m 38s
Rendered 6961/18000, time remaining: 17m 38s
Rendered 6962/18000, time remaining: 17m 33s
Rendered 6963/18000, time remaining: 17m 32s
Rendered 6964/18000, time remaining: 17m 24s
Rendered 6965/18000, time remaining: 17m 17s
Rendered 6966/18000, time remaining: 17m 17s
Rendered 6967/18000, time remaining: 17m 25s
Rendered 6968/18000, time remaining: 17m 23s
Rendered 6969/18000, time remaining: 17m 20s
Rendered 6970/18000, time remaining: 17m 21s
Rendered 6971/18000, time remaining: 17m 21s
Rendered 6972/18000, time remaining: 17m 24s
Rendered 6973/18000, time remaining: 17m 24s
Rendered 6974/18000, time remaining: 17m 24s
Rendered 6975/18000, time remaining: 17m 21s
Rendered 6976/18000, time remaining: 17m 25s
Rendered 6977/18000, time remaining: 17m 21s
Rendered 6978/18000, time remaining: 17m 24s
Rendered 6979/18000, time remaining: 17m 21s
Rendered 6980/18000, time remaining: 17m 23s
Rendered 6981/18000, time remaining: 17m 22s
Rendered 6982/18000, time remaining: 17m 32s
Rendered 6983/18000, time remaining: 17m 15s
Rendered 6984/18000, time remaining: 17m 16s
Rendered 6985/18000, time remaining: 17m 15s
Rendered 6986/18000, time remaining: 17m 22s
Rendered 6987/18000, time remaining: 17m 20s
Rendered 6988/18000, time remaining: 17m 13s
Rendered 6989/18000, time remaining: 17m 14s
Rendered 6990/18000, time remaining: 17m 20s
Rendered 6991/18000, time remaining: 17m 21s
Rendered 6992/18000, time remaining: 17m 7s
Rendered 6993/18000, time remaining: 17m 11s
Rendered 6994/18000, time remaining: 17m 17s
Rendered 6995/18000, time remaining: 17m 23s
Rendered 6996/18000, time remaining: 17m 6s
Rendered 6997/18000, time remaining: 17m 3s
Rendered 6998/18000, time remaining: 17m 9s
Rendered 6999/18000, time remaining: 17m 16s
Rendered 7000/18000, time remaining: 17m 4s
Rendered 7001/18000, time remaining: 17m 3s
Rendered 7002/18000, time remaining: 17m 2s
Rendered 7003/18000, time remaining: 17m 4s
Rendered 7004/18000, time remaining: 17m 3s
Rendered 7005/18000, time remaining: 17m 10s
Rendered 7006/18000, time remaining: 17m 5s
Rendered 7007/18000, time remaining: 17m 4s
Rendered 7008/18000, time remaining: 17m 4s
Rendered 7009/18000, time remaining: 17m 6s
Rendered 7010/18000, time remaining: 17m 6s
Rendered 7011/18000, time remaining: 17m 6s
Rendered 7012/18000, time remaining: 17m 9s
Rendered 7013/18000, time remaining: 17m 8s
Rendered 7014/18000, time remaining: 16m 58s
Rendered 7015/18000, time remaining: 17m 0s
Rendered 7016/18000, time remaining: 17m 5s
Rendered 7017/18000, time remaining: 17m 5s
Rendered 7018/18000, time remaining: 17m 6s
Rendered 7019/18000, time remaining: 16m 55s
Rendered 7020/18000, time remaining: 17m 0s
Rendered 7021/18000, time remaining: 16m 59s
Rendered 7022/18000, time remaining: 17m 4s
Rendered 7023/18000, time remaining: 16m 46s
Rendered 7024/18000, time remaining: 16m 55s
Rendered 7025/18000, time remaining: 16m 51s
Rendered 7026/18000, time remaining: 16m 59s
Rendered 7027/18000, time remaining: 16m 43s
Rendered 7028/18000, time remaining: 16m 42s
Rendered 7029/18000, time remaining: 16m 43s
Rendered 7030/18000, time remaining: 16m 51s
Rendered 7031/18000, time remaining: 16m 44s
Rendered 7032/18000, time remaining: 16m 44s
Rendered 7033/18000, time remaining: 16m 38s
Rendered 7034/18000, time remaining: 16m 44s
Rendered 7035/18000, time remaining: 16m 37s
Rendered 7036/18000, time remaining: 16m 40s
Rendered 7037/18000, time remaining: 16m 34s
Rendered 7038/18000, time remaining: 16m 35s
Rendered 7039/18000, time remaining: 16m 33s
Rendered 7040/18000, time remaining: 16m 36s
Rendered 7041/18000, time remaining: 16m 34s
Rendered 7042/18000, time remaining: 16m 36s
Rendered 7043/18000, time remaining: 16m 35s
Rendered 7044/18000, time remaining: 16m 39s
Rendered 7045/18000, time remaining: 16m 28s
Rendered 7046/18000, time remaining: 16m 29s
Rendered 7047/18000, time remaining: 16m 29s
Rendered 7048/18000, time remaining: 16m 32s
Rendered 7049/18000, time remaining: 16m 24s
Rendered 7050/18000, time remaining: 16m 23s
Rendered 7051/18000, time remaining: 16m 23s
Rendered 7052/18000, time remaining: 16m 26s
Rendered 7053/18000, time remaining: 16m 24s
Rendered 7054/18000, time remaining: 16m 21s
Rendered 7055/18000, time remaining: 16m 19s
Rendered 7056/18000, time remaining: 16m 22s
Rendered 7057/18000, time remaining: 16m 21s
Rendered 7058/18000, time remaining: 16m 22s
Rendered 7059/18000, time remaining: 16m 22s
Rendered 7060/18000, time remaining: 16m 16s
Rendered 7061/18000, time remaining: 16m 19s
Rendered 7062/18000, time remaining: 16m 22s
Rendered 7063/18000, time remaining: 16m 31s
Rendered 7064/18000, time remaining: 16m 18s
Rendered 7065/18000, time remaining: 16m 17s
Rendered 7066/18000, time remaining: 16m 15s
Rendered 7067/18000, time remaining: 16m 25s
Rendered 7068/18000, time remaining: 16m 20s
Rendered 7069/18000, time remaining: 16m 18s
Rendered 7070/18000, time remaining: 16m 20s
Rendered 7071/18000, time remaining: 16m 24s
Rendered 7072/18000, time remaining: 16m 21s
Rendered 7073/18000, time remaining: 16m 20s
Rendered 7074/18000, time remaining: 16m 19s
Rendered 7075/18000, time remaining: 16m 19s
Rendered 7076/18000, time remaining: 16m 20s
Rendered 7077/18000, time remaining: 16m 10s
Rendered 7078/18000, time remaining: 16m 21s
Rendered 7079/18000, time remaining: 16m 21s
Rendered 7080/18000, time remaining: 16m 16s
Rendered 7081/18000, time remaining: 16m 15s
Rendered 7082/18000, time remaining: 16m 23s
Rendered 7083/18000, time remaining: 16m 20s
Rendered 7084/18000, time remaining: 16m 15s
Rendered 7085/18000, time remaining: 16m 18s
Rendered 7086/18000, time remaining: 16m 28s
Rendered 7087/18000, time remaining: 16m 29s
Rendered 7088/18000, time remaining: 16m 15s
Rendered 7089/18000, time remaining: 16m 33s
Rendered 7090/18000, time remaining: 16m 32s
Rendered 7091/18000, time remaining: 16m 35s
Rendered 7092/18000, time remaining: 16m 19s
Rendered 7093/18000, time remaining: 16m 36s
Rendered 7094/18000, time remaining: 16m 34s
Rendered 7095/18000, time remaining: 16m 35s
Rendered 7096/18000, time remaining: 16m 28s
Rendered 7097/18000, time remaining: 16m 43s
Rendered 7098/18000, time remaining: 16m 39s
Rendered 7099/18000, time remaining: 16m 39s
Rendered 7100/18000, time remaining: 16m 35s
Rendered 7101/18000, time remaining: 16m 42s
Rendered 7102/18000, time remaining: 16m 50s
Rendered 7103/18000, time remaining: 16m 47s
Rendered 7104/18000, time remaining: 16m 45s
Rendered 7105/18000, time remaining: 16m 46s
Rendered 7106/18000, time remaining: 16m 57s
Rendered 7107/18000, time remaining: 16m 54s
Rendered 7108/18000, time remaining: 16m 49s
Rendered 7109/18000, time remaining: 16m 51s
Rendered 7110/18000, time remaining: 17m 2s
Rendered 7111/18000, time remaining: 16m 58s
Rendered 7112/18000, time remaining: 16m 56s
Rendered 7113/18000, time remaining: 16m 52s
Rendered 7114/18000, time remaining: 16m 58s
Rendered 7115/18000, time remaining: 17m 3s
Rendered 7116/18000, time remaining: 17m 6s
Rendered 7117/18000, time remaining: 16m 54s
Rendered 7118/18000, time remaining: 16m 55s
Rendered 7119/18000, time remaining: 17m 4s
Rendered 7120/18000, time remaining: 17m 4s
Rendered 7121/18000, time remaining: 17m 4s
Rendered 7122/18000, time remaining: 16m 58s
Rendered 7123/18000, time remaining: 17m 6s
Rendered 7124/18000, time remaining: 17m 5s
Rendered 7125/18000, time remaining: 17m 9s
Rendered 7126/18000, time remaining: 17m 5s
Rendered 7127/18000, time remaining: 17m 13s
Rendered 7128/18000, time remaining: 17m 7s
Rendered 7129/18000, time remaining: 17m 18s
Rendered 7130/18000, time remaining: 17m 14s
Rendered 7131/18000, time remaining: 17m 17s
Rendered 7132/18000, time remaining: 17m 12s
Rendered 7133/18000, time remaining: 17m 22s
Rendered 7134/18000, time remaining: 17m 20s
Rendered 7135/18000, time remaining: 17m 23s
Rendered 7136/18000, time remaining: 17m 14s
Rendered 7137/18000, time remaining: 17m 22s
Rendered 7138/18000, time remaining: 17m 28s
Rendered 7139/18000, time remaining: 17m 28s
Rendered 7140/18000, time remaining: 17m 19s
Rendered 7141/18000, time remaining: 17m 25s
Rendered 7142/18000, time remaining: 17m 30s
Rendered 7143/18000, time remaining: 17m 32s
Rendered 7144/18000, time remaining: 17m 26s
Rendered 7145/18000, time remaining: 17m 24s
Rendered 7146/18000, time remaining: 17m 29s
Rendered 7147/18000, time remaining: 17m 41s
Rendered 7148/18000, time remaining: 17m 39s
Rendered 7149/18000, time remaining: 17m 34s
Rendered 7150/18000, time remaining: 17m 52s
Rendered 7151/18000, time remaining: 17m 52s
Rendered 7152/18000, time remaining: 17m 52s
Rendered 7153/18000, time remaining: 17m 46s
Rendered 7154/18000, time remaining: 18m 1s
Rendered 7155/18000, time remaining: 17m 59s
Rendered 7156/18000, time remaining: 17m 56s
Rendered 7157/18000, time remaining: 17m 55s
Rendered 7158/18000, time remaining: 17m 58s
Rendered 7159/18000, time remaining: 18m 16s
Rendered 7160/18000, time remaining: 18m 0s
Rendered 7161/18000, time remaining: 17m 58s
Rendered 7162/18000, time remaining: 17m 58s
Rendered 7163/18000, time remaining: 18m 20s
Rendered 7164/18000, time remaining: 18m 18s
Rendered 7165/18000, time remaining: 18m 12s
Rendered 7166/18000, time remaining: 18m 6s
Rendered 7167/18000, time remaining: 18m 32s
Rendered 7168/18000, time remaining: 18m 29s
Rendered 7169/18000, time remaining: 18m 23s
Rendered 7170/18000, time remaining: 18m 23s
Rendered 7171/18000, time remaining: 18m 35s
Rendered 7172/18000, time remaining: 18m 33s
Rendered 7173/18000, time remaining: 18m 31s
Rendered 7174/18000, time remaining: 18m 38s
Rendered 7175/18000, time remaining: 18m 43s
Rendered 7176/18000, time remaining: 18m 36s
Rendered 7177/18000, time remaining: 18m 36s
Rendered 7178/18000, time remaining: 18m 44s
Rendered 7179/18000, time remaining: 18m 50s
Rendered 7180/18000, time remaining: 18m 43s
Rendered 7181/18000, time remaining: 18m 42s
Rendered 7182/18000, time remaining: 18m 50s
Rendered 7183/18000, time remaining: 19m 2s
Rendered 7184/18000, time remaining: 19m 1s
Rendered 7185/18000, time remaining: 18m 54s
Rendered 7186/18000, time remaining: 18m 53s
Rendered 7187/18000, time remaining: 19m 4s
Rendered 7188/18000, time remaining: 19m 6s
Rendered 7189/18000, time remaining: 19m 6s
Rendered 7190/18000, time remaining: 19m 4s
Rendered 7191/18000, time remaining: 19m 5s
Rendered 7192/18000, time remaining: 19m 18s
Rendered 7193/18000, time remaining: 19m 18s
Rendered 7194/18000, time remaining: 19m 17s
Rendered 7195/18000, time remaining: 19m 9s
Rendered 7196/18000, time remaining: 19m 21s
Rendered 7197/18000, time remaining: 19m 22s
Rendered 7198/18000, time remaining: 19m 23s
Rendered 7199/18000, time remaining: 19m 16s
Rendered 7200/18000, time remaining: 19m 30s
Rendered 7201/18000, time remaining: 19m 30s
Rendered 7202/18000, time remaining: 19m 31s
Rendered 7203/18000, time remaining: 19m 38s
Rendered 7204/18000, time remaining: 19m 42s
Rendered 7205/18000, time remaining: 19m 40s
Rendered 7206/18000, time remaining: 19m 36s
Rendered 7207/18000, time remaining: 19m 38s
Rendered 7208/18000, time remaining: 19m 56s
Rendered 7209/18000, time remaining: 19m 51s
Rendered 7210/18000, time remaining: 19m 49s
Rendered 7211/18000, time remaining: 19m 44s
Rendered 7212/18000, time remaining: 20m 0s
Rendered 7213/18000, time remaining: 19m 52s
Rendered 7214/18000, time remaining: 19m 51s
Rendered 7215/18000, time remaining: 19m 50s
Rendered 7216/18000, time remaining: 20m 0s
Rendered 7217/18000, time remaining: 20m 2s
Rendered 7218/18000, time remaining: 20m 4s
Rendered 7219/18000, time remaining: 19m 57s
Rendered 7220/18000, time remaining: 19m 56s
Rendered 7221/18000, time remaining: 20m 10s
Rendered 7222/18000, time remaining: 20m 14s
Rendered 7223/18000, time remaining: 20m 15s
Rendered 7224/18000, time remaining: 20m 11s
Rendered 7225/18000, time remaining: 20m 14s
Rendered 7226/18000, time remaining: 20m 15s
Rendered 7227/18000, time remaining: 20m 24s
Rendered 7228/18000, time remaining: 20m 21s
Rendered 7229/18000, time remaining: 20m 22s
Rendered 7230/18000, time remaining: 20m 36s
Rendered 7231/18000, time remaining: 20m 38s
Rendered 7232/18000, time remaining: 20m 31s
Rendered 7233/18000, time remaining: 20m 26s
Rendered 7234/18000, time remaining: 20m 40s
Rendered 7235/18000, time remaining: 20m 40s
Rendered 7236/18000, time remaining: 20m 29s
Rendered 7237/18000, time remaining: 20m 29s
Rendered 7238/18000, time remaining: 20m 38s
Rendered 7239/18000, time remaining: 20m 25s
Rendered 7240/18000, time remaining: 20m 27s
Rendered 7241/18000, time remaining: 20m 26s
Rendered 7242/18000, time remaining: 20m 29s
Rendered 7243/18000, time remaining: 20m 24s
Rendered 7244/18000, time remaining: 20m 27s
Rendered 7245/18000, time remaining: 20m 29s
Rendered 7246/18000, time remaining: 20m 34s
Rendered 7247/18000, time remaining: 20m 26s
Rendered 7248/18000, time remaining: 20m 28s
Rendered 7249/18000, time remaining: 20m 30s
Rendered 7250/18000, time remaining: 20m 40s
Rendered 7251/18000, time remaining: 20m 34s
Rendered 7252/18000, time remaining: 20m 25s
Rendered 7253/18000, time remaining: 20m 28s
Rendered 7254/18000, time remaining: 20m 33s
Rendered 7255/18000, time remaining: 20m 40s
Rendered 7256/18000, time remaining: 20m 27s
Rendered 7257/18000, time remaining: 20m 28s
Rendered 7258/18000, time remaining: 20m 28s
Rendered 7259/18000, time remaining: 20m 34s
Rendered 7260/18000, time remaining: 20m 26s
Rendered 7261/18000, time remaining: 20m 30s
Rendered 7262/18000, time remaining: 20m 26s
Rendered 7263/18000, time remaining: 20m 29s
Rendered 7264/18000, time remaining: 20m 28s
Rendered 7265/18000, time remaining: 20m 29s
Rendered 7266/18000, time remaining: 20m 28s
Rendered 7267/18000, time remaining: 20m 28s
Rendered 7268/18000, time remaining: 20m 32s
Rendered 7269/18000, time remaining: 20m 25s
Rendered 7270/18000, time remaining: 20m 32s
Rendered 7271/18000, time remaining: 20m 31s
Rendered 7272/18000, time remaining: 20m 37s
Rendered 7273/18000, time remaining: 20m 35s
Rendered 7274/18000, time remaining: 20m 32s
Rendered 7275/18000, time remaining: 20m 29s
Rendered 7276/18000, time remaining: 20m 34s
Rendered 7277/18000, time remaining: 20m 34s
Rendered 7278/18000, time remaining: 20m 37s
Rendered 7279/18000, time remaining: 20m 26s
Rendered 7280/18000, time remaining: 20m 29s
Rendered 7281/18000, time remaining: 20m 42s
Rendered 7282/18000, time remaining: 20m 36s
Rendered 7283/18000, time remaining: 20m 27s
Rendered 7284/18000, time remaining: 20m 24s
Rendered 7285/18000, time remaining: 20m 35s
Rendered 7286/18000, time remaining: 20m 37s
Rendered 7287/18000, time remaining: 20m 29s
Rendered 7288/18000, time remaining: 20m 24s
Rendered 7289/18000, time remaining: 20m 28s
Rendered 7290/18000, time remaining: 20m 33s
Rendered 7291/18000, time remaining: 20m 29s
Rendered 7292/18000, time remaining: 20m 25s
Rendered 7293/18000, time remaining: 20m 20s
Rendered 7294/18000, time remaining: 20m 23s
Rendered 7295/18000, time remaining: 20m 31s
Rendered 7296/18000, time remaining: 20m 28s
Rendered 7297/18000, time remaining: 20m 18s
Rendered 7298/18000, time remaining: 20m 22s
Rendered 7299/18000, time remaining: 20m 23s
Rendered 7300/18000, time remaining: 20m 9s
Rendered 7301/18000, time remaining: 20m 5s
Rendered 7302/18000, time remaining: 20m 9s
Rendered 7303/18000, time remaining: 20m 18s
Rendered 7304/18000, time remaining: 20m 5s
Rendered 7305/18000, time remaining: 19m 56s
Rendered 7306/18000, time remaining: 20m 0s
Rendered 7307/18000, time remaining: 20m 4s
Rendered 7308/18000, time remaining: 20m 13s
Rendered 7309/18000, time remaining: 19m 54s
Rendered 7310/18000, time remaining: 19m 59s
Rendered 7311/18000, time remaining: 20m 0s
Rendered 7312/18000, time remaining: 20m 4s
Rendered 7313/18000, time remaining: 19m 47s
Rendered 7314/18000, time remaining: 19m 50s
Rendered 7315/18000, time remaining: 19m 50s
Rendered 7316/18000, time remaining: 19m 54s
Rendered 7317/18000, time remaining: 19m 34s
Rendered 7318/18000, time remaining: 19m 38s
Rendered 7319/18000, time remaining: 19m 53s
Rendered 7320/18000, time remaining: 19m 51s
Rendered 7321/18000, time remaining: 19m 42s
Rendered 7322/18000, time remaining: 19m 38s
Rendered 7323/18000, time remaining: 19m 53s
Rendered 7324/18000, time remaining: 19m 38s
Rendered 7325/18000, time remaining: 19m 35s
Rendered 7326/18000, time remaining: 19m 36s
Rendered 7327/18000, time remaining: 19m 50s
Rendered 7328/18000, time remaining: 19m 45s
Rendered 7329/18000, time remaining: 19m 34s
Rendered 7330/18000, time remaining: 19m 33s
Rendered 7331/18000, time remaining: 19m 47s
Rendered 7332/18000, time remaining: 19m 39s
Rendered 7333/18000, time remaining: 19m 31s
Rendered 7334/18000, time remaining: 19m 27s
Rendered 7335/18000, time remaining: 19m 41s
Rendered 7336/18000, time remaining: 19m 37s
Rendered 7337/18000, time remaining: 19m 35s
Rendered 7338/18000, time remaining: 19m 32s
Rendered 7339/18000, time remaining: 19m 33s
Rendered 7340/18000, time remaining: 19m 28s
Rendered 7341/18000, time remaining: 19m 34s
Rendered 7342/18000, time remaining: 19m 21s
Rendered 7343/18000, time remaining: 19m 21s
Rendered 7344/18000, time remaining: 19m 18s
Rendered 7345/18000, time remaining: 19m 28s
Rendered 7346/18000, time remaining: 19m 20s
Rendered 7347/18000, time remaining: 19m 21s
Rendered 7348/18000, time remaining: 19m 17s
Rendered 7349/18000, time remaining: 19m 22s
Rendered 7350/18000, time remaining: 19m 19s
Rendered 7351/18000, time remaining: 19m 23s
Rendered 7352/18000, time remaining: 19m 26s
Rendered 7353/18000, time remaining: 19m 20s
Rendered 7354/18000, time remaining: 19m 20s
Rendered 7355/18000, time remaining: 19m 28s
Rendered 7356/18000, time remaining: 19m 27s
Rendered 7357/18000, time remaining: 19m 33s
Rendered 7358/18000, time remaining: 19m 18s
Rendered 7359/18000, time remaining: 19m 22s
Rendered 7360/18000, time remaining: 19m 22s
Rendered 7361/18000, time remaining: 19m 23s
Rendered 7362/18000, time remaining: 19m 6s
Rendered 7363/18000, time remaining: 19m 10s
Rendered 7364/18000, time remaining: 19m 13s
Rendered 7365/18000, time remaining: 19m 17s
Rendered 7366/18000, time remaining: 19m 7s
Rendered 7367/18000, time remaining: 19m 1s
Rendered 7368/18000, time remaining: 18m 58s
Rendered 7369/18000, time remaining: 19m 2s
Rendered 7370/18000, time remaining: 19m 3s
Rendered 7371/18000, time remaining: 18m 49s
Rendered 7372/18000, time remaining: 18m 46s
Rendered 7373/18000, time remaining: 18m 43s
Rendered 7374/18000, time remaining: 18m 48s
Rendered 7375/18000, time remaining: 18m 45s
Rendered 7376/18000, time remaining: 18m 45s
Rendered 7377/18000, time remaining: 18m 37s
Rendered 7378/18000, time remaining: 18m 39s
Rendered 7379/18000, time remaining: 18m 38s
Rendered 7380/18000, time remaining: 18m 24s
Rendered 7381/18000, time remaining: 18m 21s
Rendered 7382/18000, time remaining: 18m 30s
Rendered 7383/18000, time remaining: 18m 29s
Rendered 7384/18000, time remaining: 18m 11s
Rendered 7385/18000, time remaining: 18m 12s
Rendered 7386/18000, time remaining: 18m 20s
Rendered 7387/18000, time remaining: 18m 19s
Rendered 7388/18000, time remaining: 18m 8s
Rendered 7389/18000, time remaining: 18m 5s
Rendered 7390/18000, time remaining: 18m 5s
Rendered 7391/18000, time remaining: 18m 15s
Rendered 7392/18000, time remaining: 18m 15s
Rendered 7393/18000, time remaining: 18m 1s
Rendered 7394/18000, time remaining: 18m 0s
Rendered 7395/18000, time remaining: 18m 4s
Rendered 7396/18000, time remaining: 18m 4s
Rendered 7397/18000, time remaining: 17m 53s
Rendered 7398/18000, time remaining: 17m 51s
Rendered 7399/18000, time remaining: 18m 0s
Rendered 7400/18000, time remaining: 17m 53s
Rendered 7401/18000, time remaining: 17m 48s
Rendered 7402/18000, time remaining: 17m 46s
Rendered 7403/18000, time remaining: 17m 49s
Rendered 7404/18000, time remaining: 17m 48s
Rendered 7405/18000, time remaining: 17m 37s
Rendered 7406/18000, time remaining: 17m 33s
Rendered 7407/18000, time remaining: 17m 40s
Rendered 7408/18000, time remaining: 17m 42s
Rendered 7409/18000, time remaining: 17m 39s
Rendered 7410/18000, time remaining: 17m 29s
Rendered 7411/18000, time remaining: 17m 22s
Rendered 7412/18000, time remaining: 17m 30s
Rendered 7413/18000, time remaining: 17m 31s
Rendered 7414/18000, time remaining: 17m 31s
Rendered 7415/18000, time remaining: 17m 21s
Rendered 7416/18000, time remaining: 17m 20s
Rendered 7417/18000, time remaining: 17m 25s
Rendered 7418/18000, time remaining: 17m 23s
Rendered 7419/18000, time remaining: 17m 18s
Rendered 7420/18000, time remaining: 17m 7s
Rendered 7421/18000, time remaining: 17m 8s
Rendered 7422/18000, time remaining: 17m 10s
Rendered 7423/18000, time remaining: 17m 4s
Rendered 7424/18000, time remaining: 16m 59s
Rendered 7425/18000, time remaining: 16m 59s
Rendered 7426/18000, time remaining: 17m 3s
Rendered 7427/18000, time remaining: 16m 59s
Rendered 7428/18000, time remaining: 16m 51s
Rendered 7429/18000, time remaining: 16m 56s
Rendered 7430/18000, time remaining: 16m 56s
Rendered 7431/18000, time remaining: 16m 43s
Rendered 7432/18000, time remaining: 16m 43s
Rendered 7433/18000, time remaining: 16m 50s
Rendered 7434/18000, time remaining: 16m 53s
Rendered 7435/18000, time remaining: 16m 42s
Rendered 7436/18000, time remaining: 16m 36s
Rendered 7437/18000, time remaining: 16m 37s
Rendered 7438/18000, time remaining: 16m 44s
Rendered 7439/18000, time remaining: 16m 44s
Rendered 7440/18000, time remaining: 16m 41s
Rendered 7441/18000, time remaining: 16m 37s
Rendered 7442/18000, time remaining: 16m 36s
Rendered 7443/18000, time remaining: 16m 42s
Rendered 7444/18000, time remaining: 16m 39s
Rendered 7445/18000, time remaining: 16m 31s
Rendered 7446/18000, time remaining: 16m 29s
Rendered 7447/18000, time remaining: 16m 36s
Rendered 7448/18000, time remaining: 16m 31s
Rendered 7449/18000, time remaining: 16m 27s
Rendered 7450/18000, time remaining: 16m 21s
Rendered 7451/18000, time remaining: 16m 30s
Rendered 7452/18000, time remaining: 16m 33s
Rendered 7453/18000, time remaining: 16m 24s
Rendered 7454/18000, time remaining: 16m 22s
Rendered 7455/18000, time remaining: 16m 24s
Rendered 7456/18000, time remaining: 16m 26s
Rendered 7457/18000, time remaining: 16m 24s
Rendered 7458/18000, time remaining: 16m 22s
Rendered 7459/18000, time remaining: 16m 19s
Rendered 7460/18000, time remaining: 16m 16s
Rendered 7461/18000, time remaining: 16m 17s
Rendered 7462/18000, time remaining: 16m 17s
Rendered 7463/18000, time remaining: 16m 15s
Rendered 7464/18000, time remaining: 16m 12s
Rendered 7465/18000, time remaining: 16m 14s
Rendered 7466/18000, time remaining: 16m 23s
Rendered 7467/18000, time remaining: 16m 20s
Rendered 7468/18000, time remaining: 16m 12s
Rendered 7469/18000, time remaining: 16m 2s
Rendered 7470/18000, time remaining: 16m 7s
Rendered 7471/18000, time remaining: 16m 8s
Rendered 7472/18000, time remaining: 16m 8s
Rendered 7473/18000, time remaining: 15m 54s
Rendered 7474/18000, time remaining: 16m 4s
Rendered 7475/18000, time remaining: 16m 4s
Rendered 7476/18000, time remaining: 16m 7s
Rendered 7477/18000, time remaining: 15m 48s
Rendered 7478/18000, time remaining: 16m 1s
Rendered 7479/18000, time remaining: 16m 3s
Rendered 7480/18000, time remaining: 16m 3s
Rendered 7481/18000, time remaining: 15m 46s
Rendered 7482/18000, time remaining: 15m 55s
Rendered 7483/18000, time remaining: 15m 58s
Rendered 7484/18000, time remaining: 15m 57s
Rendered 7485/18000, time remaining: 15m 45s
Rendered 7486/18000, time remaining: 15m 45s
Rendered 7487/18000, time remaining: 15m 49s
Rendered 7488/18000, time remaining: 15m 50s
Rendered 7489/18000, time remaining: 15m 48s
Rendered 7490/18000, time remaining: 15m 49s
Rendered 7491/18000, time remaining: 15m 45s
Rendered 7492/18000, time remaining: 15m 46s
Rendered 7493/18000, time remaining: 15m 49s
Rendered 7494/18000, time remaining: 15m 50s
Rendered 7495/18000, time remaining: 15m 50s
Rendered 7496/18000, time remaining: 15m 45s
Rendered 7497/18000, time remaining: 15m 42s
Rendered 7498/18000, time remaining: 15m 54s
Rendered 7499/18000, time remaining: 15m 50s
Rendered 7500/18000, time remaining: 15m 38s
Rendered 7501/18000, time remaining: 15m 31s
Rendered 7502/18000, time remaining: 15m 32s
Rendered 7503/18000, time remaining: 15m 32s
Rendered 7504/18000, time remaining: 15m 28s
Rendered 7505/18000, time remaining: 15m 19s
Rendered 7506/18000, time remaining: 15m 28s
Rendered 7507/18000, time remaining: 15m 20s
Rendered 7508/18000, time remaining: 15m 20s
Rendered 7509/18000, time remaining: 15m 16s
Rendered 7510/18000, time remaining: 15m 27s
Rendered 7511/18000, time remaining: 15m 24s
Rendered 7512/18000, time remaining: 15m 25s
Rendered 7513/18000, time remaining: 15m 19s
Rendered 7514/18000, time remaining: 15m 30s
Rendered 7515/18000, time remaining: 15m 22s
Rendered 7516/18000, time remaining: 15m 23s
Rendered 7517/18000, time remaining: 15m 17s
Rendered 7518/18000, time remaining: 15m 33s
Rendered 7519/18000, time remaining: 15m 31s
Rendered 7520/18000, time remaining: 15m 25s
Rendered 7521/18000, time remaining: 15m 23s
Rendered 7522/18000, time remaining: 15m 33s
Rendered 7523/18000, time remaining: 15m 33s
Rendered 7524/18000, time remaining: 15m 26s
Rendered 7525/18000, time remaining: 15m 24s
Rendered 7526/18000, time remaining: 15m 33s
Rendered 7527/18000, time remaining: 15m 31s
Rendered 7528/18000, time remaining: 15m 23s
Rendered 7529/18000, time remaining: 15m 22s
Rendered 7530/18000, time remaining: 15m 25s
Rendered 7531/18000, time remaining: 15m 35s
Rendered 7532/18000, time remaining: 15m 24s
Rendered 7533/18000, time remaining: 15m 21s
Rendered 7534/18000, time remaining: 15m 22s
Rendered 7535/18000, time remaining: 15m 32s
Rendered 7536/18000, time remaining: 15m 28s
Rendered 7537/18000, time remaining: 15m 27s
Rendered 7538/18000, time remaining: 15m 26s
Rendered 7539/18000, time remaining: 15m 27s
Rendered 7540/18000, time remaining: 15m 29s
Rendered 7541/18000, time remaining: 15m 19s
Rendered 7542/18000, time remaining: 15m 17s
Rendered 7543/18000, time remaining: 15m 27s
Rendered 7544/18000, time remaining: 15m 25s
Rendered 7545/18000, time remaining: 15m 18s
Rendered 7546/18000, time remaining: 15m 14s
Rendered 7547/18000, time remaining: 15m 24s
Rendered 7548/18000, time remaining: 15m 28s
Rendered 7549/18000, time remaining: 15m 16s
Rendered 7550/18000, time remaining: 15m 14s
Rendered 7551/18000, time remaining: 15m 25s
Rendered 7552/18000, time remaining: 15m 27s
Rendered 7553/18000, time remaining: 15m 23s
Rendered 7554/18000, time remaining: 15m 20s
Rendered 7555/18000, time remaining: 15m 21s
Rendered 7556/18000, time remaining: 15m 34s
Rendered 7557/18000, time remaining: 15m 26s
Rendered 7558/18000, time remaining: 15m 24s
Rendered 7559/18000, time remaining: 15m 20s
Rendered 7560/18000, time remaining: 15m 39s
Rendered 7561/18000, time remaining: 15m 38s
Rendered 7562/18000, time remaining: 15m 35s
Rendered 7563/18000, time remaining: 15m 31s
Rendered 7564/18000, time remaining: 15m 29s
Rendered 7565/18000, time remaining: 15m 35s
Rendered 7566/18000, time remaining: 15m 38s
Rendered 7567/18000, time remaining: 15m 32s
Rendered 7568/18000, time remaining: 15m 33s
Rendered 7569/18000, time remaining: 15m 41s
Rendered 7570/18000, time remaining: 15m 43s
Rendered 7571/18000, time remaining: 15m 39s
Rendered 7572/18000, time remaining: 15m 37s
Rendered 7573/18000, time remaining: 15m 44s
Rendered 7574/18000, time remaining: 15m 47s
Rendered 7575/18000, time remaining: 15m 48s
Rendered 7576/18000, time remaining: 15m 38s
Rendered 7577/18000, time remaining: 15m 51s
Rendered 7578/18000, time remaining: 15m 47s
Rendered 7579/18000, time remaining: 15m 44s
Rendered 7580/18000, time remaining: 15m 42s
Rendered 7581/18000, time remaining: 15m 53s
Rendered 7582/18000, time remaining: 15m 52s
Rendered 7583/18000, time remaining: 15m 48s
Rendered 7584/18000, time remaining: 15m 43s
Rendered 7585/18000, time remaining: 15m 49s
Rendered 7586/18000, time remaining: 15m 57s
Rendered 7587/18000, time remaining: 15m 56s
Rendered 7588/18000, time remaining: 15m 49s
Rendered 7589/18000, time remaining: 15m 45s
Rendered 7590/18000, time remaining: 15m 49s
Rendered 7591/18000, time remaining: 15m 56s
Rendered 7592/18000, time remaining: 16m 0s
Rendered 7593/18000, time remaining: 15m 57s
Rendered 7594/18000, time remaining: 16m 3s
Rendered 7595/18000, time remaining: 16m 7s
Rendered 7596/18000, time remaining: 16m 6s
Rendered 7597/18000, time remaining: 16m 4s
Rendered 7598/18000, time remaining: 16m 15s
Rendered 7599/18000, time remaining: 16m 17s
Rendered 7600/18000, time remaining: 16m 14s
Rendered 7601/18000, time remaining: 16m 6s
Rendered 7602/18000, time remaining: 16m 16s
Rendered 7603/18000, time remaining: 16m 16s
Rendered 7604/18000, time remaining: 16m 18s
Rendered 7605/18000, time remaining: 16m 12s
Rendered 7606/18000, time remaining: 16m 19s
Rendered 7607/18000, time remaining: 16m 17s
Rendered 7608/18000, time remaining: 16m 9s
Rendered 7609/18000, time remaining: 16m 8s
Rendered 7610/18000, time remaining: 16m 17s
Rendered 7611/18000, time remaining: 16m 22s
Rendered 7612/18000, time remaining: 16m 18s
Rendered 7613/18000, time remaining: 16m 19s
Rendered 7614/18000, time remaining: 16m 20s
Rendered 7615/18000, time remaining: 16m 30s
Rendered 7616/18000, time remaining: 16m 22s
Rendered 7617/18000, time remaining: 16m 19s
Rendered 7618/18000, time remaining: 16m 25s
Rendered 7619/18000, time remaining: 16m 25s
Rendered 7620/18000, time remaining: 16m 25s
Rendered 7621/18000, time remaining: 16m 20s
Rendered 7622/18000, time remaining: 16m 27s
Rendered 7623/18000, time remaining: 16m 29s
Rendered 7624/18000, time remaining: 16m 28s
Rendered 7625/18000, time remaining: 16m 27s
Rendered 7626/18000, time remaining: 16m 25s
Rendered 7627/18000, time remaining: 16m 30s
Rendered 7628/18000, time remaining: 16m 32s
Rendered 7629/18000, time remaining: 16m 30s
Rendered 7630/18000, time remaining: 16m 30s
Rendered 7631/18000, time remaining: 16m 30s
Rendered 7632/18000, time remaining: 16m 37s
Rendered 7633/18000, time remaining: 16m 32s
Rendered 7634/18000, time remaining: 16m 32s
Rendered 7635/18000, time remaining: 16m 32s
Rendered 7636/18000, time remaining: 16m 54s
Rendered 7637/18000, time remaining: 16m 39s
Rendered 7638/18000, time remaining: 16m 36s
Rendered 7639/18000, time remaining: 16m 37s
Rendered 7640/18000, time remaining: 16m 55s
Rendered 7641/18000, time remaining: 16m 43s
Rendered 7642/18000, time remaining: 16m 40s
Rendered 7643/18000, time remaining: 16m 37s
Rendered 7644/18000, time remaining: 16m 51s
Rendered 7645/18000, time remaining: 16m 41s
Rendered 7646/18000, time remaining: 16m 43s
Rendered 7647/18000, time remaining: 16m 41s
Rendered 7648/18000, time remaining: 16m 35s
Rendered 7649/18000, time remaining: 16m 41s
Rendered 7650/18000, time remaining: 16m 44s
Rendered 7651/18000, time remaining: 16m 49s
Rendered 7652/18000, time remaining: 16m 40s
Rendered 7653/18000, time remaining: 16m 40s
Rendered 7654/18000, time remaining: 16m 46s
Rendered 7655/18000, time remaining: 16m 50s
Rendered 7656/18000, time remaining: 16m 36s
Rendered 7657/18000, time remaining: 16m 37s
Rendered 7658/18000, time remaining: 16m 42s
Rendered 7659/18000, time remaining: 16m 47s
Rendered 7660/18000, time remaining: 16m 37s
Rendered 7661/18000, time remaining: 16m 37s
Rendered 7662/18000, time remaining: 16m 43s
Rendered 7663/18000, time remaining: 16m 47s
Rendered 7664/18000, time remaining: 16m 41s
Rendered 7665/18000, time remaining: 16m 45s
Rendered 7666/18000, time remaining: 16m 45s
Rendered 7667/18000, time remaining: 16m 50s
Rendered 7668/18000, time remaining: 16m 45s
Rendered 7669/18000, time remaining: 16m 44s
Rendered 7670/18000, time remaining: 16m 48s
Rendered 7671/18000, time remaining: 16m 53s
Rendered 7672/18000, time remaining: 16m 48s
Rendered 7673/18000, time remaining: 16m 51s
Rendered 7674/18000, time remaining: 16m 57s
Rendered 7675/18000, time remaining: 16m 55s
Rendered 7676/18000, time remaining: 16m 50s
Rendered 7677/18000, time remaining: 16m 56s
Rendered 7678/18000, time remaining: 17m 0s
Rendered 7679/18000, time remaining: 16m 58s
Rendered 7680/18000, time remaining: 17m 0s
Rendered 7681/18000, time remaining: 16m 54s
Rendered 7682/18000, time remaining: 17m 1s
Rendered 7683/18000, time remaining: 17m 1s
Rendered 7684/18000, time remaining: 17m 4s
Rendered 7685/18000, time remaining: 16m 51s
Rendered 7686/18000, time remaining: 17m 0s
Rendered 7687/18000, time remaining: 16m 59s
Rendered 7688/18000, time remaining: 17m 2s
Rendered 7689/18000, time remaining: 17m 2s
Rendered 7690/18000, time remaining: 17m 6s
Rendered 7691/18000, time remaining: 17m 8s
Rendered 7692/18000, time remaining: 17m 6s
Rendered 7693/18000, time remaining: 16m 59s
Rendered 7694/18000, time remaining: 17m 7s
Rendered 7695/18000, time remaining: 17m 10s
Rendered 7696/18000, time remaining: 17m 14s
Rendered 7697/18000, time remaining: 17m 1s
Rendered 7698/18000, time remaining: 16m 59s
Rendered 7699/18000, time remaining: 17m 7s
Rendered 7700/18000, time remaining: 17m 13s
Rendered 7701/18000, time remaining: 17m 6s
Rendered 7702/18000, time remaining: 17m 1s
Rendered 7703/18000, time remaining: 17m 4s
Rendered 7704/18000, time remaining: 17m 10s
Rendered 7705/18000, time remaining: 17m 12s
Rendered 7706/18000, time remaining: 16m 57s
Rendered 7707/18000, time remaining: 16m 57s
Rendered 7708/18000, time remaining: 17m 7s
Rendered 7709/18000, time remaining: 17m 12s
Rendered 7710/18000, time remaining: 16m 55s
Rendered 7711/18000, time remaining: 16m 56s
Rendered 7712/18000, time remaining: 17m 2s
Rendered 7713/18000, time remaining: 17m 6s
Rendered 7714/18000, time remaining: 17m 4s
Rendered 7715/18000, time remaining: 16m 58s
Rendered 7716/18000, time remaining: 17m 7s
Rendered 7717/18000, time remaining: 17m 8s
Rendered 7718/18000, time remaining: 17m 4s
Rendered 7719/18000, time remaining: 16m 56s
Rendered 7720/18000, time remaining: 17m 4s
Rendered 7721/18000, time remaining: 17m 8s
Rendered 7722/18000, time remaining: 17m 4s
Rendered 7723/18000, time remaining: 16m 53s
Rendered 7724/18000, time remaining: 16m 56s
Rendered 7725/18000, time remaining: 17m 13s
Rendered 7726/18000, time remaining: 17m 16s
Rendered 7727/18000, time remaining: 17m 2s
Rendered 7728/18000, time remaining: 17m 2s
Rendered 7729/18000, time remaining: 17m 19s
Rendered 7730/18000, time remaining: 17m 21s
Rendered 7731/18000, time remaining: 17m 7s
Rendered 7732/18000, time remaining: 17m 5s
Rendered 7733/18000, time remaining: 17m 16s
Rendered 7734/18000, time remaining: 17m 21s
Rendered 7735/18000, time remaining: 17m 13s
Rendered 7736/18000, time remaining: 17m 4s
Rendered 7737/18000, time remaining: 17m 17s
Rendered 7738/18000, time remaining: 17m 20s
Rendered 7739/18000, time remaining: 17m 19s
Rendered 7740/18000, time remaining: 17m 14s
Rendered 7741/18000, time remaining: 17m 11s
Rendered 7742/18000, time remaining: 17m 10s
Rendered 7743/18000, time remaining: 17m 9s
Rendered 7744/18000, time remaining: 17m 10s
Rendered 7745/18000, time remaining: 17m 6s
Rendered 7746/18000, time remaining: 17m 5s
Rendered 7747/18000, time remaining: 17m 7s
Rendered 7748/18000, time remaining: 16m 57s
Rendered 7749/18000, time remaining: 17m 0s
Rendered 7750/18000, time remaining: 16m 58s
Rendered 7751/18000, time remaining: 17m 8s
Rendered 7752/18000, time remaining: 16m 57s
Rendered 7753/18000, time remaining: 17m 4s
Rendered 7754/18000, time remaining: 17m 0s
Rendered 7755/18000, time remaining: 17m 6s
Rendered 7756/18000, time remaining: 16m 57s
Rendered 7757/18000, time remaining: 17m 4s
Rendered 7758/18000, time remaining: 17m 0s
Rendered 7759/18000, time remaining: 17m 13s
Rendered 7760/18000, time remaining: 17m 5s
Rendered 7761/18000, time remaining: 17m 1s
Rendered 7762/18000, time remaining: 17m 0s
Rendered 7763/18000, time remaining: 17m 2s
Rendered 7764/18000, time remaining: 17m 3s
Rendered 7765/18000, time remaining: 16m 54s
Rendered 7766/18000, time remaining: 16m 54s
Rendered 7767/18000, time remaining: 16m 58s
Rendered 7768/18000, time remaining: 17m 1s
Rendered 7769/18000, time remaining: 17m 1s
Rendered 7770/18000, time remaining: 16m 57s
Rendered 7771/18000, time remaining: 16m 58s
Rendered 7772/18000, time remaining: 16m 57s
Rendered 7773/18000, time remaining: 17m 0s
Rendered 7774/18000, time remaining: 16m 57s
Rendered 7775/18000, time remaining: 16m 55s
Rendered 7776/18000, time remaining: 17m 1s
Rendered 7777/18000, time remaining: 16m 55s
Rendered 7778/18000, time remaining: 16m 53s
Rendered 7779/18000, time remaining: 16m 56s
Rendered 7780/18000, time remaining: 16m 56s
Rendered 7781/18000, time remaining: 16m 56s
Rendered 7782/18000, time remaining: 16m 50s
Rendered 7783/18000, time remaining: 16m 54s
Rendered 7784/18000, time remaining: 16m 57s
Rendered 7785/18000, time remaining: 16m 58s
Rendered 7786/18000, time remaining: 16m 38s
Rendered 7787/18000, time remaining: 16m 45s
Rendered 7788/18000, time remaining: 16m 50s
Rendered 7789/18000, time remaining: 16m 50s
Rendered 7790/18000, time remaining: 16m 35s
Rendered 7791/18000, time remaining: 16m 42s
Rendered 7792/18000, time remaining: 16m 49s
Rendered 7793/18000, time remaining: 16m 50s
Rendered 7794/18000, time remaining: 16m 40s
Rendered 7795/18000, time remaining: 17m 1s
Rendered 7796/18000, time remaining: 16m 59s
Rendered 7797/18000, time remaining: 17m 2s
Rendered 7798/18000, time remaining: 16m 56s
Rendered 7799/18000, time remaining: 17m 9s
Rendered 7800/18000, time remaining: 17m 8s
Rendered 7801/18000, time remaining: 17m 7s
Rendered 7802/18000, time remaining: 17m 7s
Rendered 7803/18000, time remaining: 17m 30s
Rendered 7804/18000, time remaining: 17m 24s
Rendered 7805/18000, time remaining: 17m 19s
Rendered 7806/18000, time remaining: 17m 19s
Rendered 7807/18000, time remaining: 17m 20s
Rendered 7808/18000, time remaining: 17m 29s
Rendered 7809/18000, time remaining: 17m 23s
Rendered 7810/18000, time remaining: 17m 20s
Rendered 7811/18000, time remaining: 17m 21s
Rendered 7812/18000, time remaining: 17m 41s
Rendered 7813/18000, time remaining: 17m 37s
Rendered 7814/18000, time remaining: 17m 29s
Rendered 7815/18000, time remaining: 17m 31s
Rendered 7816/18000, time remaining: 17m 45s
Rendered 7817/18000, time remaining: 17m 43s
Rendered 7818/18000, time remaining: 17m 34s
Rendered 7819/18000, time remaining: 17m 32s
Rendered 7820/18000, time remaining: 17m 48s
Rendered 7821/18000, time remaining: 17m 43s
Rendered 7822/18000, time remaining: 17m 37s
Rendered 7823/18000, time remaining: 17m 31s
Rendered 7824/18000, time remaining: 17m 46s
Rendered 7825/18000, time remaining: 17m 48s
Rendered 7826/18000, time remaining: 17m 42s
Rendered 7827/18000, time remaining: 17m 37s
Rendered 7828/18000, time remaining: 17m 36s
Rendered 7829/18000, time remaining: 17m 48s
Rendered 7830/18000, time remaining: 17m 44s
Rendered 7831/18000, time remaining: 17m 42s
Rendered 7832/18000, time remaining: 17m 32s
Rendered 7833/18000, time remaining: 17m 51s
Rendered 7834/18000, time remaining: 17m 49s
Rendered 7835/18000, time remaining: 17m 54s
Rendered 7836/18000, time remaining: 17m 40s
Rendered 7837/18000, time remaining: 17m 52s
Rendered 7838/18000, time remaining: 17m 53s
Rendered 7839/18000, time remaining: 17m 48s
Rendered 7840/18000, time remaining: 17m 40s
Rendered 7841/18000, time remaining: 17m 49s
Rendered 7842/18000, time remaining: 17m 55s
Rendered 7843/18000, time remaining: 17m 55s
Rendered 7844/18000, time remaining: 17m 43s
Rendered 7845/18000, time remaining: 17m 46s
Rendered 7846/18000, time remaining: 17m 49s
Rendered 7847/18000, time remaining: 17m 58s
Rendered 7848/18000, time remaining: 17m 54s
Rendered 7849/18000, time remaining: 17m 52s
Rendered 7850/18000, time remaining: 17m 51s
Rendered 7851/18000, time remaining: 17m 55s
Rendered 7852/18000, time remaining: 17m 58s
Rendered 7853/18000, time remaining: 17m 52s
Rendered 7854/18000, time remaining: 17m 50s
Rendered 7855/18000, time remaining: 17m 54s
Rendered 7856/18000, time remaining: 17m 59s
Rendered 7857/18000, time remaining: 17m 58s
Rendered 7858/18000, time remaining: 17m 54s
Rendered 7859/18000, time remaining: 17m 55s
Rendered 7860/18000, time remaining: 18m 2s
Rendered 7861/18000, time remaining: 18m 4s
Rendered 7862/18000, time remaining: 18m 57s
Rendered 7863/18000, time remaining: 18m 54s
Rendered 7864/18000, time remaining: 19m 5s
Rendered 7865/18000, time remaining: 19m 6s
Rendered 7866/18000, time remaining: 19m 23s
Rendered 7867/18000, time remaining: 19m 25s
Rendered 7868/18000, time remaining: 19m 38s
Rendered 7869/18000, time remaining: 19m 46s
Rendered 7870/18000, time remaining: 19m 34s
Rendered 7871/18000, time remaining: 19m 38s
Rendered 7872/18000, time remaining: 19m 50s
Rendered 7873/18000, time remaining: 19m 52s
Rendered 7874/18000, time remaining: 19m 48s
Rendered 7875/18000, time remaining: 19m 32s
Rendered 7876/18000, time remaining: 19m 50s
Rendered 7877/18000, time remaining: 19m 48s
Rendered 7878/18000, time remaining: 19m 55s
Rendered 7879/18000, time remaining: 19m 35s
Rendered 7880/18000, time remaining: 19m 51s
Rendered 7881/18000, time remaining: 19m 52s
Rendered 7882/18000, time remaining: 19m 56s
Rendered 7883/18000, time remaining: 19m 46s
Rendered 7884/18000, time remaining: 20m 8s
Rendered 7885/18000, time remaining: 20m 13s
Rendered 7886/18000, time remaining: 20m 14s
Rendered 7887/18000, time remaining: 20m 3s
Rendered 7888/18000, time remaining: 20m 11s
Rendered 7889/18000, time remaining: 20m 10s
Rendered 7890/18000, time remaining: 20m 14s
Rendered 7891/18000, time remaining: 20m 9s
Rendered 7892/18000, time remaining: 20m 11s
Rendered 7893/18000, time remaining: 20m 9s
Rendered 7894/18000, time remaining: 20m 21s
Rendered 7895/18000, time remaining: 20m 20s
Rendered 7896/18000, time remaining: 20m 18s
Rendered 7897/18000, time remaining: 20m 9s
Rendered 7898/18000, time remaining: 20m 24s
Rendered 7899/18000, time remaining: 20m 24s
Rendered 7900/18000, time remaining: 20m 25s
Rendered 7901/18000, time remaining: 20m 16s
Rendered 7902/18000, time remaining: 20m 21s
Rendered 7903/18000, time remaining: 20m 27s
Rendered 7904/18000, time remaining: 20m 30s
Rendered 7905/18000, time remaining: 20m 30s
Rendered 7906/18000, time remaining: 20m 26s
Rendered 7907/18000, time remaining: 20m 26s
Rendered 7908/18000, time remaining: 20m 37s
Rendered 7909/18000, time remaining: 20m 26s
Rendered 7910/18000, time remaining: 20m 26s
Rendered 7911/18000, time remaining: 20m 27s
Rendered 7912/18000, time remaining: 20m 39s
Rendered 7913/18000, time remaining: 20m 40s
Rendered 7914/18000, time remaining: 20m 41s
Rendered 7915/18000, time remaining: 20m 43s
Rendered 7916/18000, time remaining: 20m 50s
Rendered 7917/18000, time remaining: 21m 0s
Rendered 7918/18000, time remaining: 20m 56s
Rendered 7919/18000, time remaining: 20m 51s
Rendered 7920/18000, time remaining: 20m 51s
Rendered 7921/18000, time remaining: 21m 1s
Rendered 7922/18000, time remaining: 21m 1s
Rendered 7923/18000, time remaining: 20m 52s
Rendered 7924/18000, time remaining: 20m 59s
Rendered 7925/18000, time remaining: 21m 0s
Rendered 7926/18000, time remaining: 20m 58s
Rendered 7927/18000, time remaining: 20m 59s
Rendered 7928/18000, time remaining: 20m 58s
Rendered 7929/18000, time remaining: 21m 0s
Rendered 7930/18000, time remaining: 21m 5s
Rendered 7931/18000, time remaining: 21m 17s
Rendered 7932/18000, time remaining: 21m 4s
Rendered 7933/18000, time remaining: 21m 2s
Rendered 7934/18000, time remaining: 21m 0s
Rendered 7935/18000, time remaining: 21m 17s
Rendered 7936/18000, time remaining: 21m 14s
Rendered 7937/18000, time remaining: 21m 10s
Rendered 7938/18000, time remaining: 21m 13s
Rendered 7939/18000, time remaining: 21m 19s
Rendered 7940/18000, time remaining: 21m 19s
Rendered 7941/18000, time remaining: 21m 12s
Rendered 7942/18000, time remaining: 21m 7s
Rendered 7943/18000, time remaining: 21m 8s
Rendered 7944/18000, time remaining: 21m 19s
Rendered 7945/18000, time remaining: 20m 56s
Rendered 7946/18000, time remaining: 20m 58s
Rendered 7947/18000, time remaining: 20m 55s
Rendered 7948/18000, time remaining: 21m 10s
Rendered 7949/18000, time remaining: 20m 53s
Rendered 7950/18000, time remaining: 20m 48s
Rendered 7951/18000, time remaining: 20m 45s
Rendered 7952/18000, time remaining: 21m 2s
Rendered 7953/18000, time remaining: 20m 44s
Rendered 7954/18000, time remaining: 20m 43s
Rendered 7955/18000, time remaining: 20m 44s
Rendered 7956/18000, time remaining: 20m 54s
Rendered 7957/18000, time remaining: 20m 54s
Rendered 7958/18000, time remaining: 20m 42s
Rendered 7959/18000, time remaining: 20m 42s
Rendered 7960/18000, time remaining: 20m 54s
Rendered 7961/18000, time remaining: 21m 0s
Rendered 7962/18000, time remaining: 20m 35s
Rendered 7963/18000, time remaining: 20m 34s
Rendered 7964/18000, time remaining: 20m 44s
Rendered 7965/18000, time remaining: 20m 44s
Rendered 7966/18000, time remaining: 20m 30s
Rendered 7967/18000, time remaining: 20m 27s
Rendered 7968/18000, time remaining: 20m 40s
Rendered 7969/18000, time remaining: 20m 41s
Rendered 7970/18000, time remaining: 20m 26s
Rendered 7971/18000, time remaining: 20m 24s
Rendered 7972/18000, time remaining: 20m 43s
Rendered 7973/18000, time remaining: 20m 43s
Rendered 7974/18000, time remaining: 20m 29s
Rendered 7975/18000, time remaining: 20m 25s
Rendered 7976/18000, time remaining: 20m 40s
Rendered 7977/18000, time remaining: 20m 41s
Rendered 7978/18000, time remaining: 20m 38s
Rendered 7979/18000, time remaining: 20m 25s
Rendered 7980/18000, time remaining: 20m 29s
Rendered 7981/18000, time remaining: 20m 43s
Rendered 7982/18000, time remaining: 20m 45s
Rendered 7983/18000, time remaining: 20m 26s
Rendered 7984/18000, time remaining: 20m 26s
Rendered 7985/18000, time remaining: 20m 46s
Rendered 7986/18000, time remaining: 20m 47s
Rendered 7987/18000, time remaining: 20m 33s
Rendered 7988/18000, time remaining: 20m 30s
Rendered 7989/18000, time remaining: 20m 51s
Rendered 7990/18000, time remaining: 20m 51s
Rendered 7991/18000, time remaining: 20m 38s
Rendered 7992/18000, time remaining: 20m 33s
Rendered 7993/18000, time remaining: 20m 53s
Rendered 7994/18000, time remaining: 20m 58s
Rendered 7995/18000, time remaining: 20m 52s
Rendered 7996/18000, time remaining: 20m 45s
Rendered 7997/18000, time remaining: 20m 57s
Rendered 7998/18000, time remaining: 21m 0s
Rendered 7999/18000, time remaining: 20m 55s
Rendered 8000/18000, time remaining: 20m 49s
Rendered 8001/18000, time remaining: 21m 8s
Rendered 8002/18000, time remaining: 21m 3s
Rendered 8003/18000, time remaining: 21m 5s
Rendered 8004/18000, time remaining: 21m 7s
Rendered 8005/18000, time remaining: 21m 13s
Rendered 8006/18000, time remaining: 21m 11s
Rendered 8007/18000, time remaining: 21m 10s
Rendered 8008/18000, time remaining: 21m 12s
Rendered 8009/18000, time remaining: 21m 14s
Rendered 8010/18000, time remaining: 21m 14s
Rendered 8011/18000, time remaining: 21m 8s
Rendered 8012/18000, time remaining: 20m 13s
Rendered 8013/18000, time remaining: 20m 17s
Rendered 8014/18000, time remaining: 20m 18s
Rendered 8015/18000, time remaining: 20m 20s
Rendered 8016/18000, time remaining: 19m 54s
Rendered 8017/18000, time remaining: 19m 51s
Rendered 8018/18000, time remaining: 19m 51s
Rendered 8019/18000, time remaining: 19m 49s
Rendered 8020/18000, time remaining: 19m 49s
Rendered 8021/18000, time remaining: 19m 43s
Rendered 8022/18000, time remaining: 19m 36s
Rendered 8023/18000, time remaining: 19m 52s
Rendered 8024/18000, time remaining: 19m 55s
Rendered 8025/18000, time remaining: 19m 51s
Rendered 8026/18000, time remaining: 19m 40s
Rendered 8027/18000, time remaining: 19m 47s
Rendered 8028/18000, time remaining: 19m 46s
Rendered 8029/18000, time remaining: 19m 47s
Rendered 8030/18000, time remaining: 19m 35s
Rendered 8031/18000, time remaining: 19m 40s
Rendered 8032/18000, time remaining: 19m 45s
Rendered 8033/18000, time remaining: 19m 40s
Rendered 8034/18000, time remaining: 19m 19s
Rendered 8035/18000, time remaining: 19m 13s
Rendered 8036/18000, time remaining: 19m 31s
Rendered 8037/18000, time remaining: 19m 25s
Rendered 8038/18000, time remaining: 19m 18s
Rendered 8039/18000, time remaining: 19m 16s
Rendered 8040/18000, time remaining: 19m 33s
Rendered 8041/18000, time remaining: 19m 31s
Rendered 8042/18000, time remaining: 19m 24s
Rendered 8043/18000, time remaining: 19m 21s
Rendered 8044/18000, time remaining: 19m 32s
Rendered 8045/18000, time remaining: 19m 30s
Rendered 8046/18000, time remaining: 19m 29s
Rendered 8047/18000, time remaining: 19m 29s
Rendered 8048/18000, time remaining: 19m 34s
Rendered 8049/18000, time remaining: 19m 32s
Rendered 8050/18000, time remaining: 19m 32s
Rendered 8051/18000, time remaining: 19m 31s
Rendered 8052/18000, time remaining: 19m 42s
Rendered 8053/18000, time remaining: 19m 31s
Rendered 8054/18000, time remaining: 19m 28s
Rendered 8055/18000, time remaining: 19m 23s
Rendered 8056/18000, time remaining: 19m 41s
Rendered 8057/18000, time remaining: 19m 41s
Rendered 8058/18000, time remaining: 19m 34s
Rendered 8059/18000, time remaining: 19m 30s
Rendered 8060/18000, time remaining: 19m 36s
Rendered 8061/18000, time remaining: 19m 40s
Rendered 8062/18000, time remaining: 19m 34s
Rendered 8063/18000, time remaining: 19m 33s
Rendered 8064/18000, time remaining: 19m 28s
Rendered 8065/18000, time remaining: 19m 29s
Rendered 8066/18000, time remaining: 19m 22s
Rendered 8067/18000, time remaining: 19m 21s
Rendered 8068/18000, time remaining: 19m 17s
Rendered 8069/18000, time remaining: 19m 20s
Rendered 8070/18000, time remaining: 19m 17s
Rendered 8071/18000, time remaining: 19m 27s
Rendered 8072/18000, time remaining: 19m 22s
Rendered 8073/18000, time remaining: 19m 25s
Rendered 8074/18000, time remaining: 19m 12s
Rendered 8075/18000, time remaining: 19m 28s
Rendered 8076/18000, time remaining: 19m 22s
Rendered 8077/18000, time remaining: 19m 27s
Rendered 8078/18000, time remaining: 19m 21s
Rendered 8079/18000, time remaining: 19m 23s
Rendered 8080/18000, time remaining: 19m 22s
Rendered 8081/18000, time remaining: 19m 24s
Rendered 8082/18000, time remaining: 19m 24s
Rendered 8083/18000, time remaining: 19m 25s
Rendered 8084/18000, time remaining: 19m 39s
Rendered 8085/18000, time remaining: 19m 26s
Rendered 8086/18000, time remaining: 19m 24s
Rendered 8087/18000, time remaining: 19m 25s
Rendered 8088/18000, time remaining: 19m 24s
Rendered 8089/18000, time remaining: 19m 27s
Rendered 8090/18000, time remaining: 19m 24s
Rendered 8091/18000, time remaining: 19m 26s
Rendered 8092/18000, time remaining: 19m 35s
Rendered 8093/18000, time remaining: 19m 37s
Rendered 8094/18000, time remaining: 19m 27s
Rendered 8095/18000, time remaining: 19m 29s
Rendered 8096/18000, time remaining: 19m 28s
Rendered 8097/18000, time remaining: 19m 38s
Rendered 8098/18000, time remaining: 19m 26s
Rendered 8099/18000, time remaining: 19m 27s
Rendered 8100/18000, time remaining: 19m 27s
Rendered 8101/18000, time remaining: 19m 40s
Rendered 8102/18000, time remaining: 19m 24s
Rendered 8103/18000, time remaining: 19m 25s
Rendered 8104/18000, time remaining: 19m 23s
Rendered 8105/18000, time remaining: 19m 32s
Rendered 8106/18000, time remaining: 19m 22s
Rendered 8107/18000, time remaining: 19m 36s
Rendered 8108/18000, time remaining: 19m 32s
Rendered 8109/18000, time remaining: 19m 36s
Rendered 8110/18000, time remaining: 19m 23s
Rendered 8111/18000, time remaining: 19m 38s
Rendered 8112/18000, time remaining: 19m 34s
Rendered 8113/18000, time remaining: 19m 40s
Rendered 8114/18000, time remaining: 19m 29s
Rendered 8115/18000, time remaining: 19m 42s
Rendered 8116/18000, time remaining: 19m 37s
Rendered 8117/18000, time remaining: 19m 41s
Rendered 8118/18000, time remaining: 19m 28s
Rendered 8119/18000, time remaining: 19m 45s
Rendered 8120/18000, time remaining: 19m 44s
Rendered 8121/18000, time remaining: 19m 42s
Rendered 8122/18000, time remaining: 19m 24s
Rendered 8123/18000, time remaining: 19m 40s
Rendered 8124/18000, time remaining: 19m 48s
Rendered 8125/18000, time remaining: 19m 49s
Rendered 8126/18000, time remaining: 19m 37s
Rendered 8127/18000, time remaining: 19m 42s
Rendered 8128/18000, time remaining: 19m 48s
Rendered 8129/18000, time remaining: 19m 50s
Rendered 8130/18000, time remaining: 19m 48s
Rendered 8131/18000, time remaining: 19m 37s
Rendered 8132/18000, time remaining: 19m 51s
Rendered 8133/18000, time remaining: 19m 56s
Rendered 8134/18000, time remaining: 20m 2s
Rendered 8135/18000, time remaining: 19m 45s
Rendered 8136/18000, time remaining: 19m 52s
Rendered 8137/18000, time remaining: 20m 8s
Rendered 8138/18000, time remaining: 20m 17s
Rendered 8139/18000, time remaining: 19m 58s
Rendered 8140/18000, time remaining: 19m 58s
Rendered 8141/18000, time remaining: 20m 12s
Rendered 8142/18000, time remaining: 20m 11s
Rendered 8143/18000, time remaining: 19m 50s
Rendered 8144/18000, time remaining: 19m 47s
Rendered 8145/18000, time remaining: 19m 59s
Rendered 8146/18000, time remaining: 20m 1s
Rendered 8147/18000, time remaining: 19m 45s
Rendered 8148/18000, time remaining: 19m 41s
Rendered 8149/18000, time remaining: 19m 46s
Rendered 8150/18000, time remaining: 19m 53s
Rendered 8151/18000, time remaining: 19m 31s
Rendered 8152/18000, time remaining: 19m 31s
Rendered 8153/18000, time remaining: 19m 33s
Rendered 8154/18000, time remaining: 19m 35s
Rendered 8155/18000, time remaining: 19m 24s
Rendered 8156/18000, time remaining: 19m 21s
Rendered 8157/18000, time remaining: 19m 24s
Rendered 8158/18000, time remaining: 19m 21s
Rendered 8159/18000, time remaining: 19m 17s
Rendered 8160/18000, time remaining: 19m 13s
Rendered 8161/18000, time remaining: 19m 16s
Rendered 8162/18000, time remaining: 19m 16s
Rendered 8163/18000, time remaining: 19m 14s
Rendered 8164/18000, time remaining: 19m 1s
Rendered 8165/18000, time remaining: 19m 3s
Rendered 8166/18000, time remaining: 19m 1s
Rendered 8167/18000, time remaining: 19m 2s
Rendered 8168/18000, time remaining: 18m 51s
Rendered 8169/18000, time remaining: 18m 49s
Rendered 8170/18000, time remaining: 18m 54s
Rendered 8171/18000, time remaining: 18m 58s
Rendered 8172/18000, time remaining: 18m 51s
Rendered 8173/18000, time remaining: 18m 41s
Rendered 8174/18000, time remaining: 18m 44s
Rendered 8175/18000, time remaining: 18m 49s
Rendered 8176/18000, time remaining: 18m 43s
Rendered 8177/18000, time remaining: 18m 35s
Rendered 8178/18000, time remaining: 18m 35s
Rendered 8179/18000, time remaining: 18m 40s
Rendered 8180/18000, time remaining: 18m 40s
Rendered 8181/18000, time remaining: 18m 34s
Rendered 8182/18000, time remaining: 18m 28s
Rendered 8183/18000, time remaining: 18m 37s
Rendered 8184/18000, time remaining: 18m 36s
Rendered 8185/18000, time remaining: 18m 37s
Rendered 8186/18000, time remaining: 18m 23s
Rendered 8187/18000, time remaining: 18m 32s
Rendered 8188/18000, time remaining: 18m 34s
Rendered 8189/18000, time remaining: 18m 33s
Rendered 8190/18000, time remaining: 18m 14s
Rendered 8191/18000, time remaining: 18m 22s
Rendered 8192/18000, time remaining: 18m 27s
Rendered 8193/18000, time remaining: 18m 27s
Rendered 8194/18000, time remaining: 18m 1s
Rendered 8195/18000, time remaining: 18m 8s
Rendered 8196/18000, time remaining: 18m 13s
Rendered 8197/18000, time remaining: 18m 18s
Rendered 8198/18000, time remaining: 17m 56s
Rendered 8199/18000, time remaining: 17m 56s
Rendered 8200/18000, time remaining: 18m 3s
Rendered 8201/18000, time remaining: 18m 9s
Rendered 8202/18000, time remaining: 17m 47s
Rendered 8203/18000, time remaining: 17m 45s
Rendered 8204/18000, time remaining: 17m 49s
Rendered 8205/18000, time remaining: 18m 4s
Rendered 8206/18000, time remaining: 17m 49s
Rendered 8207/18000, time remaining: 17m 43s
Rendered 8208/18000, time remaining: 17m 39s
Rendered 8209/18000, time remaining: 17m 56s
Rendered 8210/18000, time remaining: 17m 52s
Rendered 8211/18000, time remaining: 17m 44s
Rendered 8212/18000, time remaining: 17m 35s
Rendered 8213/18000, time remaining: 17m 34s
Rendered 8214/18000, time remaining: 17m 48s
Rendered 8215/18000, time remaining: 17m 42s
Rendered 8216/18000, time remaining: 17m 41s
Rendered 8217/18000, time remaining: 17m 28s
Rendered 8218/18000, time remaining: 17m 40s
Rendered 8219/18000, time remaining: 17m 37s
Rendered 8220/18000, time remaining: 17m 41s
Rendered 8221/18000, time remaining: 17m 20s
Rendered 8222/18000, time remaining: 17m 32s
Rendered 8223/18000, time remaining: 17m 27s
Rendered 8224/18000, time remaining: 17m 29s
Rendered 8225/18000, time remaining: 17m 15s
Rendered 8226/18000, time remaining: 17m 25s
Rendered 8227/18000, time remaining: 17m 23s
Rendered 8228/18000, time remaining: 17m 15s
Rendered 8229/18000, time remaining: 17m 13s
Rendered 8230/18000, time remaining: 17m 15s
Rendered 8231/18000, time remaining: 17m 4s
Rendered 8232/18000, time remaining: 17m 4s
Rendered 8233/18000, time remaining: 17m 3s
Rendered 8234/18000, time remaining: 16m 54s
Rendered 8235/18000, time remaining: 16m 56s
Rendered 8236/18000, time remaining: 16m 59s
Rendered 8237/18000, time remaining: 16m 55s
Rendered 8238/18000, time remaining: 16m 53s
Rendered 8239/18000, time remaining: 16m 49s
Rendered 8240/18000, time remaining: 16m 54s
Rendered 8241/18000, time remaining: 16m 53s
Rendered 8242/18000, time remaining: 16m 40s
Rendered 8243/18000, time remaining: 16m 39s
Rendered 8244/18000, time remaining: 16m 42s
Rendered 8245/18000, time remaining: 16m 45s
Rendered 8246/18000, time remaining: 16m 43s
Rendered 8247/18000, time remaining: 16m 34s
Rendered 8248/18000, time remaining: 16m 35s
Rendered 8249/18000, time remaining: 16m 46s
Rendered 8250/18000, time remaining: 16m 45s
Rendered 8251/18000, time remaining: 16m 32s
Rendered 8252/18000, time remaining: 16m 31s
Rendered 8253/18000, time remaining: 16m 44s
Rendered 8254/18000, time remaining: 16m 42s
Rendered 8255/18000, time remaining: 16m 33s
Rendered 8256/18000, time remaining: 16m 34s
Rendered 8257/18000, time remaining: 16m 31s
Rendered 8258/18000, time remaining: 16m 31s
Rendered 8259/18000, time remaining: 16m 31s
Rendered 8260/18000, time remaining: 16m 29s
Rendered 8261/18000, time remaining: 16m 21s
Rendered 8262/18000, time remaining: 16m 20s
Rendered 8263/18000, time remaining: 16m 18s
Rendered 8264/18000, time remaining: 16m 19s
Rendered 8265/18000, time remaining: 16m 15s
Rendered 8266/18000, time remaining: 16m 15s
Rendered 8267/18000, time remaining: 16m 17s
Rendered 8268/18000, time remaining: 16m 20s
Rendered 8269/18000, time remaining: 16m 5s
Rendered 8270/18000, time remaining: 16m 2s
Rendered 8271/18000, time remaining: 16m 14s
Rendered 8272/18000, time remaining: 16m 16s
Rendered 8273/18000, time remaining: 16m 1s
Rendered 8274/18000, time remaining: 15m 49s
Rendered 8275/18000, time remaining: 15m 54s
Rendered 8276/18000, time remaining: 15m 59s
Rendered 8277/18000, time remaining: 15m 55s
Rendered 8278/18000, time remaining: 15m 51s
Rendered 8279/18000, time remaining: 15m 49s
Rendered 8280/18000, time remaining: 15m 53s
Rendered 8281/18000, time remaining: 15m 50s
Rendered 8282/18000, time remaining: 15m 41s
Rendered 8283/18000, time remaining: 15m 36s
Rendered 8284/18000, time remaining: 15m 36s
Rendered 8285/18000, time remaining: 15m 34s
Rendered 8286/18000, time remaining: 15m 32s
Rendered 8287/18000, time remaining: 15m 20s
Rendered 8288/18000, time remaining: 15m 9s
Rendered 8289/18000, time remaining: 15m 10s
Rendered 8290/18000, time remaining: 15m 27s
Rendered 8291/18000, time remaining: 15m 14s
Rendered 8292/18000, time remaining: 15m 16s
Rendered 8293/18000, time remaining: 15m 11s
Rendered 8294/18000, time remaining: 15m 28s
Rendered 8295/18000, time remaining: 15m 19s
Rendered 8296/18000, time remaining: 15m 16s
Rendered 8297/18000, time remaining: 15m 16s
Rendered 8298/18000, time remaining: 15m 23s
Rendered 8299/18000, time remaining: 15m 22s
Rendered 8300/18000, time remaining: 15m 19s
Rendered 8301/18000, time remaining: 15m 16s
Rendered 8302/18000, time remaining: 15m 19s
Rendered 8303/18000, time remaining: 15m 25s
Rendered 8304/18000, time remaining: 15m 24s
Rendered 8305/18000, time remaining: 15m 18s
Rendered 8306/18000, time remaining: 15m 18s
Rendered 8307/18000, time remaining: 15m 20s
Rendered 8308/18000, time remaining: 15m 29s
Rendered 8309/18000, time remaining: 15m 27s
Rendered 8310/18000, time remaining: 15m 24s
Rendered 8311/18000, time remaining: 15m 21s
Rendered 8312/18000, time remaining: 15m 30s
Rendered 8313/18000, time remaining: 15m 34s
Rendered 8314/18000, time remaining: 15m 31s
Rendered 8315/18000, time remaining: 15m 27s
Rendered 8316/18000, time remaining: 15m 28s
Rendered 8317/18000, time remaining: 15m 41s
Rendered 8318/18000, time remaining: 15m 35s
Rendered 8319/18000, time remaining: 15m 35s
Rendered 8320/18000, time remaining: 15m 29s
Rendered 8321/18000, time remaining: 15m 38s
Rendered 8322/18000, time remaining: 15m 41s
Rendered 8323/18000, time remaining: 15m 36s
Rendered 8324/18000, time remaining: 15m 29s
Rendered 8325/18000, time remaining: 15m 40s
Rendered 8326/18000, time remaining: 15m 37s
Rendered 8327/18000, time remaining: 15m 40s
Rendered 8328/18000, time remaining: 15m 35s
Rendered 8329/18000, time remaining: 15m 46s
Rendered 8330/18000, time remaining: 15m 41s
Rendered 8331/18000, time remaining: 15m 42s
Rendered 8332/18000, time remaining: 15m 42s
Rendered 8333/18000, time remaining: 15m 49s
Rendered 8334/18000, time remaining: 15m 46s
Rendered 8335/18000, time remaining: 15m 47s
Rendered 8336/18000, time remaining: 15m 46s
Rendered 8337/18000, time remaining: 15m 52s
Rendered 8338/18000, time remaining: 15m 50s
Rendered 8339/18000, time remaining: 15m 51s
Rendered 8340/18000, time remaining: 15m 48s
Rendered 8341/18000, time remaining: 15m 57s
Rendered 8342/18000, time remaining: 15m 54s
Rendered 8343/18000, time remaining: 15m 54s
Rendered 8344/18000, time remaining: 15m 51s
Rendered 8345/18000, time remaining: 15m 58s
Rendered 8346/18000, time remaining: 15m 57s
Rendered 8347/18000, time remaining: 15m 53s
Rendered 8348/18000, time remaining: 15m 52s
Rendered 8349/18000, time remaining: 15m 53s
Rendered 8350/18000, time remaining: 16m 2s
Rendered 8351/18000, time remaining: 15m 56s
Rendered 8352/18000, time remaining: 15m 57s
Rendered 8353/18000, time remaining: 15m 56s
Rendered 8354/18000, time remaining: 16m 13s
Rendered 8355/18000, time remaining: 15m 58s
Rendered 8356/18000, time remaining: 15m 56s
Rendered 8357/18000, time remaining: 15m 56s
Rendered 8358/18000, time remaining: 16m 19s
Rendered 8359/18000, time remaining: 16m 4s
Rendered 8360/18000, time remaining: 15m 59s
Rendered 8361/18000, time remaining: 15m 59s
Rendered 8362/18000, time remaining: 16m 19s
Rendered 8363/18000, time remaining: 16m 18s
Rendered 8364/18000, time remaining: 16m 3s
Rendered 8365/18000, time remaining: 16m 3s
Rendered 8366/18000, time remaining: 16m 17s
Rendered 8367/18000, time remaining: 16m 19s
Rendered 8368/18000, time remaining: 16m 7s
Rendered 8369/18000, time remaining: 16m 8s
Rendered 8370/18000, time remaining: 16m 18s
Rendered 8371/18000, time remaining: 16m 23s
Rendered 8372/18000, time remaining: 16m 14s
Rendered 8373/18000, time remaining: 16m 15s
Rendered 8374/18000, time remaining: 16m 18s
Rendered 8375/18000, time remaining: 16m 26s
Rendered 8376/18000, time remaining: 16m 19s
Rendered 8377/18000, time remaining: 16m 22s
Rendered 8378/18000, time remaining: 16m 27s
Rendered 8379/18000, time remaining: 16m 29s
Rendered 8380/18000, time remaining: 16m 22s
Rendered 8381/18000, time remaining: 16m 23s
Rendered 8382/18000, time remaining: 16m 26s
Rendered 8383/18000, time remaining: 16m 39s
Rendered 8384/18000, time remaining: 16m 44s
Rendered 8385/18000, time remaining: 16m 38s
Rendered 8386/18000, time remaining: 16m 35s
Rendered 8387/18000, time remaining: 16m 47s
Rendered 8388/18000, time remaining: 16m 47s
Rendered 8389/18000, time remaining: 16m 43s
Rendered 8390/18000, time remaining: 16m 39s
Rendered 8391/18000, time remaining: 16m 44s
Rendered 8392/18000, time remaining: 16m 47s
Rendered 8393/18000, time remaining: 16m 52s
Rendered 8394/18000, time remaining: 16m 47s
Rendered 8395/18000, time remaining: 16m 43s
Rendered 8396/18000, time remaining: 16m 49s
Rendered 8397/18000, time remaining: 16m 53s
Rendered 8398/18000, time remaining: 16m 51s
Rendered 8399/18000, time remaining: 16m 41s
Rendered 8400/18000, time remaining: 16m 47s
Rendered 8401/18000, time remaining: 16m 56s
Rendered 8402/18000, time remaining: 17m 6s
Rendered 8403/18000, time remaining: 16m 48s
Rendered 8404/18000, time remaining: 16m 53s
Rendered 8405/18000, time remaining: 17m 1s
Rendered 8406/18000, time remaining: 17m 3s
Rendered 8407/18000, time remaining: 16m 56s
Rendered 8408/18000, time remaining: 16m 59s
Rendered 8409/18000, time remaining: 17m 4s
Rendered 8410/18000, time remaining: 17m 6s
Rendered 8411/18000, time remaining: 16m 54s
Rendered 8412/18000, time remaining: 16m 58s
Rendered 8413/18000, time remaining: 17m 11s
Rendered 8414/18000, time remaining: 17m 11s
Rendered 8415/18000, time remaining: 16m 59s
Rendered 8416/18000, time remaining: 17m 3s
Rendered 8417/18000, time remaining: 17m 12s
Rendered 8418/18000, time remaining: 17m 10s
Rendered 8419/18000, time remaining: 17m 7s
Rendered 8420/18000, time remaining: 17m 7s
Rendered 8421/18000, time remaining: 17m 20s
Rendered 8422/18000, time remaining: 17m 18s
Rendered 8423/18000, time remaining: 17m 18s
Rendered 8424/18000, time remaining: 17m 17s
Rendered 8425/18000, time remaining: 17m 26s
Rendered 8426/18000, time remaining: 17m 20s
Rendered 8427/18000, time remaining: 17m 16s
Rendered 8428/18000, time remaining: 17m 13s
Rendered 8429/18000, time remaining: 17m 25s
Rendered 8430/18000, time remaining: 17m 23s
Rendered 8431/18000, time remaining: 17m 19s
Rendered 8432/18000, time remaining: 17m 16s
Rendered 8433/18000, time remaining: 17m 20s
Rendered 8434/18000, time remaining: 17m 25s
Rendered 8435/18000, time remaining: 17m 18s
Rendered 8436/18000, time remaining: 17m 14s
Rendered 8437/18000, time remaining: 17m 15s
Rendered 8438/18000, time remaining: 17m 27s
Rendered 8439/18000, time remaining: 17m 23s
Rendered 8440/18000, time remaining: 17m 7s
Rendered 8441/18000, time remaining: 17m 8s
Rendered 8442/18000, time remaining: 17m 23s
Rendered 8443/18000, time remaining: 17m 25s
Rendered 8444/18000, time remaining: 17m 8s
Rendered 8445/18000, time remaining: 17m 6s
Rendered 8446/18000, time remaining: 17m 22s
Rendered 8447/18000, time remaining: 17m 20s
Rendered 8448/18000, time remaining: 17m 18s
Rendered 8449/18000, time remaining: 17m 12s
Rendered 8450/18000, time remaining: 17m 12s
Rendered 8451/18000, time remaining: 17m 14s
Rendered 8452/18000, time remaining: 17m 25s
Rendered 8453/18000, time remaining: 17m 18s
Rendered 8454/18000, time remaining: 17m 12s
Rendered 8455/18000, time remaining: 17m 16s
Rendered 8456/18000, time remaining: 17m 26s
Rendered 8457/18000, time remaining: 17m 22s
Rendered 8458/18000, time remaining: 17m 9s
Rendered 8459/18000, time remaining: 17m 6s
Rendered 8460/18000, time remaining: 17m 11s
Rendered 8461/18000, time remaining: 17m 24s
Rendered 8462/18000, time remaining: 17m 10s
Rendered 8463/18000, time remaining: 17m 4s
Rendered 8464/18000, time remaining: 17m 8s
Rendered 8465/18000, time remaining: 17m 12s
Rendered 8466/18000, time remaining: 17m 12s
Rendered 8467/18000, time remaining: 17m 2s
Rendered 8468/18000, time remaining: 17m 2s
Rendered 8469/18000, time remaining: 17m 0s
Rendered 8470/18000, time remaining: 17m 7s
Rendered 8471/18000, time remaining: 17m 0s
Rendered 8472/18000, time remaining: 16m 59s
Rendered 8473/18000, time remaining: 16m 55s
Rendered 8474/18000, time remaining: 16m 59s
Rendered 8475/18000, time remaining: 16m 55s
Rendered 8476/18000, time remaining: 16m 55s
Rendered 8477/18000, time remaining: 16m 53s
Rendered 8478/18000, time remaining: 16m 53s
Rendered 8479/18000, time remaining: 16m 50s
Rendered 8480/18000, time remaining: 16m 51s
Rendered 8481/18000, time remaining: 16m 52s
Rendered 8482/18000, time remaining: 16m 50s
Rendered 8483/18000, time remaining: 16m 37s
Rendered 8484/18000, time remaining: 16m 47s
Rendered 8485/18000, time remaining: 16m 47s
Rendered 8486/18000, time remaining: 16m 45s
Rendered 8487/18000, time remaining: 16m 31s
Rendered 8488/18000, time remaining: 16m 39s
Rendered 8489/18000, time remaining: 16m 41s
Rendered 8490/18000, time remaining: 16m 45s
Rendered 8491/18000, time remaining: 16m 27s
Rendered 8492/18000, time remaining: 16m 26s
Rendered 8493/18000, time remaining: 16m 33s
Rendered 8494/18000, time remaining: 16m 37s
Rendered 8495/18000, time remaining: 16m 22s
Rendered 8496/18000, time remaining: 16m 22s
Rendered 8497/18000, time remaining: 16m 24s
Rendered 8498/18000, time remaining: 16m 31s
Rendered 8499/18000, time remaining: 16m 27s
Rendered 8500/18000, time remaining: 16m 14s
Rendered 8501/18000, time remaining: 16m 18s
Rendered 8502/18000, time remaining: 16m 25s
Rendered 8503/18000, time remaining: 16m 27s
Rendered 8504/18000, time remaining: 16m 6s
Rendered 8505/18000, time remaining: 16m 9s
Rendered 8506/18000, time remaining: 16m 17s
Rendered 8507/18000, time remaining: 16m 20s
Rendered 8508/18000, time remaining: 16m 1s
Rendered 8509/18000, time remaining: 16m 0s
Rendered 8510/18000, time remaining: 16m 11s
Rendered 8511/18000, time remaining: 16m 13s
Rendered 8512/18000, time remaining: 15m 56s
Rendered 8513/18000, time remaining: 15m 52s
Rendered 8514/18000, time remaining: 15m 57s
Rendered 8515/18000, time remaining: 16m 3s
Rendered 8516/18000, time remaining: 15m 51s
Rendered 8517/18000, time remaining: 15m 47s
Rendered 8518/18000, time remaining: 15m 51s
Rendered 8519/18000, time remaining: 15m 57s
Rendered 8520/18000, time remaining: 15m 47s
Rendered 8521/18000, time remaining: 15m 46s
Rendered 8522/18000, time remaining: 15m 42s
Rendered 8523/18000, time remaining: 15m 46s
Rendered 8524/18000, time remaining: 15m 47s
Rendered 8525/18000, time remaining: 15m 40s
Rendered 8526/18000, time remaining: 15m 37s
Rendered 8527/18000, time remaining: 15m 35s
Rendered 8528/18000, time remaining: 15m 39s
Rendered 8529/18000, time remaining: 15m 34s
Rendered 8530/18000, time remaining: 15m 34s
Rendered 8531/18000, time remaining: 15m 34s
Rendered 8532/18000, time remaining: 15m 37s
Rendered 8533/18000, time remaining: 15m 25s
Rendered 8534/18000, time remaining: 15m 13s
Rendered 8535/18000, time remaining: 15m 21s
Rendered 8536/18000, time remaining: 15m 24s
Rendered 8537/18000, time remaining: 15m 13s
Rendered 8538/18000, time remaining: 15m 8s
Rendered 8539/18000, time remaining: 15m 9s
Rendered 8540/18000, time remaining: 15m 16s
Rendered 8541/18000, time remaining: 15m 10s
Rendered 8542/18000, time remaining: 15m 9s
Rendered 8543/18000, time remaining: 15m 6s
Rendered 8544/18000, time remaining: 15m 7s
Rendered 8545/18000, time remaining: 15m 10s
Rendered 8546/18000, time remaining: 15m 3s
Rendered 8547/18000, time remaining: 15m 3s
Rendered 8548/18000, time remaining: 15m 5s
Rendered 8549/18000, time remaining: 15m 5s
Rendered 8550/18000, time remaining: 15m 0s
Rendered 8551/18000, time remaining: 14m 52s
Rendered 8552/18000, time remaining: 14m 49s
Rendered 8553/18000, time remaining: 14m 51s
Rendered 8554/18000, time remaining: 14m 47s
Rendered 8555/18000, time remaining: 14m 39s
Rendered 8556/18000, time remaining: 14m 36s
Rendered 8557/18000, time remaining: 14m 42s
Rendered 8558/18000, time remaining: 14m 39s
Rendered 8559/18000, time remaining: 14m 29s
Rendered 8560/18000, time remaining: 14m 29s
Rendered 8561/18000, time remaining: 14m 45s
Rendered 8562/18000, time remaining: 14m 40s
Rendered 8563/18000, time remaining: 14m 25s
Rendered 8564/18000, time remaining: 14m 23s
Rendered 8565/18000, time remaining: 14m 39s
Rendered 8566/18000, time remaining: 14m 37s
Rendered 8567/18000, time remaining: 14m 21s
Rendered 8568/18000, time remaining: 14m 21s
Rendered 8569/18000, time remaining: 14m 30s
Rendered 8570/18000, time remaining: 14m 37s
Rendered 8571/18000, time remaining: 14m 12s
Rendered 8572/18000, time remaining: 14m 12s
Rendered 8573/18000, time remaining: 14m 11s
Rendered 8574/18000, time remaining: 14m 26s
Rendered 8575/18000, time remaining: 14m 16s
Rendered 8576/18000, time remaining: 14m 12s
Rendered 8577/18000, time remaining: 14m 14s
Rendered 8578/18000, time remaining: 14m 28s
Rendered 8579/18000, time remaining: 14m 18s
Rendered 8580/18000, time remaining: 14m 13s
Rendered 8581/18000, time remaining: 14m 13s
Rendered 8582/18000, time remaining: 14m 22s
Rendered 8583/18000, time remaining: 14m 26s
Rendered 8584/18000, time remaining: 14m 16s
Rendered 8585/18000, time remaining: 14m 17s
Rendered 8586/18000, time remaining: 14m 14s
Rendered 8587/18000, time remaining: 14m 27s
Rendered 8588/18000, time remaining: 14m 19s
Rendered 8589/18000, time remaining: 14m 18s
Rendered 8590/18000, time remaining: 14m 18s
Rendered 8591/18000, time remaining: 14m 28s
Rendered 8592/18000, time remaining: 14m 15s
Rendered 8593/18000, time remaining: 14m 14s
Rendered 8594/18000, time remaining: 14m 14s
Rendered 8595/18000, time remaining: 14m 18s
Rendered 8596/18000, time remaining: 14m 15s
Rendered 8597/18000, time remaining: 14m 13s
Rendered 8598/18000, time remaining: 14m 12s
Rendered 8599/18000, time remaining: 14m 13s
Rendered 8600/18000, time remaining: 14m 21s
Rendered 8601/18000, time remaining: 14m 19s
Rendered 8602/18000, time remaining: 14m 6s
Rendered 8603/18000, time remaining: 14m 3s
Rendered 8604/18000, time remaining: 14m 13s
Rendered 8605/18000, time remaining: 14m 15s
Rendered 8606/18000, time remaining: 14m 6s
Rendered 8607/18000, time remaining: 14m 3s
Rendered 8608/18000, time remaining: 14m 12s
Rendered 8609/18000, time remaining: 14m 19s
Rendered 8610/18000, time remaining: 14m 15s
Rendered 8611/18000, time remaining: 14m 4s
Rendered 8612/18000, time remaining: 14m 2s
Rendered 8613/18000, time remaining: 14m 14s
Rendered 8614/18000, time remaining: 14m 11s
Rendered 8615/18000, time remaining: 14m 8s
Rendered 8616/18000, time remaining: 14m 5s
Rendered 8617/18000, time remaining: 14m 14s
Rendered 8618/18000, time remaining: 14m 16s
Rendered 8619/18000, time remaining: 14m 15s
Rendered 8620/18000, time remaining: 14m 9s
Rendered 8621/18000, time remaining: 14m 8s
Rendered 8622/18000, time remaining: 14m 13s
Rendered 8623/18000, time remaining: 14m 15s
Rendered 8624/18000, time remaining: 14m 15s
Rendered 8625/18000, time remaining: 14m 3s
Rendered 8626/18000, time remaining: 14m 8s
Rendered 8627/18000, time remaining: 14m 11s
Rendered 8628/18000, time remaining: 14m 14s
Rendered 8629/18000, time remaining: 14m 4s
Rendered 8630/18000, time remaining: 14m 5s
Rendered 8631/18000, time remaining: 14m 17s
Rendered 8632/18000, time remaining: 14m 15s
Rendered 8633/18000, time remaining: 14m 12s
Rendered 8634/18000, time remaining: 14m 4s
Rendered 8635/18000, time remaining: 14m 15s
Rendered 8636/18000, time remaining: 14m 17s
Rendered 8637/18000, time remaining: 14m 17s
Rendered 8638/18000, time remaining: 14m 4s
Rendered 8639/18000, time remaining: 14m 13s
Rendered 8640/18000, time remaining: 14m 14s
Rendered 8641/18000, time remaining: 14m 15s
Rendered 8642/18000, time remaining: 14m 13s
Rendered 8643/18000, time remaining: 14m 10s
Rendered 8644/18000, time remaining: 14m 18s
Rendered 8645/18000, time remaining: 14m 22s
Rendered 8646/18000, time remaining: 14m 16s
Rendered 8647/18000, time remaining: 14m 20s
Rendered 8648/18000, time remaining: 14m 19s
Rendered 8649/18000, time remaining: 14m 23s
Rendered 8650/18000, time remaining: 14m 22s
Rendered 8651/18000, time remaining: 14m 17s
Rendered 8652/18000, time remaining: 14m 21s
Rendered 8653/18000, time remaining: 14m 19s
Rendered 8654/18000, time remaining: 14m 21s
Rendered 8655/18000, time remaining: 14m 18s
Rendered 8656/18000, time remaining: 14m 23s
Rendered 8657/18000, time remaining: 14m 23s
Rendered 8658/18000, time remaining: 14m 18s
Rendered 8659/18000, time remaining: 14m 22s
Rendered 8660/18000, time remaining: 14m 16s
Rendered 8661/18000, time remaining: 14m 18s
Rendered 8662/18000, time remaining: 14m 16s
Rendered 8663/18000, time remaining: 14m 20s
Rendered 8664/18000, time remaining: 14m 23s
Rendered 8665/18000, time remaining: 14m 21s
Rendered 8666/18000, time remaining: 14m 22s
Rendered 8667/18000, time remaining: 14m 22s
Rendered 8668/18000, time remaining: 14m 22s
Rendered 8669/18000, time remaining: 14m 21s
Rendered 8670/18000, time remaining: 14m 24s
Rendered 8671/18000, time remaining: 14m 21s
Rendered 8672/18000, time remaining: 14m 28s
Rendered 8673/18000, time remaining: 14m 35s
Rendered 8674/18000, time remaining: 14m 32s
Rendered 8675/18000, time remaining: 14m 34s
Rendered 8676/18000, time remaining: 14m 35s
Rendered 8677/18000, time remaining: 14m 38s
Rendered 8678/18000, time remaining: 14m 29s
Rendered 8679/18000, time remaining: 14m 35s
Rendered 8680/18000, time remaining: 14m 36s
Rendered 8681/18000, time remaining: 14m 38s
Rendered 8682/18000, time remaining: 14m 33s
Rendered 8683/18000, time remaining: 14m 37s
Rendered 8684/18000, time remaining: 14m 38s
Rendered 8685/18000, time remaining: 14m 39s
Rendered 8686/18000, time remaining: 14m 36s
Rendered 8687/18000, time remaining: 14m 40s
Rendered 8688/18000, time remaining: 14m 41s
Rendered 8689/18000, time remaining: 14m 45s
Rendered 8690/18000, time remaining: 14m 36s
Rendered 8691/18000, time remaining: 14m 41s
Rendered 8692/18000, time remaining: 14m 41s
Rendered 8693/18000, time remaining: 14m 43s
Rendered 8694/18000, time remaining: 14m 39s
Rendered 8695/18000, time remaining: 14m 41s
Rendered 8696/18000, time remaining: 14m 40s
Rendered 8697/18000, time remaining: 14m 42s
Rendered 8698/18000, time remaining: 14m 44s
Rendered 8699/18000, time remaining: 14m 44s
Rendered 8700/18000, time remaining: 14m 44s
Rendered 8701/18000, time remaining: 14m 47s
Rendered 8702/18000, time remaining: 14m 46s
Rendered 8703/18000, time remaining: 14m 45s
Rendered 8704/18000, time remaining: 14m 48s
Rendered 8705/18000, time remaining: 14m 48s
Rendered 8706/18000, time remaining: 14m 54s
Rendered 8707/18000, time remaining: 14m 39s
Rendered 8708/18000, time remaining: 14m 47s
Rendered 8709/18000, time remaining: 14m 47s
Rendered 8710/18000, time remaining: 14m 53s
Rendered 8711/18000, time remaining: 14m 37s
Rendered 8712/18000, time remaining: 14m 47s
Rendered 8713/18000, time remaining: 14m 52s
Rendered 8714/18000, time remaining: 14m 58s
Rendered 8715/18000, time remaining: 14m 42s
Rendered 8716/18000, time remaining: 14m 43s
Rendered 8717/18000, time remaining: 14m 44s
Rendered 8718/18000, time remaining: 14m 55s
Rendered 8719/18000, time remaining: 14m 49s
Rendered 8720/18000, time remaining: 14m 45s
Rendered 8721/18000, time remaining: 14m 48s
Rendered 8722/18000, time remaining: 14m 49s
Rendered 8723/18000, time remaining: 14m 51s
Rendered 8724/18000, time remaining: 14m 39s
Rendered 8725/18000, time remaining: 14m 39s
Rendered 8726/18000, time remaining: 14m 44s
Rendered 8727/18000, time remaining: 14m 42s
Rendered 8728/18000, time remaining: 14m 34s
Rendered 8729/18000, time remaining: 14m 32s
Rendered 8730/18000, time remaining: 14m 38s
Rendered 8731/18000, time remaining: 14m 37s
Rendered 8732/18000, time remaining: 14m 32s
Rendered 8733/18000, time remaining: 14m 23s
Rendered 8734/18000, time remaining: 14m 29s
Rendered 8735/18000, time remaining: 14m 28s
Rendered 8736/18000, time remaining: 14m 34s
Rendered 8737/18000, time remaining: 14m 19s
Rendered 8738/18000, time remaining: 14m 21s
Rendered 8739/18000, time remaining: 14m 24s
Rendered 8740/18000, time remaining: 14m 29s
Rendered 8741/18000, time remaining: 14m 15s
Rendered 8742/18000, time remaining: 14m 17s
Rendered 8743/18000, time remaining: 14m 21s
Rendered 8744/18000, time remaining: 14m 25s
Rendered 8745/18000, time remaining: 14m 21s
Rendered 8746/18000, time remaining: 14m 11s
Rendered 8747/18000, time remaining: 14m 15s
Rendered 8748/18000, time remaining: 14m 17s
Rendered 8749/18000, time remaining: 14m 19s
Rendered 8750/18000, time remaining: 14m 10s
Rendered 8751/18000, time remaining: 14m 11s
Rendered 8752/18000, time remaining: 14m 15s
Rendered 8753/18000, time remaining: 14m 17s
Rendered 8754/18000, time remaining: 14m 10s
Rendered 8755/18000, time remaining: 14m 9s
Rendered 8756/18000, time remaining: 14m 10s
Rendered 8757/18000, time remaining: 14m 16s
Rendered 8758/18000, time remaining: 14m 7s
Rendered 8759/18000, time remaining: 14m 4s
Rendered 8760/18000, time remaining: 14m 9s
Rendered 8761/18000, time remaining: 14m 13s
Rendered 8762/18000, time remaining: 14m 13s
Rendered 8763/18000, time remaining: 14m 4s
Rendered 8764/18000, time remaining: 14m 8s
Rendered 8765/18000, time remaining: 14m 8s
Rendered 8766/18000, time remaining: 14m 10s
Rendered 8767/18000, time remaining: 14m 1s
Rendered 8768/18000, time remaining: 14m 3s
Rendered 8769/18000, time remaining: 14m 4s
Rendered 8770/18000, time remaining: 14m 6s
Rendered 8771/18000, time remaining: 14m 4s
Rendered 8772/18000, time remaining: 14m 2s
Rendered 8773/18000, time remaining: 14m 5s
Rendered 8774/18000, time remaining: 14m 2s
Rendered 8775/18000, time remaining: 14m 8s
Rendered 8776/18000, time remaining: 14m 3s
Rendered 8777/18000, time remaining: 14m 4s
Rendered 8778/18000, time remaining: 14m 1s
Rendered 8779/18000, time remaining: 14m 5s
Rendered 8780/18000, time remaining: 14m 2s
Rendered 8781/18000, time remaining: 13m 53s
Rendered 8782/18000, time remaining: 13m 58s
Rendered 8783/18000, time remaining: 14m 2s
Rendered 8784/18000, time remaining: 14m 2s
Rendered 8785/18000, time remaining: 13m 48s
Rendered 8786/18000, time remaining: 13m 52s
Rendered 8787/18000, time remaining: 13m 55s
Rendered 8788/18000, time remaining: 14m 0s
Rendered 8789/18000, time remaining: 13m 49s
Rendered 8790/18000, time remaining: 13m 51s
Rendered 8791/18000, time remaining: 13m 51s
Rendered 8792/18000, time remaining: 13m 57s
Rendered 8793/18000, time remaining: 13m 52s
Rendered 8794/18000, time remaining: 13m 47s
Rendered 8795/18000, time remaining: 13m 42s
Rendered 8796/18000, time remaining: 13m 50s
Rendered 8797/18000, time remaining: 13m 44s
Rendered 8798/18000, time remaining: 13m 46s
Rendered 8799/18000, time remaining: 13m 40s
Rendered 8800/18000, time remaining: 13m 45s
Rendered 8801/18000, time remaining: 13m 45s
Rendered 8802/18000, time remaining: 13m 40s
Rendered 8803/18000, time remaining: 13m 40s
Rendered 8804/18000, time remaining: 13m 43s
Rendered 8805/18000, time remaining: 13m 44s
Rendered 8806/18000, time remaining: 13m 37s
Rendered 8807/18000, time remaining: 13m 34s
Rendered 8808/18000, time remaining: 13m 40s
Rendered 8809/18000, time remaining: 13m 37s
Rendered 8810/18000, time remaining: 13m 37s
Rendered 8811/18000, time remaining: 13m 34s
Rendered 8812/18000, time remaining: 13m 39s
Rendered 8813/18000, time remaining: 13m 35s
Rendered 8814/18000, time remaining: 13m 34s
Rendered 8815/18000, time remaining: 13m 29s
Rendered 8816/18000, time remaining: 13m 30s
Rendered 8817/18000, time remaining: 13m 34s
Rendered 8818/18000, time remaining: 13m 30s
Rendered 8819/18000, time remaining: 13m 28s
Rendered 8820/18000, time remaining: 13m 24s
Rendered 8821/18000, time remaining: 13m 29s
Rendered 8822/18000, time remaining: 13m 26s
Rendered 8823/18000, time remaining: 13m 18s
Rendered 8824/18000, time remaining: 13m 14s
Rendered 8825/18000, time remaining: 13m 14s
Rendered 8826/18000, time remaining: 13m 18s
Rendered 8827/18000, time remaining: 13m 17s
Rendered 8828/18000, time remaining: 13m 16s
Rendered 8829/18000, time remaining: 13m 13s
Rendered 8830/18000, time remaining: 13m 13s
Rendered 8831/18000, time remaining: 13m 16s
Rendered 8832/18000, time remaining: 13m 19s
Rendered 8833/18000, time remaining: 13m 12s
Rendered 8834/18000, time remaining: 13m 15s
Rendered 8835/18000, time remaining: 13m 7s
Rendered 8836/18000, time remaining: 13m 14s
Rendered 8837/18000, time remaining: 13m 7s
Rendered 8838/18000, time remaining: 13m 14s
Rendered 8839/18000, time remaining: 13m 6s
Rendered 8840/18000, time remaining: 13m 13s
Rendered 8841/18000, time remaining: 13m 5s
Rendered 8842/18000, time remaining: 13m 11s
Rendered 8843/18000, time remaining: 13m 4s
Rendered 8844/18000, time remaining: 13m 10s
Rendered 8845/18000, time remaining: 13m 3s
Rendered 8846/18000, time remaining: 13m 9s
Rendered 8847/18000, time remaining: 13m 4s
Rendered 8848/18000, time remaining: 13m 4s
Rendered 8849/18000, time remaining: 12m 59s
Rendered 8850/18000, time remaining: 13m 5s
Rendered 8851/18000, time remaining: 13m 0s
Rendered 8852/18000, time remaining: 13m 1s
Rendered 8853/18000, time remaining: 12m 56s
Rendered 8854/18000, time remaining: 12m 58s
Rendered 8855/18000, time remaining: 12m 58s
Rendered 8856/18000, time remaining: 13m 1s
Rendered 8857/18000, time remaining: 13m 2s
Rendered 8858/18000, time remaining: 12m 59s
Rendered 8859/18000, time remaining: 12m 58s
Rendered 8860/18000, time remaining: 12m 57s
Rendered 8861/18000, time remaining: 13m 0s
Rendered 8862/18000, time remaining: 12m 56s
Rendered 8863/18000, time remaining: 12m 53s
Rendered 8864/18000, time remaining: 12m 49s
Rendered 8865/18000, time remaining: 12m 53s
Rendered 8866/18000, time remaining: 12m 54s
Rendered 8867/18000, time remaining: 12m 54s
Rendered 8868/18000, time remaining: 12m 48s
Rendered 8869/18000, time remaining: 12m 50s
Rendered 8870/18000, time remaining: 12m 48s
Rendered 8871/18000, time remaining: 12m 49s
Rendered 8872/18000, time remaining: 12m 49s
Rendered 8873/18000, time remaining: 12m 50s
Rendered 8874/18000, time remaining: 12m 47s
Rendered 8875/18000, time remaining: 12m 51s
Rendered 8876/18000, time remaining: 12m 46s
Rendered 8877/18000, time remaining: 12m 53s
Rendered 8878/18000, time remaining: 12m 46s
Rendered 8879/18000, time remaining: 12m 52s
Rendered 8880/18000, time remaining: 12m 46s
Rendered 8881/18000, time remaining: 12m 52s
Rendered 8882/18000, time remaining: 12m 46s
Rendered 8883/18000, time remaining: 12m 52s
Rendered 8884/18000, time remaining: 12m 50s
Rendered 8885/18000, time remaining: 12m 53s
Rendered 8886/18000, time remaining: 12m 48s
Rendered 8887/18000, time remaining: 12m 49s
Rendered 8888/18000, time remaining: 12m 49s
Rendered 8889/18000, time remaining: 12m 52s
Rendered 8890/18000, time remaining: 12m 52s
Rendered 8891/18000, time remaining: 12m 53s
Rendered 8892/18000, time remaining: 12m 49s
Rendered 8893/18000, time remaining: 12m 50s
Rendered 8894/18000, time remaining: 12m 49s
Rendered 8895/18000, time remaining: 12m 56s
Rendered 8896/18000, time remaining: 12m 52s
Rendered 8897/18000, time remaining: 12m 55s
Rendered 8898/18000, time remaining: 12m 49s
Rendered 8899/18000, time remaining: 12m 56s
Rendered 8900/18000, time remaining: 12m 57s
Rendered 8901/18000, time remaining: 12m 58s
Rendered 8902/18000, time remaining: 12m 55s
Rendered 8903/18000, time remaining: 13m 0s
Rendered 8904/18000, time remaining: 12m 58s
Rendered 8905/18000, time remaining: 12m 59s
Rendered 8906/18000, time remaining: 13m 1s
Rendered 8907/18000, time remaining: 12m 59s
Rendered 8908/18000, time remaining: 12m 59s
Rendered 8909/18000, time remaining: 13m 1s
Rendered 8910/18000, time remaining: 12m 57s
Rendered 8911/18000, time remaining: 12m 57s
Rendered 8912/18000, time remaining: 12m 57s
Rendered 8913/18000, time remaining: 13m 0s
Rendered 8914/18000, time remaining: 12m 59s
Rendered 8915/18000, time remaining: 13m 1s
Rendered 8916/18000, time remaining: 12m 59s
Rendered 8917/18000, time remaining: 13m 3s
Rendered 8918/18000, time remaining: 12m 59s
Rendered 8919/18000, time remaining: 13m 3s
Rendered 8920/18000, time remaining: 13m 0s
Rendered 8921/18000, time remaining: 13m 4s
Rendered 8922/18000, time remaining: 13m 1s
Rendered 8923/18000, time remaining: 13m 3s
Rendered 8924/18000, time remaining: 13m 2s
Rendered 8925/18000, time remaining: 13m 8s
Rendered 8926/18000, time remaining: 13m 6s
Rendered 8927/18000, time remaining: 13m 4s
Rendered 8928/18000, time remaining: 13m 7s
Rendered 8929/18000, time remaining: 13m 7s
Rendered 8930/18000, time remaining: 13m 13s
Rendered 8931/18000, time remaining: 13m 10s
Rendered 8932/18000, time remaining: 13m 8s
Rendered 8933/18000, time remaining: 13m 7s
Rendered 8934/18000, time remaining: 13m 9s
Rendered 8935/18000, time remaining: 13m 12s
Rendered 8936/18000, time remaining: 13m 10s
Rendered 8937/18000, time remaining: 13m 11s
Rendered 8938/18000, time remaining: 13m 9s
Rendered 8939/18000, time remaining: 13m 14s
Rendered 8940/18000, time remaining: 13m 9s
Rendered 8941/18000, time remaining: 13m 16s
Rendered 8942/18000, time remaining: 14m 19s
Rendered 8943/18000, time remaining: 14m 22s
Rendered 8944/18000, time remaining: 14m 22s
Rendered 8945/18000, time remaining: 14m 26s
Rendered 8946/18000, time remaining: 14m 39s
Rendered 8947/18000, time remaining: 15m 7s
Rendered 8948/18000, time remaining: 15m 3s
Rendered 8949/18000, time remaining: 15m 8s
Rendered 8950/18000, time remaining: 15m 1s
Rendered 8951/18000, time remaining: 15m 17s
Rendered 8952/18000, time remaining: 15m 10s
Rendered 8953/18000, time remaining: 15m 12s
Rendered 8954/18000, time remaining: 15m 8s
Rendered 8955/18000, time remaining: 15m 20s
Rendered 8956/18000, time remaining: 15m 17s
Rendered 8957/18000, time remaining: 15m 19s
Rendered 8958/18000, time remaining: 15m 18s
Rendered 8959/18000, time remaining: 15m 25s
Rendered 8960/18000, time remaining: 15m 27s
Rendered 8961/18000, time remaining: 15m 26s
Rendered 8962/18000, time remaining: 15m 28s
Rendered 8963/18000, time remaining: 15m 56s
Rendered 8964/18000, time remaining: 15m 51s
Rendered 8965/18000, time remaining: 15m 52s
Rendered 8966/18000, time remaining: 15m 45s
Rendered 8967/18000, time remaining: 15m 59s
Rendered 8968/18000, time remaining: 16m 0s
Rendered 8969/18000, time remaining: 15m 57s
Rendered 8970/18000, time remaining: 15m 54s
Rendered 8971/18000, time remaining: 16m 5s
Rendered 8972/18000, time remaining: 16m 6s
Rendered 8973/18000, time remaining: 16m 6s
Rendered 8974/18000, time remaining: 16m 6s
Rendered 8975/18000, time remaining: 16m 6s
Rendered 8976/18000, time remaining: 16m 11s
Rendered 8977/18000, time remaining: 16m 11s
Rendered 8978/18000, time remaining: 16m 12s
Rendered 8979/18000, time remaining: 16m 18s
Rendered 8980/18000, time remaining: 16m 19s
Rendered 8981/18000, time remaining: 16m 17s
Rendered 8982/18000, time remaining: 16m 12s
Rendered 8983/18000, time remaining: 16m 34s
Rendered 8984/18000, time remaining: 16m 30s
Rendered 8985/18000, time remaining: 16m 34s
Rendered 8986/18000, time remaining: 16m 27s
Rendered 8987/18000, time remaining: 16m 41s
Rendered 8988/18000, time remaining: 16m 35s
Rendered 8989/18000, time remaining: 16m 38s
Rendered 8990/18000, time remaining: 16m 32s
Rendered 8991/18000, time remaining: 16m 52s
Rendered 8992/18000, time remaining: 16m 48s
Rendered 8993/18000, time remaining: 16m 48s
Rendered 8994/18000, time remaining: 16m 42s
Rendered 8995/18000, time remaining: 17m 8s
Rendered 8996/18000, time remaining: 17m 9s
Rendered 8997/18000, time remaining: 17m 11s
Rendered 8998/18000, time remaining: 17m 5s
Rendered 8999/18000, time remaining: 17m 18s
Rendered 9000/18000, time remaining: 17m 20s
Rendered 9001/18000, time remaining: 17m 20s
Rendered 9002/18000, time remaining: 17m 15s
Rendered 9003/18000, time remaining: 17m 22s
Rendered 9004/18000, time remaining: 17m 35s
Rendered 9005/18000, time remaining: 17m 35s
Rendered 9006/18000, time remaining: 17m 23s
Rendered 9007/18000, time remaining: 17m 27s
Rendered 9008/18000, time remaining: 17m 38s
Rendered 9009/18000, time remaining: 17m 39s
Rendered 9010/18000, time remaining: 17m 34s
Rendered 9011/18000, time remaining: 17m 37s
Rendered 9012/18000, time remaining: 17m 47s
Rendered 9013/18000, time remaining: 17m 45s
Rendered 9014/18000, time remaining: 17m 42s
Rendered 9015/18000, time remaining: 17m 39s
Rendered 9016/18000, time remaining: 17m 54s
Rendered 9017/18000, time remaining: 17m 52s
Rendered 9018/18000, time remaining: 17m 52s
Rendered 9019/18000, time remaining: 17m 46s
Rendered 9020/18000, time remaining: 18m 3s
Rendered 9021/18000, time remaining: 17m 58s
Rendered 9022/18000, time remaining: 17m 59s
Rendered 9023/18000, time remaining: 17m 54s
Rendered 9024/18000, time remaining: 18m 9s
Rendered 9025/18000, time remaining: 18m 6s
Rendered 9026/18000, time remaining: 18m 6s
Rendered 9027/18000, time remaining: 18m 4s
Rendered 9028/18000, time remaining: 18m 18s
Rendered 9029/18000, time remaining: 18m 14s
Rendered 9030/18000, time remaining: 18m 16s
Rendered 9031/18000, time remaining: 18m 10s
Rendered 9032/18000, time remaining: 18m 26s
Rendered 9033/18000, time remaining: 18m 21s
Rendered 9034/18000, time remaining: 18m 17s
Rendered 9035/18000, time remaining: 18m 14s
Rendered 9036/18000, time remaining: 18m 28s
Rendered 9037/18000, time remaining: 18m 28s
Rendered 9038/18000, time remaining: 18m 27s
Rendered 9039/18000, time remaining: 18m 22s
Rendered 9040/18000, time remaining: 18m 29s
Rendered 9041/18000, time remaining: 18m 30s
Rendered 9042/18000, time remaining: 18m 32s
Rendered 9043/18000, time remaining: 18m 28s
Rendered 9044/18000, time remaining: 18m 29s
Rendered 9045/18000, time remaining: 18m 32s
Rendered 9046/18000, time remaining: 18m 36s
Rendered 9047/18000, time remaining: 18m 30s
Rendered 9048/18000, time remaining: 18m 36s
Rendered 9049/18000, time remaining: 18m 33s
Rendered 9050/18000, time remaining: 18m 34s
Rendered 9051/18000, time remaining: 18m 31s
Rendered 9052/18000, time remaining: 18m 34s
Rendered 9053/18000, time remaining: 18m 36s
Rendered 9054/18000, time remaining: 18m 39s
Rendered 9055/18000, time remaining: 18m 33s
Rendered 9056/18000, time remaining: 18m 33s
Rendered 9057/18000, time remaining: 18m 37s
Rendered 9058/18000, time remaining: 18m 41s
Rendered 9059/18000, time remaining: 18m 37s
Rendered 9060/18000, time remaining: 18m 40s
Rendered 9061/18000, time remaining: 18m 41s
Rendered 9062/18000, time remaining: 18m 44s
Rendered 9063/18000, time remaining: 18m 39s
Rendered 9064/18000, time remaining: 18m 42s
Rendered 9065/18000, time remaining: 18m 43s
Rendered 9066/18000, time remaining: 18m 45s
Rendered 9067/18000, time remaining: 18m 41s
Rendered 9068/18000, time remaining: 18m 45s
Rendered 9069/18000, time remaining: 18m 44s
Rendered 9070/18000, time remaining: 18m 48s
Rendered 9071/18000, time remaining: 18m 43s
Rendered 9072/18000, time remaining: 18m 45s
Rendered 9073/18000, time remaining: 18m 45s
Rendered 9074/18000, time remaining: 18m 47s
Rendered 9075/18000, time remaining: 18m 39s
Rendered 9076/18000, time remaining: 18m 45s
Rendered 9077/18000, time remaining: 18m 51s
Rendered 9078/18000, time remaining: 18m 51s
Rendered 9079/18000, time remaining: 18m 46s
Rendered 9080/18000, time remaining: 18m 42s
Rendered 9081/18000, time remaining: 18m 50s
Rendered 9082/18000, time remaining: 18m 52s
Rendered 9083/18000, time remaining: 18m 51s
Rendered 9084/18000, time remaining: 18m 47s
Rendered 9085/18000, time remaining: 18m 47s
Rendered 9086/18000, time remaining: 18m 56s
Rendered 9087/18000, time remaining: 18m 54s
Rendered 9088/18000, time remaining: 18m 51s
Rendered 9089/18000, time remaining: 18m 48s
Rendered 9090/18000, time remaining: 18m 56s
Rendered 9091/18000, time remaining: 18m 53s
Rendered 9092/18000, time remaining: 17m 48s
Rendered 9093/18000, time remaining: 17m 44s
Rendered 9094/18000, time remaining: 17m 43s
Rendered 9095/18000, time remaining: 17m 49s
Rendered 9096/18000, time remaining: 17m 35s
Rendered 9097/18000, time remaining: 17m 6s
Rendered 9098/18000, time remaining: 17m 7s
Rendered 9099/18000, time remaining: 17m 10s
Rendered 9100/18000, time remaining: 17m 15s
Rendered 9101/18000, time remaining: 17m 4s
Rendered 9102/18000, time remaining: 17m 8s
Rendered 9103/18000, time remaining: 17m 7s
Rendered 9104/18000, time remaining: 17m 9s
Rendered 9105/18000, time remaining: 17m 3s
Rendered 9106/18000, time remaining: 17m 3s
Rendered 9107/18000, time remaining: 17m 3s
Rendered 9108/18000, time remaining: 17m 2s
Rendered 9109/18000, time remaining: 16m 58s
Rendered 9110/18000, time remaining: 16m 56s
Rendered 9111/18000, time remaining: 17m 0s
Rendered 9112/18000, time remaining: 16m 58s
Rendered 9113/18000, time remaining: 16m 32s
Rendered 9114/18000, time remaining: 16m 34s
Rendered 9115/18000, time remaining: 16m 43s
Rendered 9116/18000, time remaining: 16m 48s
Rendered 9117/18000, time remaining: 16m 34s
Rendered 9118/18000, time remaining: 16m 31s
Rendered 9119/18000, time remaining: 16m 35s
Rendered 9120/18000, time remaining: 16m 44s
Rendered 9121/18000, time remaining: 16m 33s
Rendered 9122/18000, time remaining: 16m 31s
Rendered 9123/18000, time remaining: 16m 28s
Rendered 9124/18000, time remaining: 16m 30s
Rendered 9125/18000, time remaining: 16m 36s
Rendered 9126/18000, time remaining: 16m 32s
Rendered 9127/18000, time remaining: 16m 30s
Rendered 9128/18000, time remaining: 16m 28s
Rendered 9129/18000, time remaining: 16m 23s
Rendered 9130/18000, time remaining: 16m 30s
Rendered 9131/18000, time remaining: 16m 29s
Rendered 9132/18000, time remaining: 16m 28s
Rendered 9133/18000, time remaining: 16m 11s
Rendered 9134/18000, time remaining: 16m 19s
Rendered 9135/18000, time remaining: 16m 18s
Rendered 9136/18000, time remaining: 16m 20s
Rendered 9137/18000, time remaining: 16m 11s
Rendered 9138/18000, time remaining: 16m 15s
Rendered 9139/18000, time remaining: 16m 20s
Rendered 9140/18000, time remaining: 16m 22s
Rendered 9141/18000, time remaining: 16m 3s
Rendered 9142/18000, time remaining: 16m 4s
Rendered 9143/18000, time remaining: 16m 16s
Rendered 9144/18000, time remaining: 16m 18s
Rendered 9145/18000, time remaining: 15m 52s
Rendered 9146/18000, time remaining: 15m 49s
Rendered 9147/18000, time remaining: 15m 54s
Rendered 9148/18000, time remaining: 15m 57s
Rendered 9149/18000, time remaining: 15m 49s
Rendered 9150/18000, time remaining: 15m 38s
Rendered 9151/18000, time remaining: 15m 46s
Rendered 9152/18000, time remaining: 15m 48s
Rendered 9153/18000, time remaining: 15m 49s
Rendered 9154/18000, time remaining: 15m 32s
Rendered 9155/18000, time remaining: 15m 35s
Rendered 9156/18000, time remaining: 15m 37s
Rendered 9157/18000, time remaining: 15m 42s
Rendered 9158/18000, time remaining: 15m 33s
Rendered 9159/18000, time remaining: 15m 37s
Rendered 9160/18000, time remaining: 15m 35s
Rendered 9161/18000, time remaining: 15m 33s
Rendered 9162/18000, time remaining: 15m 23s
Rendered 9163/18000, time remaining: 15m 31s
Rendered 9164/18000, time remaining: 15m 31s
Rendered 9165/18000, time remaining: 15m 31s
Rendered 9166/18000, time remaining: 15m 30s
Rendered 9167/18000, time remaining: 15m 31s
Rendered 9168/18000, time remaining: 15m 28s
Rendered 9169/18000, time remaining: 15m 28s
Rendered 9170/18000, time remaining: 15m 25s
Rendered 9171/18000, time remaining: 15m 29s
Rendered 9172/18000, time remaining: 15m 30s
Rendered 9173/18000, time remaining: 15m 29s
Rendered 9174/18000, time remaining: 15m 24s
Rendered 9175/18000, time remaining: 15m 25s
Rendered 9176/18000, time remaining: 15m 28s
Rendered 9177/18000, time remaining: 15m 23s
Rendered 9178/18000, time remaining: 15m 18s
Rendered 9179/18000, time remaining: 15m 22s
Rendered 9180/18000, time remaining: 15m 24s
Rendered 9181/18000, time remaining: 15m 24s
Rendered 9182/18000, time remaining: 15m 13s
Rendered 9183/18000, time remaining: 15m 28s
Rendered 9184/18000, time remaining: 15m 30s
Rendered 9185/18000, time remaining: 15m 30s
Rendered 9186/18000, time remaining: 15m 15s
Rendered 9187/18000, time remaining: 15m 28s
Rendered 9188/18000, time remaining: 15m 28s
Rendered 9189/18000, time remaining: 15m 32s
Rendered 9190/18000, time remaining: 15m 19s
Rendered 9191/18000, time remaining: 15m 21s
Rendered 9192/18000, time remaining: 15m 30s
Rendered 9193/18000, time remaining: 15m 32s
Rendered 9194/18000, time remaining: 15m 26s
Rendered 9195/18000, time remaining: 15m 21s
Rendered 9196/18000, time remaining: 15m 28s
Rendered 9197/18000, time remaining: 15m 31s
Rendered 9198/18000, time remaining: 15m 26s
Rendered 9199/18000, time remaining: 15m 25s
Rendered 9200/18000, time remaining: 15m 26s
Rendered 9201/18000, time remaining: 15m 31s
Rendered 9202/18000, time remaining: 15m 29s
Rendered 9203/18000, time remaining: 15m 24s
Rendered 9204/18000, time remaining: 15m 26s
Rendered 9205/18000, time remaining: 15m 35s
Rendered 9206/18000, time remaining: 15m 32s
Rendered 9207/18000, time remaining: 15m 27s
Rendered 9208/18000, time remaining: 15m 23s
Rendered 9209/18000, time remaining: 15m 36s
Rendered 9210/18000, time remaining: 15m 34s
Rendered 9211/18000, time remaining: 15m 27s
Rendered 9212/18000, time remaining: 15m 27s
Rendered 9213/18000, time remaining: 15m 40s
Rendered 9214/18000, time remaining: 15m 44s
Rendered 9215/18000, time remaining: 15m 40s
Rendered 9216/18000, time remaining: 15m 39s
Rendered 9217/18000, time remaining: 15m 49s
Rendered 9218/18000, time remaining: 15m 48s
Rendered 9219/18000, time remaining: 15m 46s
Rendered 9220/18000, time remaining: 15m 45s
Rendered 9221/18000, time remaining: 15m 48s
Rendered 9222/18000, time remaining: 15m 45s
Rendered 9223/18000, time remaining: 15m 41s
Rendered 9224/18000, time remaining: 15m 42s
Rendered 9225/18000, time remaining: 15m 46s
Rendered 9226/18000, time remaining: 15m 43s
Rendered 9227/18000, time remaining: 15m 34s
Rendered 9228/18000, time remaining: 15m 33s
Rendered 9229/18000, time remaining: 15m 45s
Rendered 9230/18000, time remaining: 15m 44s
Rendered 9231/18000, time remaining: 15m 37s
Rendered 9232/18000, time remaining: 15m 32s
Rendered 9233/18000, time remaining: 15m 34s
Rendered 9234/18000, time remaining: 15m 40s
Rendered 9235/18000, time remaining: 15m 39s
Rendered 9236/18000, time remaining: 15m 27s
Rendered 9237/18000, time remaining: 15m 30s
Rendered 9238/18000, time remaining: 15m 37s
Rendered 9239/18000, time remaining: 15m 37s
Rendered 9240/18000, time remaining: 15m 27s
Rendered 9241/18000, time remaining: 15m 26s
Rendered 9242/18000, time remaining: 15m 32s
Rendered 9243/18000, time remaining: 15m 36s
Rendered 9244/18000, time remaining: 15m 35s
Rendered 9245/18000, time remaining: 15m 23s
Rendered 9246/18000, time remaining: 15m 24s
Rendered 9247/18000, time remaining: 15m 32s
Rendered 9248/18000, time remaining: 15m 31s
Rendered 9249/18000, time remaining: 15m 24s
Rendered 9250/18000, time remaining: 15m 21s
Rendered 9251/18000, time remaining: 15m 19s
Rendered 9252/18000, time remaining: 15m 32s
Rendered 9253/18000, time remaining: 15m 32s
Rendered 9254/18000, time remaining: 15m 27s
Rendered 9255/18000, time remaining: 15m 24s
Rendered 9256/18000, time remaining: 15m 29s
Rendered 9257/18000, time remaining: 15m 29s
Rendered 9258/18000, time remaining: 15m 26s
Rendered 9259/18000, time remaining: 15m 27s
Rendered 9260/18000, time remaining: 15m 28s
Rendered 9261/18000, time remaining: 15m 26s
Rendered 9262/18000, time remaining: 15m 23s
Rendered 9263/18000, time remaining: 15m 22s
Rendered 9264/18000, time remaining: 15m 28s
Rendered 9265/18000, time remaining: 15m 23s
Rendered 9266/18000, time remaining: 15m 19s
Rendered 9267/18000, time remaining: 15m 20s
Rendered 9268/18000, time remaining: 15m 24s
Rendered 9269/18000, time remaining: 15m 28s
Rendered 9270/18000, time remaining: 15m 19s
Rendered 9271/18000, time remaining: 15m 16s
Rendered 9272/18000, time remaining: 15m 20s
Rendered 9273/18000, time remaining: 15m 24s
Rendered 9274/18000, time remaining: 15m 24s
Rendered 9275/18000, time remaining: 15m 14s
Rendered 9276/18000, time remaining: 15m 12s
Rendered 9277/18000, time remaining: 15m 13s
Rendered 9278/18000, time remaining: 15m 19s
Rendered 9279/18000, time remaining: 15m 16s
Rendered 9280/18000, time remaining: 15m 7s
Rendered 9281/18000, time remaining: 15m 4s
Rendered 9282/18000, time remaining: 15m 13s
Rendered 9283/18000, time remaining: 15m 13s
Rendered 9284/18000, time remaining: 15m 5s
Rendered 9285/18000, time remaining: 15m 6s
Rendered 9286/18000, time remaining: 15m 11s
Rendered 9287/18000, time remaining: 15m 9s
Rendered 9288/18000, time remaining: 15m 8s
Rendered 9289/18000, time remaining: 15m 1s
Rendered 9290/18000, time remaining: 15m 7s
Rendered 9291/18000, time remaining: 15m 7s
Rendered 9292/18000, time remaining: 15m 6s
Rendered 9293/18000, time remaining: 14m 53s
Rendered 9294/18000, time remaining: 15m 3s
Rendered 9295/18000, time remaining: 15m 3s
Rendered 9296/18000, time remaining: 14m 59s
Rendered 9297/18000, time remaining: 14m 52s
Rendered 9298/18000, time remaining: 15m 6s
Rendered 9299/18000, time remaining: 15m 2s
Rendered 9300/18000, time remaining: 15m 5s
Rendered 9301/18000, time remaining: 14m 59s
Rendered 9302/18000, time remaining: 15m 7s
Rendered 9303/18000, time remaining: 15m 0s
Rendered 9304/18000, time remaining: 15m 2s
Rendered 9305/18000, time remaining: 15m 6s
Rendered 9306/18000, time remaining: 15m 7s
Rendered 9307/18000, time remaining: 15m 2s
Rendered 9308/18000, time remaining: 14m 57s
Rendered 9309/18000, time remaining: 14m 57s
Rendered 9310/18000, time remaining: 15m 3s
Rendered 9311/18000, time remaining: 15m 2s
Rendered 9312/18000, time remaining: 15m 0s
Rendered 9313/18000, time remaining: 14m 54s
Rendered 9314/18000, time remaining: 15m 7s
Rendered 9315/18000, time remaining: 15m 7s
Rendered 9316/18000, time remaining: 14m 51s
Rendered 9317/18000, time remaining: 14m 49s
Rendered 9318/18000, time remaining: 15m 2s
Rendered 9319/18000, time remaining: 15m 1s
Rendered 9320/18000, time remaining: 14m 50s
Rendered 9321/18000, time remaining: 14m 46s
Rendered 9322/18000, time remaining: 14m 54s
Rendered 9323/18000, time remaining: 14m 56s
Rendered 9324/18000, time remaining: 14m 47s
Rendered 9325/18000, time remaining: 14m 44s
Rendered 9326/18000, time remaining: 14m 43s
Rendered 9327/18000, time remaining: 14m 50s
Rendered 9328/18000, time remaining: 14m 46s
Rendered 9329/18000, time remaining: 14m 44s
Rendered 9330/18000, time remaining: 14m 39s
Rendered 9331/18000, time remaining: 14m 41s
Rendered 9332/18000, time remaining: 14m 49s
Rendered 9333/18000, time remaining: 14m 36s
Rendered 9334/18000, time remaining: 14m 33s
Rendered 9335/18000, time remaining: 14m 38s
Rendered 9336/18000, time remaining: 14m 43s
Rendered 9337/18000, time remaining: 14m 31s
Rendered 9338/18000, time remaining: 14m 29s
Rendered 9339/18000, time remaining: 14m 32s
Rendered 9340/18000, time remaining: 14m 35s
Rendered 9341/18000, time remaining: 14m 32s
Rendered 9342/18000, time remaining: 14m 22s
Rendered 9343/18000, time remaining: 14m 28s
Rendered 9344/18000, time remaining: 14m 28s
Rendered 9345/18000, time remaining: 14m 26s
Rendered 9346/18000, time remaining: 14m 23s
Rendered 9347/18000, time remaining: 14m 25s
Rendered 9348/18000, time remaining: 14m 28s
Rendered 9349/18000, time remaining: 14m 22s
Rendered 9350/18000, time remaining: 14m 24s
Rendered 9351/18000, time remaining: 14m 21s
Rendered 9352/18000, time remaining: 14m 23s
Rendered 9353/18000, time remaining: 14m 20s
Rendered 9354/18000, time remaining: 14m 15s
Rendered 9355/18000, time remaining: 14m 14s
Rendered 9356/18000, time remaining: 14m 17s
Rendered 9357/18000, time remaining: 14m 16s
Rendered 9358/18000, time remaining: 14m 15s
Rendered 9359/18000, time remaining: 14m 3s
Rendered 9360/18000, time remaining: 14m 13s
Rendered 9361/18000, time remaining: 14m 13s
Rendered 9362/18000, time remaining: 14m 11s
Rendered 9363/18000, time remaining: 13m 54s
Rendered 9364/18000, time remaining: 13m 56s
Rendered 9365/18000, time remaining: 13m 58s
Rendered 9366/18000, time remaining: 13m 57s
Rendered 9367/18000, time remaining: 13m 42s
Rendered 9368/18000, time remaining: 13m 42s
Rendered 9369/18000, time remaining: 13m 50s
Rendered 9370/18000, time remaining: 13m 48s
Rendered 9371/18000, time remaining: 13m 43s
Rendered 9372/18000, time remaining: 13m 42s
Rendered 9373/18000, time remaining: 13m 50s
Rendered 9374/18000, time remaining: 13m 50s
Rendered 9375/18000, time remaining: 13m 43s
Rendered 9376/18000, time remaining: 13m 43s
Rendered 9377/18000, time remaining: 13m 47s
Rendered 9378/18000, time remaining: 13m 48s
Rendered 9379/18000, time remaining: 13m 38s
Rendered 9380/18000, time remaining: 13m 36s
Rendered 9381/18000, time remaining: 13m 36s
Rendered 9382/18000, time remaining: 13m 43s
Rendered 9383/18000, time remaining: 13m 42s
Rendered 9384/18000, time remaining: 13m 35s
Rendered 9385/18000, time remaining: 13m 36s
Rendered 9386/18000, time remaining: 13m 39s
Rendered 9387/18000, time remaining: 13m 40s
Rendered 9388/18000, time remaining: 13m 36s
Rendered 9389/18000, time remaining: 13m 32s
Rendered 9390/18000, time remaining: 13m 35s
Rendered 9391/18000, time remaining: 13m 38s
Rendered 9392/18000, time remaining: 13m 36s
Rendered 9393/18000, time remaining: 13m 36s
Rendered 9394/18000, time remaining: 13m 33s
Rendered 9395/18000, time remaining: 13m 35s
Rendered 9396/18000, time remaining: 13m 35s
Rendered 9397/18000, time remaining: 13m 33s
Rendered 9398/18000, time remaining: 13m 30s
Rendered 9399/18000, time remaining: 13m 33s
Rendered 9400/18000, time remaining: 13m 31s
Rendered 9401/18000, time remaining: 13m 38s
Rendered 9402/18000, time remaining: 13m 23s
Rendered 9403/18000, time remaining: 13m 22s
Rendered 9404/18000, time remaining: 13m 23s
Rendered 9405/18000, time remaining: 13m 31s
Rendered 9406/18000, time remaining: 13m 22s
Rendered 9407/18000, time remaining: 13m 21s
Rendered 9408/18000, time remaining: 13m 20s
Rendered 9409/18000, time remaining: 13m 26s
Rendered 9410/18000, time remaining: 13m 20s
Rendered 9411/18000, time remaining: 13m 20s
Rendered 9412/18000, time remaining: 13m 19s
Rendered 9413/18000, time remaining: 13m 23s
Rendered 9414/18000, time remaining: 13m 18s
Rendered 9415/18000, time remaining: 13m 13s
Rendered 9416/18000, time remaining: 13m 15s
Rendered 9417/18000, time remaining: 13m 16s
Rendered 9418/18000, time remaining: 13m 17s
Rendered 9419/18000, time remaining: 13m 10s
Rendered 9420/18000, time remaining: 13m 10s
Rendered 9421/18000, time remaining: 13m 10s
Rendered 9422/18000, time remaining: 13m 10s
Rendered 9423/18000, time remaining: 13m 9s
Rendered 9424/18000, time remaining: 13m 5s
Rendered 9425/18000, time remaining: 13m 9s
Rendered 9426/18000, time remaining: 13m 9s
Rendered 9427/18000, time remaining: 13m 10s
Rendered 9428/18000, time remaining: 13m 5s
Rendered 9429/18000, time remaining: 13m 4s
Rendered 9430/18000, time remaining: 13m 5s
Rendered 9431/18000, time remaining: 13m 10s
Rendered 9432/18000, time remaining: 13m 6s
Rendered 9433/18000, time remaining: 13m 3s
Rendered 9434/18000, time remaining: 13m 3s
Rendered 9435/18000, time remaining: 13m 2s
Rendered 9436/18000, time remaining: 13m 1s
Rendered 9437/18000, time remaining: 13m 1s
Rendered 9438/18000, time remaining: 12m 59s
Rendered 9439/18000, time remaining: 12m 57s
Rendered 9440/18000, time remaining: 12m 52s
Rendered 9441/18000, time remaining: 13m 0s
Rendered 9442/18000, time remaining: 12m 58s
Rendered 9443/18000, time remaining: 12m 59s
Rendered 9444/18000, time remaining: 12m 49s
Rendered 9445/18000, time remaining: 13m 0s
Rendered 9446/18000, time remaining: 13m 2s
Rendered 9447/18000, time remaining: 13m 3s
Rendered 9448/18000, time remaining: 12m 45s
Rendered 9449/18000, time remaining: 12m 54s
Rendered 9450/18000, time remaining: 12m 53s
Rendered 9451/18000, time remaining: 12m 56s
Rendered 9452/18000, time remaining: 12m 43s
Rendered 9453/18000, time remaining: 12m 46s
Rendered 9454/18000, time remaining: 12m 47s
Rendered 9455/18000, time remaining: 12m 45s
Rendered 9456/18000, time remaining: 12m 44s
Rendered 9457/18000, time remaining: 12m 45s
Rendered 9458/18000, time remaining: 12m 46s
Rendered 9459/18000, time remaining: 12m 49s
Rendered 9460/18000, time remaining: 12m 45s
Rendered 9461/18000, time remaining: 12m 45s
Rendered 9462/18000, time remaining: 12m 41s
Rendered 9463/18000, time remaining: 12m 43s
Rendered 9464/18000, time remaining: 12m 36s
Rendered 9465/18000, time remaining: 12m 39s
Rendered 9466/18000, time remaining: 12m 39s
Rendered 9467/18000, time remaining: 12m 40s
Rendered 9468/18000, time remaining: 12m 28s
Rendered 9469/18000, time remaining: 12m 32s
Rendered 9470/18000, time remaining: 12m 39s
Rendered 9471/18000, time remaining: 12m 41s
Rendered 9472/18000, time remaining: 12m 31s
Rendered 9473/18000, time remaining: 12m 29s
Rendered 9474/18000, time remaining: 12m 31s
Rendered 9475/18000, time remaining: 12m 43s
Rendered 9476/18000, time remaining: 12m 41s
Rendered 9477/18000, time remaining: 12m 35s
Rendered 9478/18000, time remaining: 12m 31s
Rendered 9479/18000, time remaining: 12m 36s
Rendered 9480/18000, time remaining: 12m 43s
Rendered 9481/18000, time remaining: 12m 44s
Rendered 9482/18000, time remaining: 12m 30s
Rendered 9483/18000, time remaining: 12m 32s
Rendered 9484/18000, time remaining: 12m 47s
Rendered 9485/18000, time remaining: 12m 44s
Rendered 9486/18000, time remaining: 12m 40s
Rendered 9487/18000, time remaining: 12m 40s
Rendered 9488/18000, time remaining: 12m 49s
Rendered 9489/18000, time remaining: 12m 42s
Rendered 9490/18000, time remaining: 12m 42s
Rendered 9491/18000, time remaining: 12m 43s
Rendered 9492/18000, time remaining: 12m 46s
Rendered 9493/18000, time remaining: 12m 43s
Rendered 9494/18000, time remaining: 12m 44s
Rendered 9495/18000, time remaining: 12m 44s
Rendered 9496/18000, time remaining: 12m 38s
Rendered 9497/18000, time remaining: 12m 41s
Rendered 9498/18000, time remaining: 12m 39s
Rendered 9499/18000, time remaining: 12m 43s
Rendered 9500/18000, time remaining: 12m 41s
Rendered 9501/18000, time remaining: 12m 38s
Rendered 9502/18000, time remaining: 12m 37s
Rendered 9503/18000, time remaining: 12m 41s
Rendered 9504/18000, time remaining: 12m 44s
Rendered 9505/18000, time remaining: 12m 41s
Rendered 9506/18000, time remaining: 12m 37s
Rendered 9507/18000, time remaining: 12m 39s
Rendered 9508/18000, time remaining: 12m 40s
Rendered 9509/18000, time remaining: 12m 48s
Rendered 9510/18000, time remaining: 12m 38s
Rendered 9511/18000, time remaining: 12m 39s
Rendered 9512/18000, time remaining: 12m 40s
Rendered 9513/18000, time remaining: 12m 51s
Rendered 9514/18000, time remaining: 12m 43s
Rendered 9515/18000, time remaining: 12m 40s
Rendered 9516/18000, time remaining: 12m 40s
Rendered 9517/18000, time remaining: 12m 46s
Rendered 9518/18000, time remaining: 12m 49s
Rendered 9519/18000, time remaining: 12m 40s
Rendered 9520/18000, time remaining: 12m 38s
Rendered 9521/18000, time remaining: 12m 42s
Rendered 9522/18000, time remaining: 12m 50s
Rendered 9523/18000, time remaining: 12m 40s
Rendered 9524/18000, time remaining: 12m 37s
Rendered 9525/18000, time remaining: 12m 39s
Rendered 9526/18000, time remaining: 12m 46s
Rendered 9527/18000, time remaining: 12m 45s
Rendered 9528/18000, time remaining: 12m 43s
Rendered 9529/18000, time remaining: 12m 41s
Rendered 9530/18000, time remaining: 12m 43s
Rendered 9531/18000, time remaining: 12m 48s
Rendered 9532/18000, time remaining: 12m 46s
Rendered 9533/18000, time remaining: 12m 45s
Rendered 9534/18000, time remaining: 12m 46s
Rendered 9535/18000, time remaining: 12m 47s
Rendered 9536/18000, time remaining: 12m 50s
Rendered 9537/18000, time remaining: 12m 48s
Rendered 9538/18000, time remaining: 12m 45s
Rendered 9539/18000, time remaining: 12m 50s
Rendered 9540/18000, time remaining: 12m 49s
Rendered 9541/18000, time remaining: 12m 48s
Rendered 9542/18000, time remaining: 12m 43s
Rendered 9543/18000, time remaining: 12m 42s
Rendered 9544/18000, time remaining: 12m 50s
Rendered 9545/18000, time remaining: 12m 51s
Rendered 9546/18000, time remaining: 12m 46s
Rendered 9547/18000, time remaining: 12m 42s
Rendered 9548/18000, time remaining: 12m 48s
Rendered 9549/18000, time remaining: 12m 51s
Rendered 9550/18000, time remaining: 12m 53s
Rendered 9551/18000, time remaining: 12m 44s
Rendered 9552/18000, time remaining: 12m 48s
Rendered 9553/18000, time remaining: 12m 50s
Rendered 9554/18000, time remaining: 12m 56s
Rendered 9555/18000, time remaining: 12m 47s
Rendered 9556/18000, time remaining: 12m 47s
Rendered 9557/18000, time remaining: 12m 52s
Rendered 9558/18000, time remaining: 12m 54s
Rendered 9559/18000, time remaining: 12m 50s
Rendered 9560/18000, time remaining: 12m 48s
Rendered 9561/18000, time remaining: 12m 49s
Rendered 9562/18000, time remaining: 12m 50s
Rendered 9563/18000, time remaining: 12m 54s
Rendered 9564/18000, time remaining: 12m 50s
Rendered 9565/18000, time remaining: 12m 53s
Rendered 9566/18000, time remaining: 12m 49s
Rendered 9567/18000, time remaining: 12m 56s
Rendered 9568/18000, time remaining: 12m 52s
Rendered 9569/18000, time remaining: 12m 52s
Rendered 9570/18000, time remaining: 12m 52s
Rendered 9571/18000, time remaining: 12m 55s
Rendered 9572/18000, time remaining: 12m 53s
Rendered 9573/18000, time remaining: 12m 56s
Rendered 9574/18000, time remaining: 12m 55s
Rendered 9575/18000, time remaining: 12m 55s
Rendered 9576/18000, time remaining: 12m 55s
Rendered 9577/18000, time remaining: 12m 55s
Rendered 9578/18000, time remaining: 12m 56s
Rendered 9579/18000, time remaining: 12m 55s
Rendered 9580/18000, time remaining: 13m 1s
Rendered 9581/18000, time remaining: 12m 56s
Rendered 9582/18000, time remaining: 12m 55s
Rendered 9583/18000, time remaining: 12m 57s
Rendered 9584/18000, time remaining: 13m 2s
Rendered 9585/18000, time remaining: 12m 59s
Rendered 9586/18000, time remaining: 12m 54s
Rendered 9587/18000, time remaining: 12m 51s
Rendered 9588/18000, time remaining: 13m 1s
Rendered 9589/18000, time remaining: 13m 1s
Rendered 9590/18000, time remaining: 12m 56s
Rendered 9591/18000, time remaining: 12m 49s
Rendered 9592/18000, time remaining: 13m 4s
Rendered 9593/18000, time remaining: 13m 5s
Rendered 9594/18000, time remaining: 13m 3s
Rendered 9595/18000, time remaining: 12m 55s
Rendered 9596/18000, time remaining: 13m 0s
Rendered 9597/18000, time remaining: 13m 2s
Rendered 9598/18000, time remaining: 13m 1s
Rendered 9599/18000, time remaining: 12m 55s
Rendered 9600/18000, time remaining: 13m 2s
Rendered 9601/18000, time remaining: 13m 2s
Rendered 9602/18000, time remaining: 13m 3s
Rendered 9603/18000, time remaining: 13m 0s
Rendered 9604/18000, time remaining: 13m 1s
Rendered 9605/18000, time remaining: 13m 4s
Rendered 9606/18000, time remaining: 13m 4s
Rendered 9607/18000, time remaining: 12m 59s
Rendered 9608/18000, time remaining: 13m 2s
Rendered 9609/18000, time remaining: 13m 1s
Rendered 9610/18000, time remaining: 13m 2s
Rendered 9611/18000, time remaining: 13m 1s
Rendered 9612/18000, time remaining: 13m 2s
Rendered 9613/18000, time remaining: 13m 3s
Rendered 9614/18000, time remaining: 13m 2s
Rendered 9615/18000, time remaining: 13m 5s
Rendered 9616/18000, time remaining: 13m 5s
Rendered 9617/18000, time remaining: 13m 2s
Rendered 9618/18000, time remaining: 13m 4s
Rendered 9619/18000, time remaining: 13m 11s
Rendered 9620/18000, time remaining: 13m 4s
Rendered 9621/18000, time remaining: 13m 4s
Rendered 9622/18000, time remaining: 13m 6s
Rendered 9623/18000, time remaining: 13m 18s
Rendered 9624/18000, time remaining: 13m 16s
Rendered 9625/18000, time remaining: 13m 4s
Rendered 9626/18000, time remaining: 13m 2s
Rendered 9627/18000, time remaining: 13m 18s
Rendered 9628/18000, time remaining: 13m 20s
Rendered 9629/18000, time remaining: 13m 14s
Rendered 9630/18000, time remaining: 13m 6s
Rendered 9631/18000, time remaining: 13m 6s
Rendered 9632/18000, time remaining: 13m 22s
Rendered 9633/18000, time remaining: 13m 16s
Rendered 9634/18000, time remaining: 13m 3s
Rendered 9635/18000, time remaining: 13m 0s
Rendered 9636/18000, time remaining: 13m 17s
Rendered 9637/18000, time remaining: 13m 17s
Rendered 9638/18000, time remaining: 13m 7s
Rendered 9639/18000, time remaining: 13m 5s
Rendered 9640/18000, time remaining: 13m 15s
Rendered 9641/18000, time remaining: 13m 13s
Rendered 9642/18000, time remaining: 13m 11s
Rendered 9643/18000, time remaining: 13m 5s
Rendered 9644/18000, time remaining: 13m 6s
Rendered 9645/18000, time remaining: 13m 12s
Rendered 9646/18000, time remaining: 13m 11s
Rendered 9647/18000, time remaining: 13m 6s
Rendered 9648/18000, time remaining: 13m 4s
Rendered 9649/18000, time remaining: 13m 6s
Rendered 9650/18000, time remaining: 13m 2s
Rendered 9651/18000, time remaining: 13m 2s
Rendered 9652/18000, time remaining: 13m 1s
Rendered 9653/18000, time remaining: 13m 4s
Rendered 9654/18000, time remaining: 13m 1s
Rendered 9655/18000, time remaining: 12m 57s
Rendered 9656/18000, time remaining: 13m 0s
Rendered 9657/18000, time remaining: 13m 3s
Rendered 9658/18000, time remaining: 13m 5s
Rendered 9659/18000, time remaining: 12m 55s
Rendered 9660/18000, time remaining: 12m 55s
Rendered 9661/18000, time remaining: 13m 1s
Rendered 9662/18000, time remaining: 13m 2s
Rendered 9663/18000, time remaining: 12m 51s
Rendered 9664/18000, time remaining: 12m 52s
Rendered 9665/18000, time remaining: 12m 53s
Rendered 9666/18000, time remaining: 13m 0s
Rendered 9667/18000, time remaining: 12m 53s
Rendered 9668/18000, time remaining: 12m 50s
Rendered 9669/18000, time remaining: 12m 56s
Rendered 9670/18000, time remaining: 12m 58s
Rendered 9671/18000, time remaining: 12m 54s
Rendered 9672/18000, time remaining: 12m 49s
Rendered 9673/18000, time remaining: 12m 50s
Rendered 9674/18000, time remaining: 12m 57s
Rendered 9675/18000, time remaining: 12m 58s
Rendered 9676/18000, time remaining: 12m 48s
Rendered 9677/18000, time remaining: 12m 48s
Rendered 9678/18000, time remaining: 12m 55s
Rendered 9679/18000, time remaining: 12m 56s
Rendered 9680/18000, time remaining: 12m 54s
Rendered 9681/18000, time remaining: 12m 45s
Rendered 9682/18000, time remaining: 12m 52s
Rendered 9683/18000, time remaining: 12m 51s
Rendered 9684/18000, time remaining: 12m 51s
Rendered 9685/18000, time remaining: 12m 46s
Rendered 9686/18000, time remaining: 12m 51s
Rendered 9687/18000, time remaining: 12m 49s
Rendered 9688/18000, time remaining: 12m 52s
Rendered 9689/18000, time remaining: 12m 47s
Rendered 9690/18000, time remaining: 12m 49s
Rendered 9691/18000, time remaining: 12m 49s
Rendered 9692/18000, time remaining: 12m 50s
Rendered 9693/18000, time remaining: 12m 48s
Rendered 9694/18000, time remaining: 12m 42s
Rendered 9695/18000, time remaining: 12m 44s
Rendered 9696/18000, time remaining: 12m 51s
Rendered 9697/18000, time remaining: 12m 50s
Rendered 9698/18000, time remaining: 12m 44s
Rendered 9699/18000, time remaining: 12m 41s
Rendered 9700/18000, time remaining: 12m 49s
Rendered 9701/18000, time remaining: 12m 50s
Rendered 9702/18000, time remaining: 12m 48s
Rendered 9703/18000, time remaining: 12m 46s
Rendered 9704/18000, time remaining: 12m 51s
Rendered 9705/18000, time remaining: 12m 50s
Rendered 9706/18000, time remaining: 12m 50s
Rendered 9707/18000, time remaining: 12m 47s
Rendered 9708/18000, time remaining: 12m 50s
Rendered 9709/18000, time remaining: 12m 48s
Rendered 9710/18000, time remaining: 12m 46s
Rendered 9711/18000, time remaining: 12m 47s
Rendered 9712/18000, time remaining: 12m 48s
Rendered 9713/18000, time remaining: 12m 44s
Rendered 9714/18000, time remaining: 12m 44s
Rendered 9715/18000, time remaining: 12m 44s
Rendered 9716/18000, time remaining: 12m 47s
Rendered 9717/18000, time remaining: 12m 43s
Rendered 9718/18000, time remaining: 12m 44s
Rendered 9719/18000, time remaining: 12m 45s
Rendered 9720/18000, time remaining: 12m 44s
Rendered 9721/18000, time remaining: 12m 41s
Rendered 9722/18000, time remaining: 12m 40s
Rendered 9723/18000, time remaining: 12m 41s
Rendered 9724/18000, time remaining: 12m 44s
Rendered 9725/18000, time remaining: 12m 42s
Rendered 9726/18000, time remaining: 12m 41s
Rendered 9727/18000, time remaining: 12m 40s
Rendered 9728/18000, time remaining: 12m 40s
Rendered 9729/18000, time remaining: 12m 43s
Rendered 9730/18000, time remaining: 12m 37s
Rendered 9731/18000, time remaining: 12m 36s
Rendered 9732/18000, time remaining: 12m 36s
Rendered 9733/18000, time remaining: 12m 36s
Rendered 9734/18000, time remaining: 12m 34s
Rendered 9735/18000, time remaining: 12m 35s
Rendered 9736/18000, time remaining: 12m 35s
Rendered 9737/18000, time remaining: 12m 41s
Rendered 9738/18000, time remaining: 12m 33s
Rendered 9739/18000, time remaining: 12m 33s
Rendered 9740/18000, time remaining: 12m 34s
Rendered 9741/18000, time remaining: 12m 39s
Rendered 9742/18000, time remaining: 12m 29s
Rendered 9743/18000, time remaining: 12m 29s
Rendered 9744/18000, time remaining: 12m 30s
Rendered 9745/18000, time remaining: 12m 29s
Rendered 9746/18000, time remaining: 12m 31s
Rendered 9747/18000, time remaining: 12m 29s
Rendered 9748/18000, time remaining: 12m 31s
Rendered 9749/18000, time remaining: 12m 32s
Rendered 9750/18000, time remaining: 12m 26s
Rendered 9751/18000, time remaining: 12m 30s
Rendered 9752/18000, time remaining: 12m 31s
Rendered 9753/18000, time remaining: 12m 37s
Rendered 9754/18000, time remaining: 12m 34s
Rendered 9755/18000, time remaining: 12m 29s
Rendered 9756/18000, time remaining: 12m 31s
Rendered 9757/18000, time remaining: 12m 38s
Rendered 9758/18000, time remaining: 12m 39s
Rendered 9759/18000, time remaining: 12m 39s
Rendered 9760/18000, time remaining: 12m 35s
Rendered 9761/18000, time remaining: 12m 38s
Rendered 9762/18000, time remaining: 12m 42s
Rendered 9763/18000, time remaining: 12m 43s
Rendered 9764/18000, time remaining: 12m 40s
Rendered 9765/18000, time remaining: 12m 36s
Rendered 9766/18000, time remaining: 12m 38s
Rendered 9767/18000, time remaining: 12m 51s
Rendered 9768/18000, time remaining: 12m 48s
Rendered 9769/18000, time remaining: 12m 40s
Rendered 9770/18000, time remaining: 12m 40s
Rendered 9771/18000, time remaining: 12m 51s
Rendered 9772/18000, time remaining: 12m 48s
Rendered 9773/18000, time remaining: 12m 39s
Rendered 9774/18000, time remaining: 12m 36s
Rendered 9775/18000, time remaining: 12m 50s
Rendered 9776/18000, time remaining: 12m 52s
Rendered 9777/18000, time remaining: 12m 36s
Rendered 9778/18000, time remaining: 12m 33s
Rendered 9779/18000, time remaining: 12m 46s
Rendered 9780/18000, time remaining: 12m 49s
Rendered 9781/18000, time remaining: 12m 47s
Rendered 9782/18000, time remaining: 12m 32s
Rendered 9783/18000, time remaining: 12m 44s
Rendered 9784/18000, time remaining: 12m 45s
Rendered 9785/18000, time remaining: 12m 49s
Rendered 9786/18000, time remaining: 12m 30s
Rendered 9787/18000, time remaining: 12m 41s
Rendered 9788/18000, time remaining: 12m 41s
Rendered 9789/18000, time remaining: 12m 45s
Rendered 9790/18000, time remaining: 12m 34s
Rendered 9791/18000, time remaining: 12m 46s
Rendered 9792/18000, time remaining: 12m 43s
Rendered 9793/18000, time remaining: 12m 46s
Rendered 9794/18000, time remaining: 12m 43s
Rendered 9795/18000, time remaining: 12m 50s
Rendered 9796/18000, time remaining: 12m 48s
Rendered 9797/18000, time remaining: 12m 49s
Rendered 9798/18000, time remaining: 12m 49s
Rendered 9799/18000, time remaining: 12m 57s
Rendered 9800/18000, time remaining: 12m 56s
Rendered 9801/18000, time remaining: 12m 58s
Rendered 9802/18000, time remaining: 12m 56s
Rendered 9803/18000, time remaining: 13m 2s
Rendered 9804/18000, time remaining: 13m 2s
Rendered 9805/18000, time remaining: 13m 5s
Rendered 9806/18000, time remaining: 13m 1s
Rendered 9807/18000, time remaining: 13m 7s
Rendered 9808/18000, time remaining: 13m 7s
Rendered 9809/18000, time remaining: 13m 11s
Rendered 9810/18000, time remaining: 13m 7s
Rendered 9811/18000, time remaining: 13m 18s
Rendered 9812/18000, time remaining: 13m 16s
Rendered 9813/18000, time remaining: 13m 16s
Rendered 9814/18000, time remaining: 13m 14s
Rendered 9815/18000, time remaining: 13m 25s
Rendered 9816/18000, time remaining: 13m 21s
Rendered 9817/18000, time remaining: 13m 24s
Rendered 9818/18000, time remaining: 13m 22s
Rendered 9819/18000, time remaining: 13m 23s
Rendered 9820/18000, time remaining: 13m 21s
Rendered 9821/18000, time remaining: 13m 28s
Rendered 9822/18000, time remaining: 13m 32s
Rendered 9823/18000, time remaining: 13m 33s
Rendered 9824/18000, time remaining: 13m 29s
Rendered 9825/18000, time remaining: 13m 29s
Rendered 9826/18000, time remaining: 13m 35s
Rendered 9827/18000, time remaining: 13m 41s
Rendered 9828/18000, time remaining: 13m 36s
Rendered 9829/18000, time remaining: 13m 34s
Rendered 9830/18000, time remaining: 13m 36s
Rendered 9831/18000, time remaining: 13m 49s
Rendered 9832/18000, time remaining: 13m 40s
Rendered 9833/18000, time remaining: 13m 37s
Rendered 9834/18000, time remaining: 13m 39s
Rendered 9835/18000, time remaining: 13m 52s
Rendered 9836/18000, time remaining: 13m 41s
Rendered 9837/18000, time remaining: 13m 39s
Rendered 9838/18000, time remaining: 13m 39s
Rendered 9839/18000, time remaining: 13m 55s
Rendered 9840/18000, time remaining: 13m 51s
Rendered 9841/18000, time remaining: 13m 50s
Rendered 9842/18000, time remaining: 13m 46s
Rendered 9843/18000, time remaining: 13m 58s
Rendered 9844/18000, time remaining: 13m 57s
Rendered 9845/18000, time remaining: 13m 57s
Rendered 9846/18000, time remaining: 13m 53s
Rendered 9847/18000, time remaining: 13m 58s
Rendered 9848/18000, time remaining: 13m 59s
Rendered 9849/18000, time remaining: 14m 10s
Rendered 9850/18000, time remaining: 14m 0s
Rendered 9851/18000, time remaining: 14m 0s
Rendered 9852/18000, time remaining: 13m 59s
Rendered 9853/18000, time remaining: 14m 10s
Rendered 9854/18000, time remaining: 14m 3s
Rendered 9855/18000, time remaining: 14m 3s
Rendered 9856/18000, time remaining: 14m 2s
Rendered 9857/18000, time remaining: 14m 13s
Rendered 9858/18000, time remaining: 14m 12s
Rendered 9859/18000, time remaining: 14m 10s
Rendered 9860/18000, time remaining: 14m 14s
Rendered 9861/18000, time remaining: 14m 19s
Rendered 9862/18000, time remaining: 14m 20s
Rendered 9863/18000, time remaining: 14m 20s
Rendered 9864/18000, time remaining: 14m 22s
Rendered 9865/18000, time remaining: 14m 20s
Rendered 9866/18000, time remaining: 14m 21s
Rendered 9867/18000, time remaining: 14m 23s
Rendered 9868/18000, time remaining: 14m 28s
Rendered 9869/18000, time remaining: 14m 27s
Rendered 9870/18000, time remaining: 14m 29s
Rendered 9871/18000, time remaining: 14m 28s
Rendered 9872/18000, time remaining: 14m 34s
Rendered 9873/18000, time remaining: 14m 32s
Rendered 9874/18000, time remaining: 14m 31s
Rendered 9875/18000, time remaining: 14m 33s
Rendered 9876/18000, time remaining: 14m 42s
Rendered 9877/18000, time remaining: 14m 39s
Rendered 9878/18000, time remaining: 14m 36s
Rendered 9879/18000, time remaining: 14m 37s
Rendered 9880/18000, time remaining: 14m 47s
Rendered 9881/18000, time remaining: 14m 48s
Rendered 9882/18000, time remaining: 14m 44s
Rendered 9883/18000, time remaining: 14m 42s
Rendered 9884/18000, time remaining: 14m 54s
Rendered 9885/18000, time remaining: 14m 55s
Rendered 9886/18000, time remaining: 14m 52s
Rendered 9887/18000, time remaining: 14m 45s
Rendered 9888/18000, time remaining: 14m 58s
Rendered 9889/18000, time remaining: 15m 2s
Rendered 9890/18000, time remaining: 15m 2s
Rendered 9891/18000, time remaining: 15m 3s
Rendered 9892/18000, time remaining: 15m 0s
Rendered 9893/18000, time remaining: 15m 5s
Rendered 9894/18000, time remaining: 15m 4s
Rendered 9895/18000, time remaining: 15m 8s
Rendered 9896/18000, time remaining: 15m 1s
Rendered 9897/18000, time remaining: 15m 11s
Rendered 9898/18000, time remaining: 15m 11s
Rendered 9899/18000, time remaining: 15m 8s
Rendered 9900/18000, time remaining: 15m 6s
Rendered 9901/18000, time remaining: 15m 15s
Rendered 9902/18000, time remaining: 15m 16s
Rendered 9903/18000, time remaining: 15m 11s
Rendered 9904/18000, time remaining: 15m 8s
Rendered 9905/18000, time remaining: 15m 18s
Rendered 9906/18000, time remaining: 15m 17s
Rendered 9907/18000, time remaining: 15m 12s
Rendered 9908/18000, time remaining: 15m 6s
Rendered 9909/18000, time remaining: 15m 8s
Rendered 9910/18000, time remaining: 15m 18s
Rendered 9911/18000, time remaining: 15m 20s
Rendered 9912/18000, time remaining: 15m 16s
Rendered 9913/18000, time remaining: 15m 12s
Rendered 9914/18000, time remaining: 15m 15s
Rendered 9915/18000, time remaining: 15m 24s
Rendered 9916/18000, time remaining: 15m 18s
Rendered 9917/18000, time remaining: 15m 21s
Rendered 9918/18000, time remaining: 15m 23s
Rendered 9919/18000, time remaining: 15m 22s
Rendered 9920/18000, time remaining: 15m 21s
Rendered 9921/18000, time remaining: 15m 13s
Rendered 9922/18000, time remaining: 15m 28s
Rendered 9923/18000, time remaining: 15m 24s
Rendered 9924/18000, time remaining: 15m 26s
Rendered 9925/18000, time remaining: 15m 22s
Rendered 9926/18000, time remaining: 15m 25s
Rendered 9927/18000, time remaining: 15m 24s
Rendered 9928/18000, time remaining: 15m 27s
Rendered 9929/18000, time remaining: 15m 23s
Rendered 9930/18000, time remaining: 15m 25s
Rendered 9931/18000, time remaining: 15m 23s
Rendered 9932/18000, time remaining: 15m 22s
Rendered 9933/18000, time remaining: 15m 30s
Rendered 9934/18000, time remaining: 15m 29s
Rendered 9935/18000, time remaining: 15m 25s
Rendered 9936/18000, time remaining: 15m 26s
Rendered 9937/18000, time remaining: 15m 34s
Rendered 9938/18000, time remaining: 15m 36s
Rendered 9939/18000, time remaining: 15m 36s
Rendered 9940/18000, time remaining: 15m 35s
Rendered 9941/18000, time remaining: 15m 43s
Rendered 9942/18000, time remaining: 15m 47s
Rendered 9943/18000, time remaining: 15m 45s
Rendered 9944/18000, time remaining: 15m 45s
Rendered 9945/18000, time remaining: 15m 44s
Rendered 9946/18000, time remaining: 15m 54s
Rendered 9947/18000, time remaining: 15m 53s
Rendered 9948/18000, time remaining: 16m 0s
Rendered 9949/18000, time remaining: 15m 51s
Rendered 9950/18000, time remaining: 15m 53s
Rendered 9951/18000, time remaining: 15m 55s
Rendered 9952/18000, time remaining: 15m 58s
Rendered 9953/18000, time remaining: 15m 59s
Rendered 9954/18000, time remaining: 16m 1s
Rendered 9955/18000, time remaining: 15m 59s
Rendered 9956/18000, time remaining: 15m 59s
Rendered 9957/18000, time remaining: 15m 57s
Rendered 9958/18000, time remaining: 16m 7s
Rendered 9959/18000, time remaining: 16m 5s
Rendered 9960/18000, time remaining: 16m 7s
Rendered 9961/18000, time remaining: 15m 52s
Rendered 9962/18000, time remaining: 15m 58s
Rendered 9963/18000, time remaining: 16m 3s
Rendered 9964/18000, time remaining: 16m 10s
Rendered 9965/18000, time remaining: 16m 2s
Rendered 9966/18000, time remaining: 16m 2s
Rendered 9967/18000, time remaining: 16m 1s
Rendered 9968/18000, time remaining: 16m 4s
Rendered 9969/18000, time remaining: 16m 12s
Rendered 9970/18000, time remaining: 16m 11s
Rendered 9971/18000, time remaining: 16m 7s
Rendered 9972/18000, time remaining: 16m 1s
Rendered 9973/18000, time remaining: 16m 10s
Rendered 9974/18000, time remaining: 16m 9s
Rendered 9975/18000, time remaining: 16m 8s
Rendered 9976/18000, time remaining: 16m 3s
Rendered 9977/18000, time remaining: 16m 8s
Rendered 9978/18000, time remaining: 16m 3s
Rendered 9979/18000, time remaining: 16m 7s
Rendered 9980/18000, time remaining: 16m 4s
Rendered 9981/18000, time remaining: 16m 7s
Rendered 9982/18000, time remaining: 16m 6s
Rendered 9983/18000, time remaining: 16m 9s
Rendered 9984/18000, time remaining: 16m 6s
Rendered 9985/18000, time remaining: 16m 8s
Rendered 9986/18000, time remaining: 16m 11s
Rendered 9987/18000, time remaining: 16m 13s
Rendered 9988/18000, time remaining: 16m 10s
Rendered 9989/18000, time remaining: 16m 3s
Rendered 9990/18000, time remaining: 16m 7s
Rendered 9991/18000, time remaining: 16m 8s
Rendered 9992/18000, time remaining: 16m 10s
Rendered 9993/18000, time remaining: 15m 59s
Rendered 9994/18000, time remaining: 16m 6s
Rendered 9995/18000, time remaining: 16m 7s
Rendered 9996/18000, time remaining: 16m 9s
Rendered 9997/18000, time remaining: 16m 3s
Rendered 9998/18000, time remaining: 16m 6s
Rendered 9999/18000, time remaining: 16m 6s
Rendered 10000/18000, time remaining: 16m 7s
Rendered 10001/18000, time remaining: 16m 8s
Rendered 10002/18000, time remaining: 16m 7s
Rendered 10003/18000, time remaining: 16m 7s
Rendered 10004/18000, time remaining: 16m 5s
Rendered 10005/18000, time remaining: 16m 5s
Rendered 10006/18000, time remaining: 16m 7s
Rendered 10007/18000, time remaining: 16m 5s
Rendered 10008/18000, time remaining: 16m 3s
Rendered 10009/18000, time remaining: 16m 4s
Rendered 10010/18000, time remaining: 16m 3s
Rendered 10011/18000, time remaining: 16m 2s
Rendered 10012/18000, time remaining: 15m 59s
Rendered 10013/18000, time remaining: 16m 4s
Rendered 10014/18000, time remaining: 16m 5s
Rendered 10015/18000, time remaining: 16m 7s
Rendered 10016/18000, time remaining: 16m 9s
Rendered 10017/18000, time remaining: 16m 1s
Rendered 10018/18000, time remaining: 15m 58s
Rendered 10019/18000, time remaining: 16m 2s
Rendered 10020/18000, time remaining: 16m 8s
Rendered 10021/18000, time remaining: 16m 8s
Rendered 10022/18000, time remaining: 16m 2s
Rendered 10023/18000, time remaining: 16m 9s
Rendered 10024/18000, time remaining: 16m 19s
Rendered 10025/18000, time remaining: 16m 16s
Rendered 10026/18000, time remaining: 16m 7s
Rendered 10027/18000, time remaining: 16m 9s
Rendered 10028/18000, time remaining: 16m 20s
Rendered 10029/18000, time remaining: 16m 19s
Rendered 10030/18000, time remaining: 16m 9s
Rendered 10031/18000, time remaining: 16m 8s
Rendered 10032/18000, time remaining: 16m 12s
Rendered 10033/18000, time remaining: 16m 16s
Rendered 10034/18000, time remaining: 16m 6s
Rendered 10035/18000, time remaining: 16m 7s
Rendered 10036/18000, time remaining: 16m 10s
Rendered 10037/18000, time remaining: 16m 13s
Rendered 10038/18000, time remaining: 16m 1s
Rendered 10039/18000, time remaining: 16m 0s
Rendered 10040/18000, time remaining: 16m 3s
Rendered 10041/18000, time remaining: 15m 59s
Rendered 10042/18000, time remaining: 16m 0s
Rendered 10043/18000, time remaining: 15m 56s
Rendered 10044/18000, time remaining: 16m 0s
Rendered 10045/18000, time remaining: 15m 54s
Rendered 10046/18000, time remaining: 15m 59s
Rendered 10047/18000, time remaining: 15m 47s
Rendered 10048/18000, time remaining: 15m 51s
Rendered 10049/18000, time remaining: 15m 51s
Rendered 10050/18000, time remaining: 15m 55s
Rendered 10051/18000, time remaining: 15m 40s
Rendered 10052/18000, time remaining: 15m 42s
Rendered 10053/18000, time remaining: 15m 43s
Rendered 10054/18000, time remaining: 15m 48s
Rendered 10055/18000, time remaining: 15m 38s
Rendered 10056/18000, time remaining: 15m 39s
Rendered 10057/18000, time remaining: 15m 38s
Rendered 10058/18000, time remaining: 15m 43s
Rendered 10059/18000, time remaining: 15m 40s
Rendered 10060/18000, time remaining: 15m 34s
Rendered 10061/18000, time remaining: 15m 30s
Rendered 10062/18000, time remaining: 15m 33s
Rendered 10063/18000, time remaining: 15m 34s
Rendered 10064/18000, time remaining: 15m 32s
Rendered 10065/18000, time remaining: 15m 26s
Rendered 10066/18000, time remaining: 15m 30s
Rendered 10067/18000, time remaining: 15m 22s
Rendered 10068/18000, time remaining: 15m 18s
Rendered 10069/18000, time remaining: 15m 24s
Rendered 10070/18000, time remaining: 15m 22s
Rendered 10071/18000, time remaining: 15m 26s
Rendered 10072/18000, time remaining: 15m 11s
Rendered 10073/18000, time remaining: 15m 18s
Rendered 10074/18000, time remaining: 15m 15s
Rendered 10075/18000, time remaining: 15m 12s
Rendered 10076/18000, time remaining: 15m 9s
Rendered 10077/18000, time remaining: 15m 14s
Rendered 10078/18000, time remaining: 15m 16s
Rendered 10079/18000, time remaining: 15m 14s
Rendered 10080/18000, time remaining: 15m 9s
Rendered 10081/18000, time remaining: 15m 12s
Rendered 10082/18000, time remaining: 15m 16s
Rendered 10083/18000, time remaining: 15m 4s
Rendered 10084/18000, time remaining: 15m 7s
Rendered 10085/18000, time remaining: 15m 8s
Rendered 10086/18000, time remaining: 15m 9s
Rendered 10087/18000, time remaining: 14m 52s
Rendered 10088/18000, time remaining: 14m 58s
Rendered 10089/18000, time remaining: 14m 59s
Rendered 10090/18000, time remaining: 15m 0s
Rendered 10091/18000, time remaining: 14m 44s
Rendered 10092/18000, time remaining: 14m 40s
Rendered 10093/18000, time remaining: 14m 49s
Rendered 10094/18000, time remaining: 14m 53s
Rendered 10095/18000, time remaining: 14m 44s
Rendered 10096/18000, time remaining: 14m 34s
Rendered 10097/18000, time remaining: 14m 37s
Rendered 10098/18000, time remaining: 14m 38s
Rendered 10099/18000, time remaining: 14m 35s
Rendered 10100/18000, time remaining: 14m 34s
Rendered 10101/18000, time remaining: 14m 33s
Rendered 10102/18000, time remaining: 14m 32s
Rendered 10103/18000, time remaining: 14m 21s
Rendered 10104/18000, time remaining: 14m 22s
Rendered 10105/18000, time remaining: 14m 25s
Rendered 10106/18000, time remaining: 14m 30s
Rendered 10107/18000, time remaining: 14m 21s
Rendered 10108/18000, time remaining: 14m 12s
Rendered 10109/18000, time remaining: 14m 15s
Rendered 10110/18000, time remaining: 14m 19s
Rendered 10111/18000, time remaining: 14m 17s
Rendered 10112/18000, time remaining: 14m 13s
Rendered 10113/18000, time remaining: 14m 10s
Rendered 10114/18000, time remaining: 14m 10s
Rendered 10115/18000, time remaining: 14m 6s
Rendered 10116/18000, time remaining: 14m 5s
Rendered 10117/18000, time remaining: 14m 10s
Rendered 10118/18000, time remaining: 14m 14s
Rendered 10119/18000, time remaining: 13m 56s
Rendered 10120/18000, time remaining: 14m 0s
Rendered 10121/18000, time remaining: 14m 1s
Rendered 10122/18000, time remaining: 14m 7s
Rendered 10123/18000, time remaining: 13m 56s
Rendered 10124/18000, time remaining: 13m 58s
Rendered 10125/18000, time remaining: 13m 58s
Rendered 10126/18000, time remaining: 14m 1s
Rendered 10127/18000, time remaining: 13m 50s
Rendered 10128/18000, time remaining: 13m 54s
Rendered 10129/18000, time remaining: 13m 54s
Rendered 10130/18000, time remaining: 13m 58s
Rendered 10131/18000, time remaining: 13m 49s
Rendered 10132/18000, time remaining: 13m 49s
Rendered 10133/18000, time remaining: 13m 50s
Rendered 10134/18000, time remaining: 13m 52s
Rendered 10135/18000, time remaining: 13m 44s
Rendered 10136/18000, time remaining: 13m 44s
Rendered 10137/18000, time remaining: 13m 46s
Rendered 10138/18000, time remaining: 13m 49s
Rendered 10139/18000, time remaining: 13m 43s
Rendered 10140/18000, time remaining: 13m 43s
Rendered 10141/18000, time remaining: 13m 41s
Rendered 10142/18000, time remaining: 13m 43s
Rendered 10143/18000, time remaining: 13m 43s
Rendered 10144/18000, time remaining: 13m 40s
Rendered 10145/18000, time remaining: 13m 38s
Rendered 10146/18000, time remaining: 13m 36s
Rendered 10147/18000, time remaining: 13m 38s
Rendered 10148/18000, time remaining: 13m 38s
Rendered 10149/18000, time remaining: 13m 26s
Rendered 10150/18000, time remaining: 13m 31s
Rendered 10151/18000, time remaining: 13m 28s
Rendered 10152/18000, time remaining: 13m 33s
Rendered 10153/18000, time remaining: 13m 22s
Rendered 10154/18000, time remaining: 13m 28s
Rendered 10155/18000, time remaining: 13m 25s
Rendered 10156/18000, time remaining: 13m 31s
Rendered 10157/18000, time remaining: 13m 19s
Rendered 10158/18000, time remaining: 13m 22s
Rendered 10159/18000, time remaining: 13m 19s
Rendered 10160/18000, time remaining: 13m 23s
Rendered 10161/18000, time remaining: 13m 16s
Rendered 10162/18000, time remaining: 13m 22s
Rendered 10163/18000, time remaining: 13m 18s
Rendered 10164/18000, time remaining: 13m 17s
Rendered 10165/18000, time remaining: 13m 16s
Rendered 10166/18000, time remaining: 13m 13s
Rendered 10167/18000, time remaining: 13m 14s
Rendered 10168/18000, time remaining: 13m 17s
Rendered 10169/18000, time remaining: 13m 18s
Rendered 10170/18000, time remaining: 13m 10s
Rendered 10171/18000, time remaining: 13m 11s
Rendered 10172/18000, time remaining: 13m 7s
Rendered 10173/18000, time remaining: 13m 8s
Rendered 10174/18000, time remaining: 12m 58s
Rendered 10175/18000, time remaining: 13m 3s
Rendered 10176/18000, time remaining: 12m 59s
Rendered 10177/18000, time remaining: 13m 3s
Rendered 10178/18000, time remaining: 12m 52s
Rendered 10179/18000, time remaining: 12m 52s
Rendered 10180/18000, time remaining: 12m 56s
Rendered 10181/18000, time remaining: 13m 0s
Rendered 10182/18000, time remaining: 12m 56s
Rendered 10183/18000, time remaining: 12m 55s
Rendered 10184/18000, time remaining: 12m 51s
Rendered 10185/18000, time remaining: 12m 57s
Rendered 10186/18000, time remaining: 12m 55s
Rendered 10187/18000, time remaining: 12m 57s
Rendered 10188/18000, time remaining: 12m 54s
Rendered 10189/18000, time remaining: 12m 56s
Rendered 10190/18000, time remaining: 12m 56s
Rendered 10191/18000, time remaining: 12m 56s
Rendered 10192/18000, time remaining: 12m 53s
Rendered 10193/18000, time remaining: 12m 54s
Rendered 10194/18000, time remaining: 12m 55s
Rendered 10195/18000, time remaining: 12m 59s
Rendered 10196/18000, time remaining: 12m 56s
Rendered 10197/18000, time remaining: 12m 58s
Rendered 10198/18000, time remaining: 12m 58s
Rendered 10199/18000, time remaining: 13m 0s
Rendered 10200/18000, time remaining: 12m 56s
Rendered 10201/18000, time remaining: 13m 1s
Rendered 10202/18000, time remaining: 12m 56s
Rendered 10203/18000, time remaining: 12m 57s
Rendered 10204/18000, time remaining: 12m 57s
Rendered 10205/18000, time remaining: 12m 58s
Rendered 10206/18000, time remaining: 12m 58s
Rendered 10207/18000, time remaining: 12m 57s
Rendered 10208/18000, time remaining: 12m 56s
Rendered 10209/18000, time remaining: 12m 55s
Rendered 10210/18000, time remaining: 12m 55s
Rendered 10211/18000, time remaining: 12m 55s
Rendered 10212/18000, time remaining: 12m 54s
Rendered 10213/18000, time remaining: 12m 51s
Rendered 10214/18000, time remaining: 12m 53s
Rendered 10215/18000, time remaining: 12m 52s
Rendered 10216/18000, time remaining: 12m 54s
Rendered 10217/18000, time remaining: 12m 50s
Rendered 10218/18000, time remaining: 12m 53s
Rendered 10219/18000, time remaining: 12m 51s
Rendered 10220/18000, time remaining: 12m 51s
Rendered 10221/18000, time remaining: 12m 49s
Rendered 10222/18000, time remaining: 12m 50s
Rendered 10223/18000, time remaining: 12m 48s
Rendered 10224/18000, time remaining: 12m 49s
Rendered 10225/18000, time remaining: 12m 48s
Rendered 10226/18000, time remaining: 12m 48s
Rendered 10227/18000, time remaining: 12m 48s
Rendered 10228/18000, time remaining: 12m 45s
Rendered 10229/18000, time remaining: 12m 42s
Rendered 10230/18000, time remaining: 12m 42s
Rendered 10231/18000, time remaining: 12m 45s
Rendered 10232/18000, time remaining: 12m 41s
Rendered 10233/18000, time remaining: 12m 40s
Rendered 10234/18000, time remaining: 12m 36s
Rendered 10235/18000, time remaining: 12m 42s
Rendered 10236/18000, time remaining: 12m 39s
Rendered 10237/18000, time remaining: 12m 41s
Rendered 10238/18000, time remaining: 12m 34s
Rendered 10239/18000, time remaining: 12m 33s
Rendered 10240/18000, time remaining: 12m 33s
Rendered 10241/18000, time remaining: 12m 34s
Rendered 10242/18000, time remaining: 12m 40s
Rendered 10243/18000, time remaining: 12m 33s
Rendered 10244/18000, time remaining: 12m 29s
Rendered 10245/18000, time remaining: 12m 29s
Rendered 10246/18000, time remaining: 12m 31s
Rendered 10247/18000, time remaining: 12m 29s
Rendered 10248/18000, time remaining: 12m 26s
Rendered 10249/18000, time remaining: 12m 26s
Rendered 10250/18000, time remaining: 12m 27s
Rendered 10251/18000, time remaining: 12m 26s
Rendered 10252/18000, time remaining: 12m 29s
Rendered 10253/18000, time remaining: 12m 28s
Rendered 10254/18000, time remaining: 12m 25s
Rendered 10255/18000, time remaining: 12m 24s
Rendered 10256/18000, time remaining: 12m 22s
Rendered 10257/18000, time remaining: 12m 25s
Rendered 10258/18000, time remaining: 12m 24s
Rendered 10259/18000, time remaining: 12m 22s
Rendered 10260/18000, time remaining: 12m 19s
Rendered 10261/18000, time remaining: 12m 22s
Rendered 10262/18000, time remaining: 12m 19s
Rendered 10263/18000, time remaining: 12m 22s
Rendered 10264/18000, time remaining: 12m 20s
Rendered 10265/18000, time remaining: 12m 21s
Rendered 10266/18000, time remaining: 12m 19s
Rendered 10267/18000, time remaining: 12m 20s
Rendered 10268/18000, time remaining: 12m 11s
Rendered 10269/18000, time remaining: 12m 16s
Rendered 10270/18000, time remaining: 12m 13s
Rendered 10271/18000, time remaining: 12m 16s
Rendered 10272/18000, time remaining: 12m 13s
Rendered 10273/18000, time remaining: 12m 14s
Rendered 10274/18000, time remaining: 12m 10s
Rendered 10275/18000, time remaining: 12m 13s
Rendered 10276/18000, time remaining: 12m 13s
Rendered 10277/18000, time remaining: 12m 14s
Rendered 10278/18000, time remaining: 12m 15s
Rendered 10279/18000, time remaining: 12m 14s
Rendered 10280/18000, time remaining: 12m 13s
Rendered 10281/18000, time remaining: 12m 9s
Rendered 10282/18000, time remaining: 12m 13s
Rendered 10283/18000, time remaining: 12m 8s
Rendered 10284/18000, time remaining: 12m 13s
Rendered 10285/18000, time remaining: 12m 7s
Rendered 10286/18000, time remaining: 12m 10s
Rendered 10287/18000, time remaining: 12m 6s
Rendered 10288/18000, time remaining: 12m 9s
Rendered 10289/18000, time remaining: 12m 5s
Rendered 10290/18000, time remaining: 12m 10s
Rendered 10291/18000, time remaining: 12m 7s
Rendered 10292/18000, time remaining: 13m 7s
Rendered 10293/18000, time remaining: 13m 6s
Rendered 10294/18000, time remaining: 13m 5s
Rendered 10295/18000, time remaining: 13m 6s
Rendered 10296/18000, time remaining: 13m 58s
Rendered 10297/18000, time remaining: 13m 56s
Rendered 10298/18000, time remaining: 13m 56s
Rendered 10299/18000, time remaining: 14m 1s
Rendered 10300/18000, time remaining: 13m 59s
Rendered 10301/18000, time remaining: 13m 58s
Rendered 10302/18000, time remaining: 13m 59s
Rendered 10303/18000, time remaining: 14m 0s
Rendered 10304/18000, time remaining: 14m 0s
Rendered 10305/18000, time remaining: 14m 3s
Rendered 10306/18000, time remaining: 13m 58s
Rendered 10307/18000, time remaining: 14m 0s
Rendered 10308/18000, time remaining: 14m 2s
Rendered 10309/18000, time remaining: 14m 3s
Rendered 10310/18000, time remaining: 14m 2s
Rendered 10311/18000, time remaining: 14m 11s
Rendered 10312/18000, time remaining: 14m 6s
Rendered 10313/18000, time remaining: 14m 12s
Rendered 10314/18000, time remaining: 14m 11s
Rendered 10315/18000, time remaining: 14m 13s
Rendered 10316/18000, time remaining: 14m 17s
Rendered 10317/18000, time remaining: 14m 27s
Rendered 10318/18000, time remaining: 14m 23s
Rendered 10319/18000, time remaining: 14m 17s
Rendered 10320/18000, time remaining: 14m 19s
Rendered 10321/18000, time remaining: 14m 22s
Rendered 10322/18000, time remaining: 14m 30s
Rendered 10323/18000, time remaining: 14m 22s
Rendered 10324/18000, time remaining: 14m 21s
Rendered 10325/18000, time remaining: 14m 20s
Rendered 10326/18000, time remaining: 14m 33s
Rendered 10327/18000, time remaining: 14m 29s
Rendered 10328/18000, time remaining: 14m 29s
Rendered 10329/18000, time remaining: 14m 26s
Rendered 10330/18000, time remaining: 14m 43s
Rendered 10331/18000, time remaining: 14m 41s
Rendered 10332/18000, time remaining: 14m 41s
Rendered 10333/18000, time remaining: 14m 36s
Rendered 10334/18000, time remaining: 14m 53s
Rendered 10335/18000, time remaining: 14m 48s
Rendered 10336/18000, time remaining: 14m 48s
Rendered 10337/18000, time remaining: 14m 43s
Rendered 10338/18000, time remaining: 14m 56s
Rendered 10339/18000, time remaining: 14m 57s
Rendered 10340/18000, time remaining: 14m 56s
Rendered 10341/18000, time remaining: 14m 53s
Rendered 10342/18000, time remaining: 14m 59s
Rendered 10343/18000, time remaining: 15m 3s
Rendered 10344/18000, time remaining: 15m 2s
Rendered 10345/18000, time remaining: 15m 8s
Rendered 10346/18000, time remaining: 15m 8s
Rendered 10347/18000, time remaining: 15m 8s
Rendered 10348/18000, time remaining: 15m 20s
Rendered 10349/18000, time remaining: 15m 17s
Rendered 10350/18000, time remaining: 15m 18s
Rendered 10351/18000, time remaining: 15m 17s
Rendered 10352/18000, time remaining: 15m 27s
Rendered 10353/18000, time remaining: 15m 24s
Rendered 10354/18000, time remaining: 15m 20s
Rendered 10355/18000, time remaining: 15m 20s
Rendered 10356/18000, time remaining: 15m 29s
Rendered 10357/18000, time remaining: 15m 31s
Rendered 10358/18000, time remaining: 15m 27s
Rendered 10359/18000, time remaining: 15m 29s
Rendered 10360/18000, time remaining: 15m 34s
Rendered 10361/18000, time remaining: 15m 33s
Rendered 10362/18000, time remaining: 15m 32s
Rendered 10363/18000, time remaining: 15m 35s
Rendered 10364/18000, time remaining: 15m 40s
Rendered 10365/18000, time remaining: 15m 39s
Rendered 10366/18000, time remaining: 15m 34s
Rendered 10367/18000, time remaining: 15m 37s
Rendered 10368/18000, time remaining: 15m 40s
Rendered 10369/18000, time remaining: 15m 42s
Rendered 10370/18000, time remaining: 15m 45s
Rendered 10371/18000, time remaining: 15m 40s
Rendered 10372/18000, time remaining: 15m 46s
Rendered 10373/18000, time remaining: 15m 46s
Rendered 10374/18000, time remaining: 15m 50s
Rendered 10375/18000, time remaining: 15m 46s
Rendered 10376/18000, time remaining: 15m 57s
Rendered 10377/18000, time remaining: 15m 56s
Rendered 10378/18000, time remaining: 15m 54s
Rendered 10379/18000, time remaining: 15m 52s
Rendered 10380/18000, time remaining: 16m 0s
Rendered 10381/18000, time remaining: 16m 0s
Rendered 10382/18000, time remaining: 16m 4s
Rendered 10383/18000, time remaining: 16m 0s
Rendered 10384/18000, time remaining: 16m 3s
Rendered 10385/18000, time remaining: 16m 4s
Rendered 10386/18000, time remaining: 16m 11s
Rendered 10387/18000, time remaining: 16m 7s
Rendered 10388/18000, time remaining: 16m 8s
Rendered 10389/18000, time remaining: 16m 8s
Rendered 10390/18000, time remaining: 16m 13s
Rendered 10391/18000, time remaining: 16m 14s
Rendered 10392/18000, time remaining: 16m 9s
Rendered 10393/18000, time remaining: 16m 9s
Rendered 10394/18000, time remaining: 16m 7s
Rendered 10395/18000, time remaining: 16m 17s
Rendered 10396/18000, time remaining: 16m 16s
Rendered 10397/18000, time remaining: 16m 15s
Rendered 10398/18000, time remaining: 16m 14s
Rendered 10399/18000, time remaining: 16m 16s
Rendered 10400/18000, time remaining: 16m 20s
Rendered 10401/18000, time remaining: 16m 23s
Rendered 10402/18000, time remaining: 16m 18s
Rendered 10403/18000, time remaining: 16m 20s
Rendered 10404/18000, time remaining: 16m 22s
Rendered 10405/18000, time remaining: 16m 27s
Rendered 10406/18000, time remaining: 16m 24s
Rendered 10407/18000, time remaining: 16m 25s
Rendered 10408/18000, time remaining: 16m 21s
Rendered 10409/18000, time remaining: 16m 32s
Rendered 10410/18000, time remaining: 16m 28s
Rendered 10411/18000, time remaining: 16m 28s
Rendered 10412/18000, time remaining: 16m 27s
Rendered 10413/18000, time remaining: 16m 35s
Rendered 10414/18000, time remaining: 16m 30s
Rendered 10415/18000, time remaining: 16m 29s
Rendered 10416/18000, time remaining: 16m 29s
Rendered 10417/18000, time remaining: 16m 36s
Rendered 10418/18000, time remaining: 16m 36s
Rendered 10419/18000, time remaining: 16m 36s
Rendered 10420/18000, time remaining: 16m 34s
Rendered 10421/18000, time remaining: 16m 44s
Rendered 10422/18000, time remaining: 16m 43s
Rendered 10423/18000, time remaining: 16m 40s
Rendered 10424/18000, time remaining: 16m 39s
Rendered 10425/18000, time remaining: 16m 48s
Rendered 10426/18000, time remaining: 16m 48s
Rendered 10427/18000, time remaining: 16m 44s
Rendered 10428/18000, time remaining: 16m 40s
Rendered 10429/18000, time remaining: 16m 51s
Rendered 10430/18000, time remaining: 16m 54s
Rendered 10431/18000, time remaining: 16m 52s
Rendered 10432/18000, time remaining: 16m 50s
Rendered 10433/18000, time remaining: 16m 52s
Rendered 10434/18000, time remaining: 16m 55s
Rendered 10435/18000, time remaining: 16m 58s
Rendered 10436/18000, time remaining: 16m 55s
Rendered 10437/18000, time remaining: 16m 58s
Rendered 10438/18000, time remaining: 16m 57s
Rendered 10439/18000, time remaining: 17m 6s
Rendered 10440/18000, time remaining: 17m 0s
Rendered 10441/18000, time remaining: 16m 59s
Rendered 10442/18000, time remaining: 16m 4s
Rendered 10443/18000, time remaining: 16m 9s
Rendered 10444/18000, time remaining: 16m 9s
Rendered 10445/18000, time remaining: 16m 4s
Rendered 10446/18000, time remaining: 15m 17s
Rendered 10447/18000, time remaining: 15m 18s
Rendered 10448/18000, time remaining: 15m 25s
Rendered 10449/18000, time remaining: 15m 21s
Rendered 10450/18000, time remaining: 15m 17s
Rendered 10451/18000, time remaining: 15m 22s
Rendered 10452/18000, time remaining: 15m 24s
Rendered 10453/18000, time remaining: 15m 25s
Rendered 10454/18000, time remaining: 15m 21s
Rendered 10455/18000, time remaining: 15m 18s
Rendered 10456/18000, time remaining: 15m 21s
Rendered 10457/18000, time remaining: 15m 22s
Rendered 10458/18000, time remaining: 15m 21s
Rendered 10459/18000, time remaining: 15m 23s
Rendered 10460/18000, time remaining: 15m 24s
Rendered 10461/18000, time remaining: 15m 17s
Rendered 10462/18000, time remaining: 15m 17s
Rendered 10463/18000, time remaining: 15m 11s
Rendered 10464/18000, time remaining: 15m 13s
Rendered 10465/18000, time remaining: 15m 11s
Rendered 10466/18000, time remaining: 15m 6s
Rendered 10467/18000, time remaining: 15m 3s
Rendered 10468/18000, time remaining: 15m 4s
Rendered 10469/18000, time remaining: 15m 6s
Rendered 10470/18000, time remaining: 15m 4s
Rendered 10471/18000, time remaining: 15m 1s
Rendered 10472/18000, time remaining: 15m 4s
Rendered 10473/18000, time remaining: 15m 3s
Rendered 10474/18000, time remaining: 15m 6s
Rendered 10475/18000, time remaining: 15m 8s
Rendered 10476/18000, time remaining: 15m 0s
Rendered 10477/18000, time remaining: 14m 59s
Rendered 10478/18000, time remaining: 15m 1s
Rendered 10479/18000, time remaining: 15m 10s
Rendered 10480/18000, time remaining: 14m 49s
Rendered 10481/18000, time remaining: 14m 48s
Rendered 10482/18000, time remaining: 14m 52s
Rendered 10483/18000, time remaining: 15m 2s
Rendered 10484/18000, time remaining: 14m 48s
Rendered 10485/18000, time remaining: 14m 43s
Rendered 10486/18000, time remaining: 14m 48s
Rendered 10487/18000, time remaining: 14m 52s
Rendered 10488/18000, time remaining: 14m 45s
Rendered 10489/18000, time remaining: 14m 40s
Rendered 10490/18000, time remaining: 14m 43s
Rendered 10491/18000, time remaining: 14m 45s
Rendered 10492/18000, time remaining: 14m 46s
Rendered 10493/18000, time remaining: 14m 39s
Rendered 10494/18000, time remaining: 14m 37s
Rendered 10495/18000, time remaining: 14m 27s
Rendered 10496/18000, time remaining: 14m 34s
Rendered 10497/18000, time remaining: 14m 33s
Rendered 10498/18000, time remaining: 14m 18s
Rendered 10499/18000, time remaining: 14m 20s
Rendered 10500/18000, time remaining: 14m 25s
Rendered 10501/18000, time remaining: 14m 24s
Rendered 10502/18000, time remaining: 14m 18s
Rendered 10503/18000, time remaining: 14m 20s
Rendered 10504/18000, time remaining: 14m 24s
Rendered 10505/18000, time remaining: 14m 20s
Rendered 10506/18000, time remaining: 14m 14s
Rendered 10507/18000, time remaining: 14m 15s
Rendered 10508/18000, time remaining: 14m 18s
Rendered 10509/18000, time remaining: 14m 13s
Rendered 10510/18000, time remaining: 14m 7s
Rendered 10511/18000, time remaining: 14m 9s
Rendered 10512/18000, time remaining: 14m 17s
Rendered 10513/18000, time remaining: 14m 15s
Rendered 10514/18000, time remaining: 14m 6s
Rendered 10515/18000, time remaining: 14m 6s
Rendered 10516/18000, time remaining: 14m 13s
Rendered 10517/18000, time remaining: 14m 12s
Rendered 10518/18000, time remaining: 14m 7s
Rendered 10519/18000, time remaining: 14m 4s
Rendered 10520/18000, time remaining: 14m 3s
Rendered 10521/18000, time remaining: 14m 5s
Rendered 10522/18000, time remaining: 14m 6s
Rendered 10523/18000, time remaining: 14m 7s
Rendered 10524/18000, time remaining: 14m 4s
Rendered 10525/18000, time remaining: 14m 2s
Rendered 10526/18000, time remaining: 13m 55s
Rendered 10527/18000, time remaining: 13m 57s
Rendered 10528/18000, time remaining: 14m 2s
Rendered 10529/18000, time remaining: 14m 1s
Rendered 10530/18000, time remaining: 13m 53s
Rendered 10531/18000, time remaining: 13m 52s
Rendered 10532/18000, time remaining: 13m 54s
Rendered 10533/18000, time remaining: 13m 55s
Rendered 10534/18000, time remaining: 13m 52s
Rendered 10535/18000, time remaining: 13m 51s
Rendered 10536/18000, time remaining: 13m 49s
Rendered 10537/18000, time remaining: 13m 52s
Rendered 10538/18000, time remaining: 13m 52s
Rendered 10539/18000, time remaining: 13m 51s
Rendered 10540/18000, time remaining: 13m 52s
Rendered 10541/18000, time remaining: 13m 45s
Rendered 10542/18000, time remaining: 13m 48s
Rendered 10543/18000, time remaining: 13m 52s
Rendered 10544/18000, time remaining: 13m 54s
Rendered 10545/18000, time remaining: 13m 46s
Rendered 10546/18000, time remaining: 13m 50s
Rendered 10547/18000, time remaining: 13m 48s
Rendered 10548/18000, time remaining: 13m 50s
Rendered 10549/18000, time remaining: 13m 48s
Rendered 10550/18000, time remaining: 13m 46s
Rendered 10551/18000, time remaining: 13m 43s
Rendered 10552/18000, time remaining: 13m 47s
Rendered 10553/18000, time remaining: 13m 44s
Rendered 10554/18000, time remaining: 13m 40s
Rendered 10555/18000, time remaining: 13m 36s
Rendered 10556/18000, time remaining: 13m 43s
Rendered 10557/18000, time remaining: 13m 42s
Rendered 10558/18000, time remaining: 13m 42s
Rendered 10559/18000, time remaining: 13m 31s
Rendered 10560/18000, time remaining: 13m 38s
Rendered 10561/18000, time remaining: 13m 40s
Rendered 10562/18000, time remaining: 13m 44s
Rendered 10563/18000, time remaining: 13m 35s
Rendered 10564/18000, time remaining: 13m 45s
Rendered 10565/18000, time remaining: 13m 45s
Rendered 10566/18000, time remaining: 13m 48s
Rendered 10567/18000, time remaining: 13m 38s
Rendered 10568/18000, time remaining: 13m 48s
Rendered 10569/18000, time remaining: 13m 43s
Rendered 10570/18000, time remaining: 13m 43s
Rendered 10571/18000, time remaining: 13m 28s
Rendered 10572/18000, time remaining: 13m 39s
Rendered 10573/18000, time remaining: 13m 40s
Rendered 10574/18000, time remaining: 13m 41s
Rendered 10575/18000, time remaining: 13m 30s
Rendered 10576/18000, time remaining: 13m 31s
Rendered 10577/18000, time remaining: 13m 34s
Rendered 10578/18000, time remaining: 13m 34s
Rendered 10579/18000, time remaining: 13m 23s
Rendered 10580/18000, time remaining: 13m 17s
Rendered 10581/18000, time remaining: 13m 25s
Rendered 10582/18000, time remaining: 13m 24s
Rendered 10583/18000, time remaining: 13m 24s
Rendered 10584/18000, time remaining: 13m 15s
Rendered 10585/18000, time remaining: 13m 17s
Rendered 10586/18000, time remaining: 13m 18s
Rendered 10587/18000, time remaining: 13m 17s
Rendered 10588/18000, time remaining: 13m 12s
Rendered 10589/18000, time remaining: 13m 6s
Rendered 10590/18000, time remaining: 13m 9s
Rendered 10591/18000, time remaining: 13m 13s
Rendered 10592/18000, time remaining: 13m 6s
Rendered 10593/18000, time remaining: 13m 5s
Rendered 10594/18000, time remaining: 13m 5s
Rendered 10595/18000, time remaining: 13m 7s
Rendered 10596/18000, time remaining: 13m 6s
Rendered 10597/18000, time remaining: 13m 5s
Rendered 10598/18000, time remaining: 12m 58s
Rendered 10599/18000, time remaining: 12m 58s
Rendered 10600/18000, time remaining: 13m 0s
Rendered 10601/18000, time remaining: 12m 58s
Rendered 10602/18000, time remaining: 12m 56s
Rendered 10603/18000, time remaining: 12m 56s
Rendered 10604/18000, time remaining: 12m 53s
Rendered 10605/18000, time remaining: 12m 55s
Rendered 10606/18000, time remaining: 12m 58s
Rendered 10607/18000, time remaining: 12m 58s
Rendered 10608/18000, time remaining: 12m 51s
Rendered 10609/18000, time remaining: 12m 51s
Rendered 10610/18000, time remaining: 12m 49s
Rendered 10611/18000, time remaining: 12m 53s
Rendered 10612/18000, time remaining: 12m 50s
Rendered 10613/18000, time remaining: 12m 49s
Rendered 10614/18000, time remaining: 12m 46s
Rendered 10615/18000, time remaining: 12m 47s
Rendered 10616/18000, time remaining: 12m 49s
Rendered 10617/18000, time remaining: 12m 44s
Rendered 10618/18000, time remaining: 12m 44s
Rendered 10619/18000, time remaining: 12m 45s
Rendered 10620/18000, time remaining: 12m 44s
Rendered 10621/18000, time remaining: 12m 43s
Rendered 10622/18000, time remaining: 12m 38s
Rendered 10623/18000, time remaining: 12m 41s
Rendered 10624/18000, time remaining: 12m 40s
Rendered 10625/18000, time remaining: 12m 33s
Rendered 10626/18000, time remaining: 12m 33s
Rendered 10627/18000, time remaining: 12m 36s
Rendered 10628/18000, time remaining: 12m 37s
Rendered 10629/18000, time remaining: 12m 28s
Rendered 10630/18000, time remaining: 12m 29s
Rendered 10631/18000, time remaining: 12m 30s
Rendered 10632/18000, time remaining: 12m 34s
Rendered 10633/18000, time remaining: 12m 25s
Rendered 10634/18000, time remaining: 12m 23s
Rendered 10635/18000, time remaining: 12m 25s
Rendered 10636/18000, time remaining: 12m 26s
Rendered 10637/18000, time remaining: 12m 26s
Rendered 10638/18000, time remaining: 12m 21s
Rendered 10639/18000, time remaining: 12m 20s
Rendered 10640/18000, time remaining: 12m 23s
Rendered 10641/18000, time remaining: 12m 20s
Rendered 10642/18000, time remaining: 12m 16s
Rendered 10643/18000, time remaining: 12m 14s
Rendered 10644/18000, time remaining: 12m 22s
Rendered 10645/18000, time remaining: 12m 22s
Rendered 10646/18000, time remaining: 12m 14s
Rendered 10647/18000, time remaining: 12m 15s
Rendered 10648/18000, time remaining: 12m 17s
Rendered 10649/18000, time remaining: 12m 19s
Rendered 10650/18000, time remaining: 12m 13s
Rendered 10651/18000, time remaining: 12m 11s
Rendered 10652/18000, time remaining: 12m 10s
Rendered 10653/18000, time remaining: 12m 11s
Rendered 10654/18000, time remaining: 12m 13s
Rendered 10655/18000, time remaining: 12m 15s
Rendered 10656/18000, time remaining: 12m 8s
Rendered 10657/18000, time remaining: 12m 7s
Rendered 10658/18000, time remaining: 12m 10s
Rendered 10659/18000, time remaining: 12m 14s
Rendered 10660/18000, time remaining: 12m 13s
Rendered 10661/18000, time remaining: 12m 8s
Rendered 10662/18000, time remaining: 12m 1s
Rendered 10663/18000, time remaining: 12m 6s
Rendered 10664/18000, time remaining: 12m 9s
Rendered 10665/18000, time remaining: 12m 5s
Rendered 10666/18000, time remaining: 11m 59s
Rendered 10667/18000, time remaining: 12m 8s
Rendered 10668/18000, time remaining: 12m 8s
Rendered 10669/18000, time remaining: 12m 6s
Rendered 10670/18000, time remaining: 12m 5s
Rendered 10671/18000, time remaining: 12m 7s
Rendered 10672/18000, time remaining: 12m 7s
Rendered 10673/18000, time remaining: 12m 4s
Rendered 10674/18000, time remaining: 12m 1s
Rendered 10675/18000, time remaining: 12m 4s
Rendered 10676/18000, time remaining: 12m 5s
Rendered 10677/18000, time remaining: 12m 3s
Rendered 10678/18000, time remaining: 11m 59s
Rendered 10679/18000, time remaining: 11m 58s
Rendered 10680/18000, time remaining: 12m 3s
Rendered 10681/18000, time remaining: 12m 0s
Rendered 10682/18000, time remaining: 11m 56s
Rendered 10683/18000, time remaining: 11m 55s
Rendered 10684/18000, time remaining: 12m 1s
Rendered 10685/18000, time remaining: 11m 57s
Rendered 10686/18000, time remaining: 11m 54s
Rendered 10687/18000, time remaining: 11m 51s
Rendered 10688/18000, time remaining: 11m 57s
Rendered 10689/18000, time remaining: 11m 57s
Rendered 10690/18000, time remaining: 11m 52s
Rendered 10691/18000, time remaining: 11m 50s
Rendered 10692/18000, time remaining: 11m 51s
Rendered 10693/18000, time remaining: 11m 55s
Rendered 10694/18000, time remaining: 11m 55s
Rendered 10695/18000, time remaining: 11m 50s
Rendered 10696/18000, time remaining: 11m 43s
Rendered 10697/18000, time remaining: 11m 54s
Rendered 10698/18000, time remaining: 11m 53s
Rendered 10699/18000, time remaining: 11m 52s
Rendered 10700/18000, time remaining: 11m 47s
Rendered 10701/18000, time remaining: 11m 47s
Rendered 10702/18000, time remaining: 11m 48s
Rendered 10703/18000, time remaining: 11m 50s
Rendered 10704/18000, time remaining: 11m 53s
Rendered 10705/18000, time remaining: 11m 49s
Rendered 10706/18000, time remaining: 11m 46s
Rendered 10707/18000, time remaining: 11m 46s
Rendered 10708/18000, time remaining: 11m 48s
Rendered 10709/18000, time remaining: 11m 48s
Rendered 10710/18000, time remaining: 11m 44s
Rendered 10711/18000, time remaining: 11m 41s
Rendered 10712/18000, time remaining: 11m 38s
Rendered 10713/18000, time remaining: 11m 38s
Rendered 10714/18000, time remaining: 11m 34s
Rendered 10715/18000, time remaining: 11m 35s
Rendered 10716/18000, time remaining: 11m 32s
Rendered 10717/18000, time remaining: 11m 31s
Rendered 10718/18000, time remaining: 11m 30s
Rendered 10719/18000, time remaining: 11m 33s
Rendered 10720/18000, time remaining: 11m 33s
Rendered 10721/18000, time remaining: 11m 34s
Rendered 10722/18000, time remaining: 11m 34s
Rendered 10723/18000, time remaining: 11m 35s
Rendered 10724/18000, time remaining: 11m 34s
Rendered 10725/18000, time remaining: 11m 31s
Rendered 10726/18000, time remaining: 11m 42s
Rendered 10727/18000, time remaining: 11m 38s
Rendered 10728/18000, time remaining: 11m 41s
Rendered 10729/18000, time remaining: 11m 38s
Rendered 10730/18000, time remaining: 11m 50s
Rendered 10731/18000, time remaining: 11m 43s
Rendered 10732/18000, time remaining: 11m 42s
Rendered 10733/18000, time remaining: 11m 40s
Rendered 10734/18000, time remaining: 11m 49s
Rendered 10735/18000, time remaining: 11m 51s
Rendered 10736/18000, time remaining: 11m 51s
Rendered 10737/18000, time remaining: 11m 49s
Rendered 10738/18000, time remaining: 11m 54s
Rendered 10739/18000, time remaining: 11m 55s
Rendered 10740/18000, time remaining: 11m 58s
Rendered 10741/18000, time remaining: 11m 56s
Rendered 10742/18000, time remaining: 11m 57s
Rendered 10743/18000, time remaining: 11m 54s
Rendered 10744/18000, time remaining: 11m 59s
Rendered 10745/18000, time remaining: 12m 1s
Rendered 10746/18000, time remaining: 11m 56s
Rendered 10747/18000, time remaining: 11m 56s
Rendered 10748/18000, time remaining: 11m 57s
Rendered 10749/18000, time remaining: 12m 6s
Rendered 10750/18000, time remaining: 12m 6s
Rendered 10751/18000, time remaining: 12m 2s
Rendered 10752/18000, time remaining: 11m 57s
Rendered 10753/18000, time remaining: 12m 7s
Rendered 10754/18000, time remaining: 12m 9s
Rendered 10755/18000, time remaining: 12m 7s
Rendered 10756/18000, time remaining: 12m 3s
Rendered 10757/18000, time remaining: 12m 7s
Rendered 10758/18000, time remaining: 12m 9s
Rendered 10759/18000, time remaining: 12m 8s
Rendered 10760/18000, time remaining: 12m 6s
Rendered 10761/18000, time remaining: 12m 7s
Rendered 10762/18000, time remaining: 12m 7s
Rendered 10763/18000, time remaining: 12m 6s
Rendered 10764/18000, time remaining: 12m 4s
Rendered 10765/18000, time remaining: 12m 14s
Rendered 10766/18000, time remaining: 12m 9s
Rendered 10767/18000, time remaining: 12m 10s
Rendered 10768/18000, time remaining: 12m 5s
Rendered 10769/18000, time remaining: 12m 16s
Rendered 10770/18000, time remaining: 12m 15s
Rendered 10771/18000, time remaining: 12m 13s
Rendered 10772/18000, time remaining: 12m 8s
Rendered 10773/18000, time remaining: 12m 18s
Rendered 10774/18000, time remaining: 12m 16s
Rendered 10775/18000, time remaining: 12m 16s
Rendered 10776/18000, time remaining: 12m 15s
Rendered 10777/18000, time remaining: 12m 23s
Rendered 10778/18000, time remaining: 12m 18s
Rendered 10779/18000, time remaining: 12m 19s
Rendered 10780/18000, time remaining: 12m 16s
Rendered 10781/18000, time remaining: 12m 28s
Rendered 10782/18000, time remaining: 12m 21s
Rendered 10783/18000, time remaining: 12m 21s
Rendered 10784/18000, time remaining: 12m 21s
Rendered 10785/18000, time remaining: 12m 21s
Rendered 10786/18000, time remaining: 12m 26s
Rendered 10787/18000, time remaining: 12m 22s
Rendered 10788/18000, time remaining: 12m 20s
Rendered 10789/18000, time remaining: 12m 20s
Rendered 10790/18000, time remaining: 12m 25s
Rendered 10791/18000, time remaining: 12m 26s
Rendered 10792/18000, time remaining: 12m 23s
Rendered 10793/18000, time remaining: 12m 24s
Rendered 10794/18000, time remaining: 12m 24s
Rendered 10795/18000, time remaining: 12m 26s
Rendered 10796/18000, time remaining: 12m 24s
Rendered 10797/18000, time remaining: 12m 23s
Rendered 10798/18000, time remaining: 12m 21s
Rendered 10799/18000, time remaining: 12m 22s
Rendered 10800/18000, time remaining: 12m 22s
Rendered 10801/18000, time remaining: 12m 22s
Rendered 10802/18000, time remaining: 12m 22s
Rendered 10803/18000, time remaining: 12m 23s
Rendered 10804/18000, time remaining: 12m 17s
Rendered 10805/18000, time remaining: 12m 18s
Rendered 10806/18000, time remaining: 12m 23s
Rendered 10807/18000, time remaining: 12m 24s
Rendered 10808/18000, time remaining: 12m 18s
Rendered 10809/18000, time remaining: 12m 14s
Rendered 10810/18000, time remaining: 12m 17s
Rendered 10811/18000, time remaining: 12m 26s
Rendered 10812/18000, time remaining: 12m 25s
Rendered 10813/18000, time remaining: 12m 20s
Rendered 10814/18000, time remaining: 12m 17s
Rendered 10815/18000, time remaining: 12m 20s
Rendered 10816/18000, time remaining: 12m 24s
Rendered 10817/18000, time remaining: 12m 15s
Rendered 10818/18000, time remaining: 12m 13s
Rendered 10819/18000, time remaining: 12m 20s
Rendered 10820/18000, time remaining: 12m 18s
Rendered 10821/18000, time remaining: 12m 15s
Rendered 10822/18000, time remaining: 12m 8s
Rendered 10823/18000, time remaining: 12m 13s
Rendered 10824/18000, time remaining: 12m 16s
Rendered 10825/18000, time remaining: 12m 15s
Rendered 10826/18000, time remaining: 12m 11s
Rendered 10827/18000, time remaining: 12m 13s
Rendered 10828/18000, time remaining: 12m 16s
Rendered 10829/18000, time remaining: 12m 14s
Rendered 10830/18000, time remaining: 12m 12s
Rendered 10831/18000, time remaining: 12m 10s
Rendered 10832/18000, time remaining: 12m 19s
Rendered 10833/18000, time remaining: 12m 20s
Rendered 10834/18000, time remaining: 12m 17s
Rendered 10835/18000, time remaining: 12m 22s
Rendered 10836/18000, time remaining: 12m 23s
Rendered 10837/18000, time remaining: 12m 25s
Rendered 10838/18000, time remaining: 12m 19s
Rendered 10839/18000, time remaining: 12m 20s
Rendered 10840/18000, time remaining: 12m 21s
Rendered 10841/18000, time remaining: 12m 22s
Rendered 10842/18000, time remaining: 12m 22s
Rendered 10843/18000, time remaining: 12m 14s
Rendered 10844/18000, time remaining: 12m 16s
Rendered 10845/18000, time remaining: 12m 19s
Rendered 10846/18000, time remaining: 12m 19s
Rendered 10847/18000, time remaining: 12m 10s
Rendered 10848/18000, time remaining: 12m 14s
Rendered 10849/18000, time remaining: 12m 14s
Rendered 10850/18000, time remaining: 12m 15s
Rendered 10851/18000, time remaining: 12m 12s
Rendered 10852/18000, time remaining: 12m 9s
Rendered 10853/18000, time remaining: 12m 15s
Rendered 10854/18000, time remaining: 12m 13s
Rendered 10855/18000, time remaining: 12m 14s
Rendered 10856/18000, time remaining: 12m 10s
Rendered 10857/18000, time remaining: 12m 16s
Rendered 10858/18000, time remaining: 12m 15s
Rendered 10859/18000, time remaining: 12m 13s
Rendered 10860/18000, time remaining: 12m 10s
Rendered 10861/18000, time remaining: 12m 10s
Rendered 10862/18000, time remaining: 12m 19s
Rendered 10863/18000, time remaining: 12m 18s
Rendered 10864/18000, time remaining: 12m 13s
Rendered 10865/18000, time remaining: 12m 10s
Rendered 10866/18000, time remaining: 12m 13s
Rendered 10867/18000, time remaining: 12m 19s
Rendered 10868/18000, time remaining: 12m 12s
Rendered 10869/18000, time remaining: 12m 9s
Rendered 10870/18000, time remaining: 12m 11s
Rendered 10871/18000, time remaining: 12m 17s
Rendered 10872/18000, time remaining: 12m 5s
Rendered 10873/18000, time remaining: 12m 5s
Rendered 10874/18000, time remaining: 12m 5s
Rendered 10875/18000, time remaining: 12m 8s
Rendered 10876/18000, time remaining: 11m 57s
Rendered 10877/18000, time remaining: 11m 59s
Rendered 10878/18000, time remaining: 11m 58s
Rendered 10879/18000, time remaining: 12m 0s
Rendered 10880/18000, time remaining: 11m 50s
Rendered 10881/18000, time remaining: 11m 54s
Rendered 10882/18000, time remaining: 11m 54s
Rendered 10883/18000, time remaining: 11m 53s
Rendered 10884/18000, time remaining: 11m 47s
Rendered 10885/18000, time remaining: 11m 50s
Rendered 10886/18000, time remaining: 11m 47s
Rendered 10887/18000, time remaining: 11m 47s
Rendered 10888/18000, time remaining: 11m 42s
Rendered 10889/18000, time remaining: 11m 48s
Rendered 10890/18000, time remaining: 11m 41s
Rendered 10891/18000, time remaining: 11m 39s
Rendered 10892/18000, time remaining: 11m 41s
Rendered 10893/18000, time remaining: 11m 43s
Rendered 10894/18000, time remaining: 11m 39s
Rendered 10895/18000, time remaining: 11m 35s
Rendered 10896/18000, time remaining: 11m 37s
Rendered 10897/18000, time remaining: 11m 35s
Rendered 10898/18000, time remaining: 11m 36s
Rendered 10899/18000, time remaining: 11m 28s
Rendered 10900/18000, time remaining: 11m 27s
Rendered 10901/18000, time remaining: 11m 29s
Rendered 10902/18000, time remaining: 11m 32s
Rendered 10903/18000, time remaining: 11m 25s
Rendered 10904/18000, time remaining: 11m 22s
Rendered 10905/18000, time remaining: 11m 24s
Rendered 10906/18000, time remaining: 11m 28s
Rendered 10907/18000, time remaining: 11m 22s
Rendered 10908/18000, time remaining: 11m 20s
Rendered 10909/18000, time remaining: 11m 20s
Rendered 10910/18000, time remaining: 11m 30s
Rendered 10911/18000, time remaining: 11m 24s
Rendered 10912/18000, time remaining: 11m 22s
Rendered 10913/18000, time remaining: 11m 20s
Rendered 10914/18000, time remaining: 11m 37s
Rendered 10915/18000, time remaining: 11m 26s
Rendered 10916/18000, time remaining: 11m 27s
Rendered 10917/18000, time remaining: 11m 21s
Rendered 10918/18000, time remaining: 11m 30s
Rendered 10919/18000, time remaining: 11m 21s
Rendered 10920/18000, time remaining: 11m 23s
Rendered 10921/18000, time remaining: 11m 22s
Rendered 10922/18000, time remaining: 11m 33s
Rendered 10923/18000, time remaining: 11m 18s
Rendered 10924/18000, time remaining: 11m 21s
Rendered 10925/18000, time remaining: 11m 20s
Rendered 10926/18000, time remaining: 11m 22s
Rendered 10927/18000, time remaining: 11m 13s
Rendered 10928/18000, time remaining: 11m 17s
Rendered 10929/18000, time remaining: 11m 17s
Rendered 10930/18000, time remaining: 11m 19s
Rendered 10931/18000, time remaining: 11m 11s
Rendered 10932/18000, time remaining: 11m 12s
Rendered 10933/18000, time remaining: 11m 13s
Rendered 10934/18000, time remaining: 11m 12s
Rendered 10935/18000, time remaining: 11m 13s
Rendered 10936/18000, time remaining: 11m 7s
Rendered 10937/18000, time remaining: 11m 11s
Rendered 10938/18000, time remaining: 11m 14s
Rendered 10939/18000, time remaining: 11m 15s
Rendered 10940/18000, time remaining: 11m 4s
Rendered 10941/18000, time remaining: 11m 6s
Rendered 10942/18000, time remaining: 11m 11s
Rendered 10943/18000, time remaining: 11m 14s
Rendered 10944/18000, time remaining: 11m 4s
Rendered 10945/18000, time remaining: 11m 3s
Rendered 10946/18000, time remaining: 11m 8s
Rendered 10947/18000, time remaining: 11m 10s
Rendered 10948/18000, time remaining: 11m 9s
Rendered 10949/18000, time remaining: 11m 4s
Rendered 10950/18000, time remaining: 11m 5s
Rendered 10951/18000, time remaining: 11m 9s
Rendered 10952/18000, time remaining: 11m 10s
Rendered 10953/18000, time remaining: 11m 8s
Rendered 10954/18000, time remaining: 11m 7s
Rendered 10955/18000, time remaining: 11m 7s
Rendered 10956/18000, time remaining: 11m 5s
Rendered 10957/18000, time remaining: 11m 8s
Rendered 10958/18000, time remaining: 11m 9s
Rendered 10959/18000, time remaining: 11m 12s
Rendered 10960/18000, time remaining: 11m 13s
Rendered 10961/18000, time remaining: 11m 6s
Rendered 10962/18000, time remaining: 11m 5s
Rendered 10963/18000, time remaining: 11m 6s
Rendered 10964/18000, time remaining: 11m 11s
Rendered 10965/18000, time remaining: 11m 12s
Rendered 10966/18000, time remaining: 11m 9s
Rendered 10967/18000, time remaining: 11m 6s
Rendered 10968/18000, time remaining: 11m 8s
Rendered 10969/18000, time remaining: 11m 11s
Rendered 10970/18000, time remaining: 11m 12s
Rendered 10971/18000, time remaining: 11m 10s
Rendered 10972/18000, time remaining: 11m 10s
Rendered 10973/18000, time remaining: 11m 15s
Rendered 10974/18000, time remaining: 11m 16s
Rendered 10975/18000, time remaining: 11m 14s
Rendered 10976/18000, time remaining: 11m 13s
Rendered 10977/18000, time remaining: 11m 15s
Rendered 10978/18000, time remaining: 11m 16s
Rendered 10979/18000, time remaining: 11m 16s
Rendered 10980/18000, time remaining: 11m 15s
Rendered 10981/18000, time remaining: 11m 16s
Rendered 10982/18000, time remaining: 11m 14s
Rendered 10983/18000, time remaining: 11m 14s
Rendered 10984/18000, time remaining: 11m 11s
Rendered 10985/18000, time remaining: 11m 3s
Rendered 10986/18000, time remaining: 11m 13s
Rendered 10987/18000, time remaining: 11m 13s
Rendered 10988/18000, time remaining: 11m 9s
Rendered 10989/18000, time remaining: 11m 5s
Rendered 10990/18000, time remaining: 11m 13s
Rendered 10991/18000, time remaining: 11m 16s
Rendered 10992/18000, time remaining: 11m 16s
Rendered 10993/18000, time remaining: 11m 12s
Rendered 10994/18000, time remaining: 11m 11s
Rendered 10995/18000, time remaining: 11m 17s
Rendered 10996/18000, time remaining: 11m 18s
Rendered 10997/18000, time remaining: 11m 19s
Rendered 10998/18000, time remaining: 11m 12s
Rendered 10999/18000, time remaining: 11m 16s
Rendered 11000/18000, time remaining: 11m 18s
Rendered 11001/18000, time remaining: 11m 25s
Rendered 11002/18000, time remaining: 11m 24s
Rendered 11003/18000, time remaining: 11m 15s
Rendered 11004/18000, time remaining: 11m 19s
Rendered 11005/18000, time remaining: 11m 22s
Rendered 11006/18000, time remaining: 11m 25s
Rendered 11007/18000, time remaining: 11m 15s
Rendered 11008/18000, time remaining: 11m 18s
Rendered 11009/18000, time remaining: 11m 21s
Rendered 11010/18000, time remaining: 11m 27s
Rendered 11011/18000, time remaining: 11m 24s
Rendered 11012/18000, time remaining: 11m 17s
Rendered 11013/18000, time remaining: 11m 22s
Rendered 11014/18000, time remaining: 11m 25s
Rendered 11015/18000, time remaining: 11m 24s
Rendered 11016/18000, time remaining: 11m 20s
Rendered 11017/18000, time remaining: 11m 24s
Rendered 11018/18000, time remaining: 11m 24s
Rendered 11019/18000, time remaining: 11m 25s
Rendered 11020/18000, time remaining: 11m 23s
Rendered 11021/18000, time remaining: 11m 19s
Rendered 11022/18000, time remaining: 11m 28s
Rendered 11023/18000, time remaining: 11m 28s
Rendered 11024/18000, time remaining: 11m 28s
Rendered 11025/18000, time remaining: 11m 24s
Rendered 11026/18000, time remaining: 11m 31s
Rendered 11027/18000, time remaining: 11m 32s
Rendered 11028/18000, time remaining: 11m 30s
Rendered 11029/18000, time remaining: 11m 29s
Rendered 11030/18000, time remaining: 11m 28s
Rendered 11031/18000, time remaining: 11m 34s
Rendered 11032/18000, time remaining: 11m 33s
Rendered 11033/18000, time remaining: 11m 33s
Rendered 11034/18000, time remaining: 11m 36s
Rendered 11035/18000, time remaining: 11m 35s
Rendered 11036/18000, time remaining: 11m 36s
Rendered 11037/18000, time remaining: 11m 36s
Rendered 11038/18000, time remaining: 11m 36s
Rendered 11039/18000, time remaining: 11m 42s
Rendered 11040/18000, time remaining: 11m 42s
Rendered 11041/18000, time remaining: 11m 42s
Rendered 11042/18000, time remaining: 11m 40s
Rendered 11043/18000, time remaining: 11m 45s
Rendered 11044/18000, time remaining: 11m 44s
Rendered 11045/18000, time remaining: 11m 46s
Rendered 11046/18000, time remaining: 11m 46s
Rendered 11047/18000, time remaining: 11m 47s
Rendered 11048/18000, time remaining: 11m 43s
Rendered 11049/18000, time remaining: 11m 47s
Rendered 11050/18000, time remaining: 11m 48s
Rendered 11051/18000, time remaining: 11m 52s
Rendered 11052/18000, time remaining: 11m 49s
Rendered 11053/18000, time remaining: 11m 46s
Rendered 11054/18000, time remaining: 11m 50s
Rendered 11055/18000, time remaining: 11m 54s
Rendered 11056/18000, time remaining: 11m 48s
Rendered 11057/18000, time remaining: 11m 49s
Rendered 11058/18000, time remaining: 11m 48s
Rendered 11059/18000, time remaining: 11m 56s
Rendered 11060/18000, time remaining: 11m 45s
Rendered 11061/18000, time remaining: 11m 47s
Rendered 11062/18000, time remaining: 11m 46s
Rendered 11063/18000, time remaining: 11m 56s
Rendered 11064/18000, time remaining: 11m 39s
Rendered 11065/18000, time remaining: 11m 39s
Rendered 11066/18000, time remaining: 11m 40s
Rendered 11067/18000, time remaining: 11m 51s
Rendered 11068/18000, time remaining: 11m 42s
Rendered 11069/18000, time remaining: 11m 39s
Rendered 11070/18000, time remaining: 11m 38s
Rendered 11071/18000, time remaining: 11m 51s
Rendered 11072/18000, time remaining: 11m 40s
Rendered 11073/18000, time remaining: 11m 39s
Rendered 11074/18000, time remaining: 11m 36s
Rendered 11075/18000, time remaining: 11m 50s
Rendered 11076/18000, time remaining: 11m 47s
Rendered 11077/18000, time remaining: 11m 44s
Rendered 11078/18000, time remaining: 11m 40s
Rendered 11079/18000, time remaining: 11m 49s
Rendered 11080/18000, time remaining: 11m 50s
Rendered 11081/18000, time remaining: 11m 45s
Rendered 11082/18000, time remaining: 11m 42s
Rendered 11083/18000, time remaining: 11m 42s
Rendered 11084/18000, time remaining: 11m 47s
Rendered 11085/18000, time remaining: 11m 47s
Rendered 11086/18000, time remaining: 11m 44s
Rendered 11087/18000, time remaining: 11m 41s
Rendered 11088/18000, time remaining: 11m 40s
Rendered 11089/18000, time remaining: 11m 44s
Rendered 11090/18000, time remaining: 11m 45s
Rendered 11091/18000, time remaining: 11m 44s
Rendered 11092/18000, time remaining: 11m 39s
Rendered 11093/18000, time remaining: 11m 38s
Rendered 11094/18000, time remaining: 11m 45s
Rendered 11095/18000, time remaining: 11m 44s
Rendered 11096/18000, time remaining: 11m 39s
Rendered 11097/18000, time remaining: 11m 39s
Rendered 11098/18000, time remaining: 11m 44s
Rendered 11099/18000, time remaining: 11m 46s
Rendered 11100/18000, time remaining: 11m 44s
Rendered 11101/18000, time remaining: 11m 38s
Rendered 11102/18000, time remaining: 11m 46s
Rendered 11103/18000, time remaining: 11m 47s
Rendered 11104/18000, time remaining: 11m 52s
Rendered 11105/18000, time remaining: 11m 52s
Rendered 11106/18000, time remaining: 11m 53s
Rendered 11107/18000, time remaining: 11m 50s
Rendered 11108/18000, time remaining: 11m 54s
Rendered 11109/18000, time remaining: 11m 52s
Rendered 11110/18000, time remaining: 11m 47s
Rendered 11111/18000, time remaining: 11m 48s
Rendered 11112/18000, time remaining: 11m 53s
Rendered 11113/18000, time remaining: 11m 51s
Rendered 11114/18000, time remaining: 11m 48s
Rendered 11115/18000, time remaining: 11m 45s
Rendered 11116/18000, time remaining: 11m 47s
Rendered 11117/18000, time remaining: 11m 48s
Rendered 11118/18000, time remaining: 11m 49s
Rendered 11119/18000, time remaining: 11m 44s
Rendered 11120/18000, time remaining: 11m 45s
Rendered 11121/18000, time remaining: 11m 46s
Rendered 11122/18000, time remaining: 11m 48s
Rendered 11123/18000, time remaining: 11m 36s
Rendered 11124/18000, time remaining: 11m 42s
Rendered 11125/18000, time remaining: 11m 42s
Rendered 11126/18000, time remaining: 11m 44s
Rendered 11127/18000, time remaining: 11m 41s
Rendered 11128/18000, time remaining: 11m 39s
Rendered 11129/18000, time remaining: 11m 39s
Rendered 11130/18000, time remaining: 11m 39s
Rendered 11131/18000, time remaining: 11m 39s
Rendered 11132/18000, time remaining: 11m 37s
Rendered 11133/18000, time remaining: 11m 36s
Rendered 11134/18000, time remaining: 11m 37s
Rendered 11135/18000, time remaining: 11m 38s
Rendered 11136/18000, time remaining: 11m 29s
Rendered 11137/18000, time remaining: 11m 30s
Rendered 11138/18000, time remaining: 11m 33s
Rendered 11139/18000, time remaining: 11m 35s
Rendered 11140/18000, time remaining: 11m 28s
Rendered 11141/18000, time remaining: 11m 31s
Rendered 11142/18000, time remaining: 11m 32s
Rendered 11143/18000, time remaining: 11m 32s
Rendered 11144/18000, time remaining: 11m 30s
Rendered 11145/18000, time remaining: 11m 26s
Rendered 11146/18000, time remaining: 11m 29s
Rendered 11147/18000, time remaining: 11m 29s
Rendered 11148/18000, time remaining: 11m 31s
Rendered 11149/18000, time remaining: 11m 24s
Rendered 11150/18000, time remaining: 11m 29s
Rendered 11151/18000, time remaining: 11m 23s
Rendered 11152/18000, time remaining: 11m 22s
Rendered 11153/18000, time remaining: 11m 20s
Rendered 11154/18000, time remaining: 11m 26s
Rendered 11155/18000, time remaining: 11m 24s
Rendered 11156/18000, time remaining: 11m 21s
Rendered 11157/18000, time remaining: 11m 23s
Rendered 11158/18000, time remaining: 11m 23s
Rendered 11159/18000, time remaining: 11m 24s
Rendered 11160/18000, time remaining: 11m 18s
Rendered 11161/18000, time remaining: 11m 20s
Rendered 11162/18000, time remaining: 11m 19s
Rendered 11163/18000, time remaining: 11m 20s
Rendered 11164/18000, time remaining: 11m 18s
Rendered 11165/18000, time remaining: 11m 20s
Rendered 11166/18000, time remaining: 11m 19s
Rendered 11167/18000, time remaining: 11m 8s
Rendered 11168/18000, time remaining: 11m 9s
Rendered 11169/18000, time remaining: 11m 13s
Rendered 11170/18000, time remaining: 11m 13s
Rendered 11171/18000, time remaining: 11m 12s
Rendered 11172/18000, time remaining: 11m 3s
Rendered 11173/18000, time remaining: 11m 6s
Rendered 11174/18000, time remaining: 11m 6s
Rendered 11175/18000, time remaining: 11m 8s
Rendered 11176/18000, time remaining: 10m 59s
Rendered 11177/18000, time remaining: 11m 3s
Rendered 11178/18000, time remaining: 11m 4s
Rendered 11179/18000, time remaining: 11m 3s
Rendered 11180/18000, time remaining: 11m 3s
Rendered 11181/18000, time remaining: 10m 57s
Rendered 11182/18000, time remaining: 10m 59s
Rendered 11183/18000, time remaining: 10m 59s
Rendered 11184/18000, time remaining: 10m 56s
Rendered 11185/18000, time remaining: 10m 50s
Rendered 11186/18000, time remaining: 10m 51s
Rendered 11187/18000, time remaining: 10m 51s
Rendered 11188/18000, time remaining: 10m 53s
Rendered 11189/18000, time remaining: 10m 40s
Rendered 11190/18000, time remaining: 10m 41s
Rendered 11191/18000, time remaining: 10m 43s
Rendered 11192/18000, time remaining: 10m 43s
Rendered 11193/18000, time remaining: 10m 33s
Rendered 11194/18000, time remaining: 10m 36s
Rendered 11195/18000, time remaining: 10m 35s
Rendered 11196/18000, time remaining: 10m 35s
Rendered 11197/18000, time remaining: 10m 33s
Rendered 11198/18000, time remaining: 10m 33s
Rendered 11199/18000, time remaining: 10m 32s
Rendered 11200/18000, time remaining: 10m 34s
Rendered 11201/18000, time remaining: 10m 28s
Rendered 11202/18000, time remaining: 10m 28s
Rendered 11203/18000, time remaining: 10m 34s
Rendered 11204/18000, time remaining: 10m 33s
Rendered 11205/18000, time remaining: 10m 29s
Rendered 11206/18000, time remaining: 10m 26s
Rendered 11207/18000, time remaining: 10m 29s
Rendered 11208/18000, time remaining: 10m 32s
Rendered 11209/18000, time remaining: 10m 23s
Rendered 11210/18000, time remaining: 10m 24s
Rendered 11211/18000, time remaining: 10m 28s
Rendered 11212/18000, time remaining: 10m 29s
Rendered 11213/18000, time remaining: 10m 21s
Rendered 11214/18000, time remaining: 10m 21s
Rendered 11215/18000, time remaining: 10m 28s
Rendered 11216/18000, time remaining: 10m 29s
Rendered 11217/18000, time remaining: 10m 18s
Rendered 11218/18000, time remaining: 10m 21s
Rendered 11219/18000, time remaining: 10m 29s
Rendered 11220/18000, time remaining: 10m 27s
Rendered 11221/18000, time remaining: 10m 15s
Rendered 11222/18000, time remaining: 10m 18s
Rendered 11223/18000, time remaining: 10m 28s
Rendered 11224/18000, time remaining: 10m 28s
Rendered 11225/18000, time remaining: 10m 14s
Rendered 11226/18000, time remaining: 10m 12s
Rendered 11227/18000, time remaining: 10m 24s
Rendered 11228/18000, time remaining: 10m 25s
Rendered 11229/18000, time remaining: 10m 15s
Rendered 11230/18000, time remaining: 10m 13s
Rendered 11231/18000, time remaining: 10m 19s
Rendered 11232/18000, time remaining: 10m 22s
Rendered 11233/18000, time remaining: 10m 21s
Rendered 11234/18000, time remaining: 10m 17s
Rendered 11235/18000, time remaining: 10m 15s
Rendered 11236/18000, time remaining: 10m 19s
Rendered 11237/18000, time remaining: 10m 19s
Rendered 11238/18000, time remaining: 10m 18s
Rendered 11239/18000, time remaining: 10m 14s
Rendered 11240/18000, time remaining: 10m 13s
Rendered 11241/18000, time remaining: 10m 16s
Rendered 11242/18000, time remaining: 10m 19s
Rendered 11243/18000, time remaining: 10m 16s
Rendered 11244/18000, time remaining: 10m 13s
Rendered 11245/18000, time remaining: 10m 16s
Rendered 11246/18000, time remaining: 10m 19s
Rendered 11247/18000, time remaining: 10m 16s
Rendered 11248/18000, time remaining: 10m 13s
Rendered 11249/18000, time remaining: 10m 13s
Rendered 11250/18000, time remaining: 10m 14s
Rendered 11251/18000, time remaining: 10m 15s
Rendered 11252/18000, time remaining: 10m 13s
Rendered 11253/18000, time remaining: 10m 10s
Rendered 11254/18000, time remaining: 10m 6s
Rendered 11255/18000, time remaining: 10m 3s
Rendered 11256/18000, time remaining: 10m 11s
Rendered 11257/18000, time remaining: 10m 10s
Rendered 11258/18000, time remaining: 10m 6s
Rendered 11259/18000, time remaining: 10m 4s
Rendered 11260/18000, time remaining: 10m 12s
Rendered 11261/18000, time remaining: 10m 10s
Rendered 11262/18000, time remaining: 10m 7s
Rendered 11263/18000, time remaining: 10m 6s
Rendered 11264/18000, time remaining: 10m 14s
Rendered 11265/18000, time remaining: 10m 16s
Rendered 11266/18000, time remaining: 10m 11s
Rendered 11267/18000, time remaining: 10m 9s
Rendered 11268/18000, time remaining: 10m 18s
Rendered 11269/18000, time remaining: 10m 14s
Rendered 11270/18000, time remaining: 10m 14s
Rendered 11271/18000, time remaining: 10m 12s
Rendered 11272/18000, time remaining: 10m 16s
Rendered 11273/18000, time remaining: 10m 18s
Rendered 11274/18000, time remaining: 10m 10s
Rendered 11275/18000, time remaining: 10m 13s
Rendered 11276/18000, time remaining: 10m 17s
Rendered 11277/18000, time remaining: 10m 13s
Rendered 11278/18000, time remaining: 10m 12s
Rendered 11279/18000, time remaining: 10m 12s
Rendered 11280/18000, time remaining: 10m 20s
Rendered 11281/18000, time remaining: 10m 18s
Rendered 11282/18000, time remaining: 10m 13s
Rendered 11283/18000, time remaining: 10m 12s
Rendered 11284/18000, time remaining: 10m 20s
Rendered 11285/18000, time remaining: 10m 19s
Rendered 11286/18000, time remaining: 10m 17s
Rendered 11287/18000, time remaining: 10m 14s
Rendered 11288/18000, time remaining: 10m 19s
Rendered 11289/18000, time remaining: 10m 18s
Rendered 11290/18000, time remaining: 10m 15s
Rendered 11291/18000, time remaining: 10m 8s
Rendered 11292/18000, time remaining: 10m 14s
Rendered 11293/18000, time remaining: 10m 15s
Rendered 11294/18000, time remaining: 10m 13s
Rendered 11295/18000, time remaining: 10m 10s
Rendered 11296/18000, time remaining: 10m 7s
Rendered 11297/18000, time remaining: 10m 13s
Rendered 11298/18000, time remaining: 10m 11s
Rendered 11299/18000, time remaining: 10m 13s
Rendered 11300/18000, time remaining: 10m 6s
Rendered 11301/18000, time remaining: 10m 12s
Rendered 11302/18000, time remaining: 10m 13s
Rendered 11303/18000, time remaining: 10m 13s
Rendered 11304/18000, time remaining: 10m 5s
Rendered 11305/18000, time remaining: 10m 7s
Rendered 11306/18000, time remaining: 10m 10s
Rendered 11307/18000, time remaining: 10m 10s
Rendered 11308/18000, time remaining: 10m 5s
Rendered 11309/18000, time remaining: 10m 3s
Rendered 11310/18000, time remaining: 10m 8s
Rendered 11311/18000, time remaining: 10m 10s
Rendered 11312/18000, time remaining: 10m 9s
Rendered 11313/18000, time remaining: 10m 4s
Rendered 11314/18000, time remaining: 10m 1s
Rendered 11315/18000, time remaining: 10m 8s
Rendered 11316/18000, time remaining: 10m 9s
Rendered 11317/18000, time remaining: 10m 7s
Rendered 11318/18000, time remaining: 10m 5s
Rendered 11319/18000, time remaining: 10m 8s
Rendered 11320/18000, time remaining: 10m 10s
Rendered 11321/18000, time remaining: 10m 10s
Rendered 11322/18000, time remaining: 10m 7s
Rendered 11323/18000, time remaining: 10m 7s
Rendered 11324/18000, time remaining: 10m 10s
Rendered 11325/18000, time remaining: 10m 11s
Rendered 11326/18000, time remaining: 10m 9s
Rendered 11327/18000, time remaining: 10m 6s
Rendered 11328/18000, time remaining: 10m 7s
Rendered 11329/18000, time remaining: 10m 9s
Rendered 11330/18000, time remaining: 10m 7s
Rendered 11331/18000, time remaining: 10m 10s
Rendered 11332/18000, time remaining: 10m 8s
Rendered 11333/18000, time remaining: 10m 10s
Rendered 11334/18000, time remaining: 10m 7s
Rendered 11335/18000, time remaining: 10m 13s
Rendered 11336/18000, time remaining: 10m 9s
Rendered 11337/18000, time remaining: 10m 10s
Rendered 11338/18000, time remaining: 10m 11s
Rendered 11339/18000, time remaining: 10m 14s
Rendered 11340/18000, time remaining: 10m 14s
Rendered 11341/18000, time remaining: 10m 14s
Rendered 11342/18000, time remaining: 10m 15s
Rendered 11343/18000, time remaining: 10m 13s
Rendered 11344/18000, time remaining: 10m 11s
Rendered 11345/18000, time remaining: 10m 18s
Rendered 11346/18000, time remaining: 10m 17s
Rendered 11347/18000, time remaining: 10m 16s
Rendered 11348/18000, time remaining: 10m 13s
Rendered 11349/18000, time remaining: 10m 20s
Rendered 11350/18000, time remaining: 10m 18s
Rendered 11351/18000, time remaining: 10m 18s
Rendered 11352/18000, time remaining: 10m 18s
Rendered 11353/18000, time remaining: 10m 18s
Rendered 11354/18000, time remaining: 10m 17s
Rendered 11355/18000, time remaining: 10m 15s
Rendered 11356/18000, time remaining: 10m 15s
Rendered 11357/18000, time remaining: 10m 19s
Rendered 11358/18000, time remaining: 10m 18s
Rendered 11359/18000, time remaining: 10m 17s
Rendered 11360/18000, time remaining: 10m 17s
Rendered 11361/18000, time remaining: 10m 14s
Rendered 11362/18000, time remaining: 10m 16s
Rendered 11363/18000, time remaining: 10m 16s
Rendered 11364/18000, time remaining: 10m 17s
Rendered 11365/18000, time remaining: 10m 11s
Rendered 11366/18000, time remaining: 10m 17s
Rendered 11367/18000, time remaining: 10m 17s
Rendered 11368/18000, time remaining: 10m 18s
Rendered 11369/18000, time remaining: 10m 8s
Rendered 11370/18000, time remaining: 10m 10s
Rendered 11371/18000, time remaining: 10m 14s
Rendered 11372/18000, time remaining: 10m 15s
Rendered 11373/18000, time remaining: 10m 5s
Rendered 11374/18000, time remaining: 10m 5s
Rendered 11375/18000, time remaining: 10m 7s
Rendered 11376/18000, time remaining: 10m 15s
Rendered 11377/18000, time remaining: 10m 5s
Rendered 11378/18000, time remaining: 10m 3s
Rendered 11379/18000, time remaining: 10m 3s
Rendered 11380/18000, time remaining: 10m 5s
Rendered 11381/18000, time remaining: 10m 5s
Rendered 11382/18000, time remaining: 10m 4s
Rendered 11383/18000, time remaining: 10m 2s
Rendered 11384/18000, time remaining: 10m 3s
Rendered 11385/18000, time remaining: 10m 6s
Rendered 11386/18000, time remaining: 10m 2s
Rendered 11387/18000, time remaining: 10m 2s
Rendered 11388/18000, time remaining: 10m 2s
Rendered 11389/18000, time remaining: 10m 4s
Rendered 11390/18000, time remaining: 10m 4s
Rendered 11391/18000, time remaining: 9m 58s
Rendered 11392/18000, time remaining: 9m 57s
Rendered 11393/18000, time remaining: 9m 58s
Rendered 11394/18000, time remaining: 10m 2s
Rendered 11395/18000, time remaining: 9m 57s
Rendered 11396/18000, time remaining: 9m 55s
Rendered 11397/18000, time remaining: 9m 54s
Rendered 11398/18000, time remaining: 9m 58s
Rendered 11399/18000, time remaining: 9m 57s
Rendered 11400/18000, time remaining: 9m 55s
Rendered 11401/18000, time remaining: 9m 57s
Rendered 11402/18000, time remaining: 9m 58s
Rendered 11403/18000, time remaining: 10m 1s
Rendered 11404/18000, time remaining: 10m 3s
Rendered 11405/18000, time remaining: 10m 4s
Rendered 11406/18000, time remaining: 9m 54s
Rendered 11407/18000, time remaining: 10m 0s
Rendered 11408/18000, time remaining: 9m 59s
Rendered 11409/18000, time remaining: 10m 0s
Rendered 11410/18000, time remaining: 9m 51s
Rendered 11411/18000, time remaining: 9m 53s
Rendered 11412/18000, time remaining: 9m 55s
Rendered 11413/18000, time remaining: 9m 56s
Rendered 11414/18000, time remaining: 9m 47s
Rendered 11415/18000, time remaining: 9m 44s
Rendered 11416/18000, time remaining: 9m 47s
Rendered 11417/18000, time remaining: 9m 51s
Rendered 11418/18000, time remaining: 9m 41s
Rendered 11419/18000, time remaining: 9m 40s
Rendered 11420/18000, time remaining: 9m 39s
Rendered 11421/18000, time remaining: 9m 41s
Rendered 11422/18000, time remaining: 9m 41s
Rendered 11423/18000, time remaining: 9m 38s
Rendered 11424/18000, time remaining: 9m 37s
Rendered 11425/18000, time remaining: 9m 35s
Rendered 11426/18000, time remaining: 9m 31s
Rendered 11427/18000, time remaining: 9m 37s
Rendered 11428/18000, time remaining: 9m 35s
Rendered 11429/18000, time remaining: 9m 35s
Rendered 11430/18000, time remaining: 9m 26s
Rendered 11431/18000, time remaining: 9m 28s
Rendered 11432/18000, time remaining: 9m 33s
Rendered 11433/18000, time remaining: 9m 34s
Rendered 11434/18000, time remaining: 9m 25s
Rendered 11435/18000, time remaining: 9m 25s
Rendered 11436/18000, time remaining: 9m 26s
Rendered 11437/18000, time remaining: 9m 32s
Rendered 11438/18000, time remaining: 9m 23s
Rendered 11439/18000, time remaining: 9m 21s
Rendered 11440/18000, time remaining: 9m 23s
Rendered 11441/18000, time remaining: 9m 31s
Rendered 11442/18000, time remaining: 9m 22s
Rendered 11443/18000, time remaining: 9m 20s
Rendered 11444/18000, time remaining: 9m 22s
Rendered 11445/18000, time remaining: 9m 28s
Rendered 11446/18000, time remaining: 9m 27s
Rendered 11447/18000, time remaining: 9m 19s
Rendered 11448/18000, time remaining: 9m 22s
Rendered 11449/18000, time remaining: 9m 23s
Rendered 11450/18000, time remaining: 9m 25s
Rendered 11451/18000, time remaining: 9m 17s
Rendered 11452/18000, time remaining: 9m 18s
Rendered 11453/18000, time remaining: 9m 20s
Rendered 11454/18000, time remaining: 9m 20s
Rendered 11455/18000, time remaining: 9m 17s
Rendered 11456/18000, time remaining: 9m 15s
Rendered 11457/18000, time remaining: 9m 15s
Rendered 11458/18000, time remaining: 9m 18s
Rendered 11459/18000, time remaining: 9m 17s
Rendered 11460/18000, time remaining: 9m 15s
Rendered 11461/18000, time remaining: 9m 12s
Rendered 11462/18000, time remaining: 9m 12s
Rendered 11463/18000, time remaining: 9m 11s
Rendered 11464/18000, time remaining: 9m 16s
Rendered 11465/18000, time remaining: 9m 9s
Rendered 11466/18000, time remaining: 9m 7s
Rendered 11467/18000, time remaining: 9m 9s
Rendered 11468/18000, time remaining: 9m 14s
Rendered 11469/18000, time remaining: 9m 7s
Rendered 11470/18000, time remaining: 9m 7s
Rendered 11471/18000, time remaining: 9m 5s
Rendered 11472/18000, time remaining: 9m 8s
Rendered 11473/18000, time remaining: 9m 6s
Rendered 11474/18000, time remaining: 9m 6s
Rendered 11475/18000, time remaining: 9m 3s
Rendered 11476/18000, time remaining: 9m 7s
Rendered 11477/18000, time remaining: 9m 3s
Rendered 11478/18000, time remaining: 9m 9s
Rendered 11479/18000, time remaining: 9m 6s
Rendered 11480/18000, time remaining: 9m 7s
Rendered 11481/18000, time remaining: 9m 0s
Rendered 11482/18000, time remaining: 9m 6s
Rendered 11483/18000, time remaining: 9m 6s
Rendered 11484/18000, time remaining: 9m 7s
Rendered 11485/18000, time remaining: 8m 59s
Rendered 11486/18000, time remaining: 9m 2s
Rendered 11487/18000, time remaining: 9m 4s
Rendered 11488/18000, time remaining: 9m 3s
Rendered 11489/18000, time remaining: 8m 58s
Rendered 11490/18000, time remaining: 8m 56s
Rendered 11491/18000, time remaining: 9m 0s
Rendered 11492/18000, time remaining: 9m 0s
Rendered 11493/18000, time remaining: 9m 0s
Rendered 11494/18000, time remaining: 8m 58s
Rendered 11495/18000, time remaining: 8m 51s
Rendered 11496/18000, time remaining: 8m 59s
Rendered 11497/18000, time remaining: 8m 58s
Rendered 11498/18000, time remaining: 9m 0s
Rendered 11499/18000, time remaining: 8m 47s
Rendered 11500/18000, time remaining: 8m 52s
Rendered 11501/18000, time remaining: 8m 52s
Rendered 11502/18000, time remaining: 8m 54s
Rendered 11503/18000, time remaining: 8m 45s
Rendered 11504/18000, time remaining: 8m 50s
Rendered 11505/18000, time remaining: 8m 49s
Rendered 11506/18000, time remaining: 8m 51s
Rendered 11507/18000, time remaining: 8m 42s
Rendered 11508/18000, time remaining: 8m 49s
Rendered 11509/18000, time remaining: 8m 49s
Rendered 11510/18000, time remaining: 8m 49s
Rendered 11511/18000, time remaining: 8m 46s
Rendered 11512/18000, time remaining: 8m 46s
Rendered 11513/18000, time remaining: 8m 48s
Rendered 11514/18000, time remaining: 8m 50s
Rendered 11515/18000, time remaining: 8m 47s
Rendered 11516/18000, time remaining: 8m 43s
Rendered 11517/18000, time remaining: 8m 43s
Rendered 11518/18000, time remaining: 8m 42s
Rendered 11519/18000, time remaining: 8m 43s
Rendered 11520/18000, time remaining: 8m 48s
Rendered 11521/18000, time remaining: 8m 43s
Rendered 11522/18000, time remaining: 8m 41s
Rendered 11523/18000, time remaining: 8m 40s
Rendered 11524/18000, time remaining: 8m 48s
Rendered 11525/18000, time remaining: 8m 46s
Rendered 11526/18000, time remaining: 8m 40s
Rendered 11527/18000, time remaining: 8m 39s
Rendered 11528/18000, time remaining: 8m 45s
Rendered 11529/18000, time remaining: 8m 47s
Rendered 11530/18000, time remaining: 8m 45s
Rendered 11531/18000, time remaining: 8m 38s
Rendered 11532/18000, time remaining: 8m 38s
Rendered 11533/18000, time remaining: 8m 44s
Rendered 11534/18000, time remaining: 8m 42s
Rendered 11535/18000, time remaining: 8m 40s
Rendered 11536/18000, time remaining: 8m 37s
Rendered 11537/18000, time remaining: 8m 43s
Rendered 11538/18000, time remaining: 8m 42s
Rendered 11539/18000, time remaining: 8m 40s
Rendered 11540/18000, time remaining: 8m 38s
Rendered 11541/18000, time remaining: 8m 44s
Rendered 11542/18000, time remaining: 8m 42s
Rendered 11543/18000, time remaining: 8m 44s
Rendered 11544/18000, time remaining: 8m 38s
Rendered 11545/18000, time remaining: 8m 45s
Rendered 11546/18000, time remaining: 8m 44s
Rendered 11547/18000, time remaining: 8m 45s
Rendered 11548/18000, time remaining: 8m 38s
Rendered 11549/18000, time remaining: 8m 43s
Rendered 11550/18000, time remaining: 8m 43s
Rendered 11551/18000, time remaining: 8m 42s
Rendered 11552/18000, time remaining: 8m 31s
Rendered 11553/18000, time remaining: 8m 34s
Rendered 11554/18000, time remaining: 8m 34s
Rendered 11555/18000, time remaining: 8m 32s
Rendered 11556/18000, time remaining: 8m 31s
Rendered 11557/18000, time remaining: 8m 28s
Rendered 11558/18000, time remaining: 8m 30s
Rendered 11559/18000, time remaining: 8m 28s
Rendered 11560/18000, time remaining: 8m 31s
Rendered 11561/18000, time remaining: 8m 32s
Rendered 11562/18000, time remaining: 8m 31s
Rendered 11563/18000, time remaining: 8m 31s
Rendered 11564/18000, time remaining: 8m 32s
Rendered 11565/18000, time remaining: 8m 36s
Rendered 11566/18000, time remaining: 8m 35s
Rendered 11567/18000, time remaining: 8m 32s
Rendered 11568/18000, time remaining: 8m 32s
Rendered 11569/18000, time remaining: 8m 34s
Rendered 11570/18000, time remaining: 8m 38s
Rendered 11571/18000, time remaining: 8m 40s
Rendered 11572/18000, time remaining: 8m 32s
Rendered 11573/18000, time remaining: 8m 33s
Rendered 11574/18000, time remaining: 8m 38s
Rendered 11575/18000, time remaining: 8m 41s
Rendered 11576/18000, time remaining: 8m 38s
Rendered 11577/18000, time remaining: 8m 33s
Rendered 11578/18000, time remaining: 8m 35s
Rendered 11579/18000, time remaining: 8m 39s
Rendered 11580/18000, time remaining: 8m 39s
Rendered 11581/18000, time remaining: 8m 39s
Rendered 11582/18000, time remaining: 8m 37s
Rendered 11583/18000, time remaining: 8m 38s
Rendered 11584/18000, time remaining: 8m 39s
Rendered 11585/18000, time remaining: 8m 39s
Rendered 11586/18000, time remaining: 8m 40s
Rendered 11587/18000, time remaining: 8m 37s
Rendered 11588/18000, time remaining: 8m 40s
Rendered 11589/18000, time remaining: 8m 39s
Rendered 11590/18000, time remaining: 8m 41s
Rendered 11591/18000, time remaining: 8m 36s
Rendered 11592/18000, time remaining: 8m 40s
Rendered 11593/18000, time remaining: 8m 41s
Rendered 11594/18000, time remaining: 8m 42s
Rendered 11595/18000, time remaining: 8m 35s
Rendered 11596/18000, time remaining: 8m 42s
Rendered 11597/18000, time remaining: 8m 43s
Rendered 11598/18000, time remaining: 8m 40s
Rendered 11599/18000, time remaining: 8m 37s
Rendered 11600/18000, time remaining: 8m 38s
Rendered 11601/18000, time remaining: 8m 47s
Rendered 11602/18000, time remaining: 8m 44s
Rendered 11603/18000, time remaining: 8m 45s
Rendered 11604/18000, time remaining: 8m 41s
Rendered 11605/18000, time remaining: 8m 49s
Rendered 11606/18000, time remaining: 8m 48s
Rendered 11607/18000, time remaining: 8m 47s
Rendered 11608/18000, time remaining: 8m 47s
Rendered 11609/18000, time remaining: 8m 54s
Rendered 11610/18000, time remaining: 8m 53s
Rendered 11611/18000, time remaining: 8m 51s
Rendered 11612/18000, time remaining: 8m 53s
Rendered 11613/18000, time remaining: 9m 1s
Rendered 11614/18000, time remaining: 8m 58s
Rendered 11615/18000, time remaining: 8m 57s
Rendered 11616/18000, time remaining: 8m 57s
Rendered 11617/18000, time remaining: 9m 6s
Rendered 11618/18000, time remaining: 9m 4s
Rendered 11619/18000, time remaining: 9m 2s
Rendered 11620/18000, time remaining: 9m 1s
Rendered 11621/18000, time remaining: 9m 8s
Rendered 11622/18000, time remaining: 9m 11s
Rendered 11623/18000, time remaining: 9m 8s
Rendered 11624/18000, time remaining: 9m 5s
Rendered 11625/18000, time remaining: 9m 12s
Rendered 11626/18000, time remaining: 9m 14s
Rendered 11627/18000, time remaining: 9m 14s
Rendered 11628/18000, time remaining: 9m 6s
Rendered 11629/18000, time remaining: 9m 11s
Rendered 11630/18000, time remaining: 9m 18s
Rendered 11631/18000, time remaining: 9m 21s
Rendered 11632/18000, time remaining: 9m 15s
Rendered 11633/18000, time remaining: 9m 12s
Rendered 11634/18000, time remaining: 9m 13s
Rendered 11635/18000, time remaining: 9m 23s
Rendered 11636/18000, time remaining: 9m 21s
Rendered 11637/18000, time remaining: 9m 18s
Rendered 11638/18000, time remaining: 9m 16s
Rendered 11639/18000, time remaining: 9m 20s
Rendered 11640/18000, time remaining: 9m 25s
Rendered 11641/18000, time remaining: 9m 38s
Rendered 11642/18000, time remaining: 9m 53s
Rendered 11643/18000, time remaining: 10m 1s
Rendered 11644/18000, time remaining: 10m 6s
Rendered 11645/18000, time remaining: 10m 9s
Rendered 11646/18000, time remaining: 10m 4s
Rendered 11647/18000, time remaining: 10m 15s
Rendered 11648/18000, time remaining: 10m 18s
Rendered 11649/18000, time remaining: 10m 24s
Rendered 11650/18000, time remaining: 10m 18s
Rendered 11651/18000, time remaining: 10m 21s
Rendered 11652/18000, time remaining: 10m 21s
Rendered 11653/18000, time remaining: 10m 28s
Rendered 11654/18000, time remaining: 10m 25s
Rendered 11655/18000, time remaining: 10m 28s
Rendered 11656/18000, time remaining: 10m 28s
Rendered 11657/18000, time remaining: 10m 31s
Rendered 11658/18000, time remaining: 10m 32s
Rendered 11659/18000, time remaining: 10m 35s
Rendered 11660/18000, time remaining: 10m 36s
Rendered 11661/18000, time remaining: 10m 40s
Rendered 11662/18000, time remaining: 10m 39s
Rendered 11663/18000, time remaining: 10m 37s
Rendered 11664/18000, time remaining: 10m 38s
Rendered 11665/18000, time remaining: 10m 42s
Rendered 11666/18000, time remaining: 10m 42s
Rendered 11667/18000, time remaining: 10m 45s
Rendered 11668/18000, time remaining: 10m 45s
Rendered 11669/18000, time remaining: 10m 50s
Rendered 11670/18000, time remaining: 10m 47s
Rendered 11671/18000, time remaining: 10m 50s
Rendered 11672/18000, time remaining: 10m 51s
Rendered 11673/18000, time remaining: 10m 54s
Rendered 11674/18000, time remaining: 10m 52s
Rendered 11675/18000, time remaining: 10m 55s
Rendered 11676/18000, time remaining: 10m 57s
Rendered 11677/18000, time remaining: 10m 59s
Rendered 11678/18000, time remaining: 10m 56s
Rendered 11679/18000, time remaining: 10m 58s
Rendered 11680/18000, time remaining: 11m 2s
Rendered 11681/18000, time remaining: 11m 7s
Rendered 11682/18000, time remaining: 11m 9s
Rendered 11683/18000, time remaining: 11m 7s
Rendered 11684/18000, time remaining: 11m 13s
Rendered 11685/18000, time remaining: 11m 13s
Rendered 11686/18000, time remaining: 11m 17s
Rendered 11687/18000, time remaining: 11m 12s
Rendered 11688/18000, time remaining: 11m 14s
Rendered 11689/18000, time remaining: 11m 19s
Rendered 11690/18000, time remaining: 11m 20s
Rendered 11691/18000, time remaining: 11m 17s
Rendered 11692/18000, time remaining: 11m 19s
Rendered 11693/18000, time remaining: 11m 23s
Rendered 11694/18000, time remaining: 11m 24s
Rendered 11695/18000, time remaining: 11m 20s
Rendered 11696/18000, time remaining: 11m 22s
Rendered 11697/18000, time remaining: 11m 23s
Rendered 11698/18000, time remaining: 11m 27s
Rendered 11699/18000, time remaining: 11m 23s
Rendered 11700/18000, time remaining: 11m 26s
Rendered 11701/18000, time remaining: 11m 27s
Rendered 11702/18000, time remaining: 11m 31s
Rendered 11703/18000, time remaining: 11m 27s
Rendered 11704/18000, time remaining: 11m 29s
Rendered 11705/18000, time remaining: 11m 32s
Rendered 11706/18000, time remaining: 11m 31s
Rendered 11707/18000, time remaining: 11m 32s
Rendered 11708/18000, time remaining: 11m 34s
Rendered 11709/18000, time remaining: 11m 37s
Rendered 11710/18000, time remaining: 11m 38s
Rendered 11711/18000, time remaining: 11m 35s
Rendered 11712/18000, time remaining: 11m 35s
Rendered 11713/18000, time remaining: 11m 41s
Rendered 11714/18000, time remaining: 11m 45s
Rendered 11715/18000, time remaining: 11m 44s
Rendered 11716/18000, time remaining: 11m 45s
Rendered 11717/18000, time remaining: 11m 51s
Rendered 11718/18000, time remaining: 11m 48s
Rendered 11719/18000, time remaining: 11m 50s
Rendered 11720/18000, time remaining: 11m 47s
Rendered 11721/18000, time remaining: 11m 51s
Rendered 11722/18000, time remaining: 11m 53s
Rendered 11723/18000, time remaining: 11m 55s
Rendered 11724/18000, time remaining: 11m 50s
Rendered 11725/18000, time remaining: 11m 51s
Rendered 11726/18000, time remaining: 11m 55s
Rendered 11727/18000, time remaining: 12m 1s
Rendered 11728/18000, time remaining: 11m 58s
Rendered 11729/18000, time remaining: 11m 58s
Rendered 11730/18000, time remaining: 12m 0s
Rendered 11731/18000, time remaining: 12m 2s
Rendered 11732/18000, time remaining: 11m 59s
Rendered 11733/18000, time remaining: 12m 0s
Rendered 11734/18000, time remaining: 12m 1s
Rendered 11735/18000, time remaining: 12m 3s
Rendered 11736/18000, time remaining: 12m 5s
Rendered 11737/18000, time remaining: 12m 5s
Rendered 11738/18000, time remaining: 12m 3s
Rendered 11739/18000, time remaining: 12m 8s
Rendered 11740/18000, time remaining: 12m 6s
Rendered 11741/18000, time remaining: 12m 8s
Rendered 11742/18000, time remaining: 12m 7s
Rendered 11743/18000, time remaining: 12m 10s
Rendered 11744/18000, time remaining: 12m 8s
Rendered 11745/18000, time remaining: 12m 12s
Rendered 11746/18000, time remaining: 12m 7s
Rendered 11747/18000, time remaining: 12m 9s
Rendered 11748/18000, time remaining: 12m 11s
Rendered 11749/18000, time remaining: 12m 14s
Rendered 11750/18000, time remaining: 12m 15s
Rendered 11751/18000, time remaining: 12m 10s
Rendered 11752/18000, time remaining: 12m 13s
Rendered 11753/18000, time remaining: 12m 17s
Rendered 11754/18000, time remaining: 12m 22s
Rendered 11755/18000, time remaining: 12m 15s
Rendered 11756/18000, time remaining: 12m 16s
Rendered 11757/18000, time remaining: 12m 18s
Rendered 11758/18000, time remaining: 12m 20s
Rendered 11759/18000, time remaining: 12m 16s
Rendered 11760/18000, time remaining: 12m 19s
Rendered 11761/18000, time remaining: 12m 20s
Rendered 11762/18000, time remaining: 12m 20s
Rendered 11763/18000, time remaining: 12m 13s
Rendered 11764/18000, time remaining: 12m 14s
Rendered 11765/18000, time remaining: 12m 16s
Rendered 11766/18000, time remaining: 12m 19s
Rendered 11767/18000, time remaining: 12m 11s
Rendered 11768/18000, time remaining: 12m 11s
Rendered 11769/18000, time remaining: 12m 14s
Rendered 11770/18000, time remaining: 12m 16s
Rendered 11771/18000, time remaining: 12m 12s
Rendered 11772/18000, time remaining: 12m 9s
Rendered 11773/18000, time remaining: 12m 12s
Rendered 11774/18000, time remaining: 12m 15s
Rendered 11775/18000, time remaining: 12m 12s
Rendered 11776/18000, time remaining: 12m 10s
Rendered 11777/18000, time remaining: 12m 13s
Rendered 11778/18000, time remaining: 12m 14s
Rendered 11779/18000, time remaining: 12m 13s
Rendered 11780/18000, time remaining: 12m 15s
Rendered 11781/18000, time remaining: 12m 17s
Rendered 11782/18000, time remaining: 12m 18s
Rendered 11783/18000, time remaining: 12m 23s
Rendered 11784/18000, time remaining: 12m 22s
Rendered 11785/18000, time remaining: 12m 16s
Rendered 11786/18000, time remaining: 12m 17s
Rendered 11787/18000, time remaining: 12m 29s
Rendered 11788/18000, time remaining: 12m 31s
Rendered 11789/18000, time remaining: 12m 30s
Rendered 11790/18000, time remaining: 12m 26s
Rendered 11791/18000, time remaining: 12m 15s
Rendered 11792/18000, time remaining: 12m 2s
Rendered 11793/18000, time remaining: 11m 56s
Rendered 11794/18000, time remaining: 11m 54s
Rendered 11795/18000, time remaining: 11m 49s
Rendered 11796/18000, time remaining: 11m 49s
Rendered 11797/18000, time remaining: 11m 43s
Rendered 11798/18000, time remaining: 11m 44s
Rendered 11799/18000, time remaining: 11m 37s
Rendered 11800/18000, time remaining: 11m 38s
Rendered 11801/18000, time remaining: 11m 40s
Rendered 11802/18000, time remaining: 11m 51s
Rendered 11803/18000, time remaining: 11m 48s
Rendered 11804/18000, time remaining: 11m 45s
Rendered 11805/18000, time remaining: 11m 42s
Rendered 11806/18000, time remaining: 11m 43s
Rendered 11807/18000, time remaining: 11m 59s
Rendered 11808/18000, time remaining: 11m 52s
Rendered 11809/18000, time remaining: 11m 50s
Rendered 11810/18000, time remaining: 11m 50s
Rendered 11811/18000, time remaining: 11m 49s
Rendered 11812/18000, time remaining: 11m 48s
Rendered 11813/18000, time remaining: 11m 50s
Rendered 11814/18000, time remaining: 11m 49s
Rendered 11815/18000, time remaining: 11m 49s
Rendered 11816/18000, time remaining: 11m 49s
Rendered 11817/18000, time remaining: 11m 49s
Rendered 11818/18000, time remaining: 11m 47s
Rendered 11819/18000, time remaining: 11m 45s
Rendered 11820/18000, time remaining: 11m 45s
Rendered 11821/18000, time remaining: 11m 44s
Rendered 11822/18000, time remaining: 11m 45s
Rendered 11823/18000, time remaining: 11m 45s
Rendered 11824/18000, time remaining: 11m 42s
Rendered 11825/18000, time remaining: 11m 49s
Rendered 11826/18000, time remaining: 11m 48s
Rendered 11827/18000, time remaining: 11m 48s
Rendered 11828/18000, time remaining: 11m 48s
Rendered 11829/18000, time remaining: 11m 48s
Rendered 11830/18000, time remaining: 11m 49s
Rendered 11831/18000, time remaining: 11m 44s
Rendered 11832/18000, time remaining: 11m 44s
Rendered 11833/18000, time remaining: 11m 44s
Rendered 11834/18000, time remaining: 11m 43s
Rendered 11835/18000, time remaining: 11m 41s
Rendered 11836/18000, time remaining: 11m 43s
Rendered 11837/18000, time remaining: 11m 41s
Rendered 11838/18000, time remaining: 11m 48s
Rendered 11839/18000, time remaining: 11m 53s
Rendered 11840/18000, time remaining: 11m 55s
Rendered 11841/18000, time remaining: 11m 54s
Rendered 11842/18000, time remaining: 11m 53s
Rendered 11843/18000, time remaining: 11m 51s
Rendered 11844/18000, time remaining: 11m 50s
Rendered 11845/18000, time remaining: 11m 55s
Rendered 11846/18000, time remaining: 11m 57s
Rendered 11847/18000, time remaining: 11m 56s
Rendered 11848/18000, time remaining: 11m 53s
Rendered 11849/18000, time remaining: 11m 56s
Rendered 11850/18000, time remaining: 11m 55s
Rendered 11851/18000, time remaining: 11m 57s
Rendered 11852/18000, time remaining: 11m 55s
Rendered 11853/18000, time remaining: 11m 55s
Rendered 11854/18000, time remaining: 11m 54s
Rendered 11855/18000, time remaining: 11m 56s
Rendered 11856/18000, time remaining: 12m 8s
Rendered 11857/18000, time remaining: 12m 7s
Rendered 11858/18000, time remaining: 12m 3s
Rendered 11859/18000, time remaining: 12m 1s
Rendered 11860/18000, time remaining: 12m 2s
Rendered 11861/18000, time remaining: 12m 7s
Rendered 11862/18000, time remaining: 12m 8s
Rendered 11863/18000, time remaining: 12m 1s
Rendered 11864/18000, time remaining: 12m 0s
Rendered 11865/18000, time remaining: 12m 6s
Rendered 11866/18000, time remaining: 12m 8s
Rendered 11867/18000, time remaining: 12m 2s
Rendered 11868/18000, time remaining: 12m 1s
Rendered 11869/18000, time remaining: 12m 1s
Rendered 11870/18000, time remaining: 12m 12s
Rendered 11871/18000, time remaining: 12m 7s
Rendered 11872/18000, time remaining: 12m 9s
Rendered 11873/18000, time remaining: 12m 6s
Rendered 11874/18000, time remaining: 12m 9s
Rendered 11875/18000, time remaining: 12m 9s
Rendered 11876/18000, time remaining: 12m 9s
Rendered 11877/18000, time remaining: 12m 5s
Rendered 11878/18000, time remaining: 12m 9s
Rendered 11879/18000, time remaining: 12m 6s
Rendered 11880/18000, time remaining: 12m 7s
Rendered 11881/18000, time remaining: 12m 6s
Rendered 11882/18000, time remaining: 12m 7s
Rendered 11883/18000, time remaining: 12m 8s
Rendered 11884/18000, time remaining: 12m 13s
Rendered 11885/18000, time remaining: 12m 12s
Rendered 11886/18000, time remaining: 12m 12s
Rendered 11887/18000, time remaining: 12m 7s
Rendered 11888/18000, time remaining: 12m 14s
Rendered 11889/18000, time remaining: 12m 19s
Rendered 11890/18000, time remaining: 12m 17s
Rendered 11891/18000, time remaining: 12m 16s
Rendered 11892/18000, time remaining: 12m 14s
Rendered 11893/18000, time remaining: 12m 16s
Rendered 11894/18000, time remaining: 12m 19s
Rendered 11895/18000, time remaining: 12m 19s
Rendered 11896/18000, time remaining: 12m 19s
Rendered 11897/18000, time remaining: 12m 18s
Rendered 11898/18000, time remaining: 12m 19s
Rendered 11899/18000, time remaining: 12m 20s
Rendered 11900/18000, time remaining: 12m 19s
Rendered 11901/18000, time remaining: 12m 19s
Rendered 11902/18000, time remaining: 12m 19s
Rendered 11903/18000, time remaining: 12m 14s
Rendered 11904/18000, time remaining: 12m 14s
Rendered 11905/18000, time remaining: 12m 13s
Rendered 11906/18000, time remaining: 12m 17s
Rendered 11907/18000, time remaining: 12m 17s
Rendered 11908/18000, time remaining: 12m 17s
Rendered 11909/18000, time remaining: 12m 13s
Rendered 11910/18000, time remaining: 12m 13s
Rendered 11911/18000, time remaining: 12m 22s
Rendered 11912/18000, time remaining: 12m 50s
Rendered 11913/18000, time remaining: 13m 2s
Rendered 11914/18000, time remaining: 13m 2s
Rendered 11915/18000, time remaining: 13m 5s
Rendered 11916/18000, time remaining: 13m 15s
Rendered 11917/18000, time remaining: 13m 38s
Rendered 11918/18000, time remaining: 13m 39s
Rendered 11919/18000, time remaining: 13m 46s
Rendered 11920/18000, time remaining: 13m 48s
Rendered 11921/18000, time remaining: 13m 46s
Rendered 11922/18000, time remaining: 13m 43s
Rendered 11923/18000, time remaining: 13m 48s
Rendered 11924/18000, time remaining: 13m 48s
Rendered 11925/18000, time remaining: 13m 44s
Rendered 11926/18000, time remaining: 13m 41s
Rendered 11927/18000, time remaining: 13m 49s
Rendered 11928/18000, time remaining: 13m 50s
Rendered 11929/18000, time remaining: 13m 47s
Rendered 11930/18000, time remaining: 13m 40s
Rendered 11931/18000, time remaining: 13m 41s
Rendered 11932/18000, time remaining: 13m 43s
Rendered 11933/18000, time remaining: 13m 41s
Rendered 11934/18000, time remaining: 13m 41s
Rendered 11935/18000, time remaining: 13m 40s
Rendered 11936/18000, time remaining: 13m 48s
Rendered 11937/18000, time remaining: 13m 40s
Rendered 11938/18000, time remaining: 13m 40s
Rendered 11939/18000, time remaining: 13m 39s
Rendered 11940/18000, time remaining: 13m 44s
Rendered 11941/18000, time remaining: 13m 40s
Rendered 11942/18000, time remaining: 13m 42s
Rendered 11943/18000, time remaining: 13m 45s
Rendered 11944/18000, time remaining: 13m 42s
Rendered 11945/18000, time remaining: 13m 44s
Rendered 11946/18000, time remaining: 13m 46s
Rendered 11947/18000, time remaining: 13m 52s
Rendered 11948/18000, time remaining: 13m 48s
Rendered 11949/18000, time remaining: 13m 49s
Rendered 11950/18000, time remaining: 13m 47s
Rendered 11951/18000, time remaining: 13m 59s
Rendered 11952/18000, time remaining: 13m 48s
Rendered 11953/18000, time remaining: 13m 44s
Rendered 11954/18000, time remaining: 13m 46s
Rendered 11955/18000, time remaining: 13m 51s
Rendered 11956/18000, time remaining: 13m 55s
Rendered 11957/18000, time remaining: 13m 40s
Rendered 11958/18000, time remaining: 13m 40s
Rendered 11959/18000, time remaining: 13m 42s
Rendered 11960/18000, time remaining: 13m 40s
Rendered 11961/18000, time remaining: 13m 45s
Rendered 11962/18000, time remaining: 13m 47s
Rendered 11963/18000, time remaining: 13m 53s
Rendered 11964/18000, time remaining: 13m 49s
Rendered 11965/18000, time remaining: 13m 48s
Rendered 11966/18000, time remaining: 13m 47s
Rendered 11967/18000, time remaining: 13m 51s
Rendered 11968/18000, time remaining: 13m 54s
Rendered 11969/18000, time remaining: 13m 53s
Rendered 11970/18000, time remaining: 13m 51s
Rendered 11971/18000, time remaining: 14m 0s
Rendered 11972/18000, time remaining: 13m 57s
Rendered 11973/18000, time remaining: 13m 57s
Rendered 11974/18000, time remaining: 13m 53s
Rendered 11975/18000, time remaining: 13m 59s
Rendered 11976/18000, time remaining: 13m 57s
Rendered 11977/18000, time remaining: 13m 55s
Rendered 11978/18000, time remaining: 13m 51s
Rendered 11979/18000, time remaining: 13m 55s
Rendered 11980/18000, time remaining: 13m 57s
Rendered 11981/18000, time remaining: 13m 57s
Rendered 11982/18000, time remaining: 13m 53s
Rendered 11983/18000, time remaining: 13m 52s
Rendered 11984/18000, time remaining: 14m 3s
Rendered 11985/18000, time remaining: 14m 3s
Rendered 11986/18000, time remaining: 14m 0s
Rendered 11987/18000, time remaining: 13m 59s
Rendered 11988/18000, time remaining: 14m 0s
Rendered 11989/18000, time remaining: 13m 53s
Rendered 11990/18000, time remaining: 13m 51s
Rendered 11991/18000, time remaining: 13m 48s
Rendered 11992/18000, time remaining: 13m 57s
Rendered 11993/18000, time remaining: 14m 0s
Rendered 11994/18000, time remaining: 14m 0s
Rendered 11995/18000, time remaining: 13m 51s
Rendered 11996/18000, time remaining: 13m 51s
Rendered 11997/18000, time remaining: 13m 54s
Rendered 11998/18000, time remaining: 14m 2s
Rendered 11999/18000, time remaining: 13m 57s
Rendered 12000/18000, time remaining: 13m 58s
Rendered 12001/18000, time remaining: 13m 53s
Rendered 12002/18000, time remaining: 14m 4s
Rendered 12003/18000, time remaining: 14m 2s
Rendered 12004/18000, time remaining: 14m 1s
Rendered 12005/18000, time remaining: 13m 56s
Rendered 12006/18000, time remaining: 13m 46s
Rendered 12007/18000, time remaining: 13m 55s
Rendered 12008/18000, time remaining: 13m 55s
Rendered 12009/18000, time remaining: 13m 56s
Rendered 12010/18000, time remaining: 13m 50s
Rendered 12011/18000, time remaining: 13m 58s
Rendered 12012/18000, time remaining: 13m 55s
Rendered 12013/18000, time remaining: 13m 57s
Rendered 12014/18000, time remaining: 13m 53s
Rendered 12015/18000, time remaining: 13m 50s
Rendered 12016/18000, time remaining: 13m 48s
Rendered 12017/18000, time remaining: 13m 52s
Rendered 12018/18000, time remaining: 13m 55s
Rendered 12019/18000, time remaining: 13m 56s
Rendered 12020/18000, time remaining: 13m 48s
Rendered 12021/18000, time remaining: 13m 48s
Rendered 12022/18000, time remaining: 13m 46s
Rendered 12023/18000, time remaining: 13m 48s
Rendered 12024/18000, time remaining: 13m 54s
Rendered 12025/18000, time remaining: 13m 56s
Rendered 12026/18000, time remaining: 13m 52s
Rendered 12027/18000, time remaining: 13m 51s
Rendered 12028/18000, time remaining: 13m 55s
Rendered 12029/18000, time remaining: 13m 59s
Rendered 12030/18000, time remaining: 13m 58s
Rendered 12031/18000, time remaining: 13m 55s
Rendered 12032/18000, time remaining: 13m 54s
Rendered 12033/18000, time remaining: 13m 59s
Rendered 12034/18000, time remaining: 13m 54s
Rendered 12035/18000, time remaining: 13m 53s
Rendered 12036/18000, time remaining: 13m 58s
Rendered 12037/18000, time remaining: 14m 1s
Rendered 12038/18000, time remaining: 13m 55s
Rendered 12039/18000, time remaining: 13m 49s
Rendered 12040/18000, time remaining: 13m 58s
Rendered 12041/18000, time remaining: 13m 59s
Rendered 12042/18000, time remaining: 13m 59s
Rendered 12043/18000, time remaining: 13m 55s
Rendered 12044/18000, time remaining: 13m 59s
Rendered 12045/18000, time remaining: 14m 1s
Rendered 12046/18000, time remaining: 13m 58s
Rendered 12047/18000, time remaining: 13m 56s
Rendered 12048/18000, time remaining: 13m 56s
Rendered 12049/18000, time remaining: 14m 4s
Rendered 12050/18000, time remaining: 14m 3s
Rendered 12051/18000, time remaining: 14m 0s
Rendered 12052/18000, time remaining: 13m 57s
Rendered 12053/18000, time remaining: 14m 6s
Rendered 12054/18000, time remaining: 14m 6s
Rendered 12055/18000, time remaining: 14m 6s
Rendered 12056/18000, time remaining: 14m 1s
Rendered 12057/18000, time remaining: 14m 4s
Rendered 12058/18000, time remaining: 14m 7s
Rendered 12059/18000, time remaining: 14m 10s
Rendered 12060/18000, time remaining: 14m 8s
Rendered 12061/18000, time remaining: 14m 1s
Rendered 12062/18000, time remaining: 13m 37s
Rendered 12063/18000, time remaining: 13m 23s
Rendered 12064/18000, time remaining: 13m 30s
Rendered 12065/18000, time remaining: 13m 26s
Rendered 12066/18000, time remaining: 13m 17s
Rendered 12067/18000, time remaining: 12m 56s
Rendered 12068/18000, time remaining: 13m 1s
Rendered 12069/18000, time remaining: 12m 53s
Rendered 12070/18000, time remaining: 12m 51s
Rendered 12071/18000, time remaining: 12m 49s
Rendered 12072/18000, time remaining: 13m 2s
Rendered 12073/18000, time remaining: 12m 56s
Rendered 12074/18000, time remaining: 12m 55s
Rendered 12075/18000, time remaining: 12m 54s
Rendered 12076/18000, time remaining: 13m 6s
Rendered 12077/18000, time remaining: 12m 56s
Rendered 12078/18000, time remaining: 12m 56s
Rendered 12079/18000, time remaining: 12m 56s
Rendered 12080/18000, time remaining: 13m 0s
Rendered 12081/18000, time remaining: 13m 2s
Rendered 12082/18000, time remaining: 12m 59s
Rendered 12083/18000, time remaining: 13m 0s
Rendered 12084/18000, time remaining: 12m 58s
Rendered 12085/18000, time remaining: 13m 13s
Rendered 12086/18000, time remaining: 13m 7s
Rendered 12087/18000, time remaining: 13m 3s
Rendered 12088/18000, time remaining: 13m 2s
Rendered 12089/18000, time remaining: 13m 3s
Rendered 12090/18000, time remaining: 13m 8s
Rendered 12091/18000, time remaining: 13m 5s
Rendered 12092/18000, time remaining: 13m 1s
Rendered 12093/18000, time remaining: 12m 58s
Rendered 12094/18000, time remaining: 13m 7s
Rendered 12095/18000, time remaining: 13m 7s
Rendered 12096/18000, time remaining: 13m 5s
Rendered 12097/18000, time remaining: 12m 54s
Rendered 12098/18000, time remaining: 13m 4s
Rendered 12099/18000, time remaining: 13m 9s
Rendered 12100/18000, time remaining: 13m 7s
Rendered 12101/18000, time remaining: 12m 53s
Rendered 12102/18000, time remaining: 13m 4s
Rendered 12103/18000, time remaining: 13m 6s
Rendered 12104/18000, time remaining: 13m 5s
Rendered 12105/18000, time remaining: 13m 1s
Rendered 12106/18000, time remaining: 13m 3s
Rendered 12107/18000, time remaining: 13m 2s
Rendered 12108/18000, time remaining: 13m 2s
Rendered 12109/18000, time remaining: 13m 7s
Rendered 12110/18000, time remaining: 13m 9s
Rendered 12111/18000, time remaining: 13m 3s
Rendered 12112/18000, time remaining: 13m 0s
Rendered 12113/18000, time remaining: 13m 0s
Rendered 12114/18000, time remaining: 13m 6s
Rendered 12115/18000, time remaining: 13m 7s
Rendered 12116/18000, time remaining: 13m 5s
Rendered 12117/18000, time remaining: 13m 2s
Rendered 12118/18000, time remaining: 13m 10s
Rendered 12119/18000, time remaining: 13m 9s
Rendered 12120/18000, time remaining: 13m 11s
Rendered 12121/18000, time remaining: 13m 0s
Rendered 12122/18000, time remaining: 13m 13s
Rendered 12123/18000, time remaining: 13m 11s
Rendered 12124/18000, time remaining: 13m 14s
Rendered 12125/18000, time remaining: 12m 59s
Rendered 12126/18000, time remaining: 13m 10s
Rendered 12127/18000, time remaining: 13m 10s
Rendered 12128/18000, time remaining: 13m 13s
Rendered 12129/18000, time remaining: 13m 10s
Rendered 12130/18000, time remaining: 13m 11s
Rendered 12131/18000, time remaining: 13m 13s
Rendered 12132/18000, time remaining: 13m 14s
Rendered 12133/18000, time remaining: 13m 15s
Rendered 12134/18000, time remaining: 13m 5s
Rendered 12135/18000, time remaining: 13m 11s
Rendered 12136/18000, time remaining: 13m 10s
Rendered 12137/18000, time remaining: 13m 13s
Rendered 12138/18000, time remaining: 13m 8s
Rendered 12139/18000, time remaining: 13m 12s
Rendered 12140/18000, time remaining: 13m 13s
Rendered 12141/18000, time remaining: 13m 13s
Rendered 12142/18000, time remaining: 13m 7s
Rendered 12143/18000, time remaining: 13m 12s
Rendered 12144/18000, time remaining: 13m 11s
Rendered 12145/18000, time remaining: 13m 12s
Rendered 12146/18000, time remaining: 13m 12s
Rendered 12147/18000, time remaining: 13m 18s
Rendered 12148/18000, time remaining: 13m 9s
Rendered 12149/18000, time remaining: 13m 11s
Rendered 12150/18000, time remaining: 13m 8s
Rendered 12151/18000, time remaining: 13m 21s
Rendered 12152/18000, time remaining: 13m 10s
Rendered 12153/18000, time remaining: 13m 12s
Rendered 12154/18000, time remaining: 13m 10s
Rendered 12155/18000, time remaining: 13m 16s
Rendered 12156/18000, time remaining: 13m 12s
Rendered 12157/18000, time remaining: 13m 9s
Rendered 12158/18000, time remaining: 13m 10s
Rendered 12159/18000, time remaining: 13m 9s
Rendered 12160/18000, time remaining: 13m 13s
Rendered 12161/18000, time remaining: 13m 6s
Rendered 12162/18000, time remaining: 13m 8s
Rendered 12163/18000, time remaining: 13m 11s
Rendered 12164/18000, time remaining: 13m 12s
Rendered 12165/18000, time remaining: 13m 7s
Rendered 12166/18000, time remaining: 13m 11s
Rendered 12167/18000, time remaining: 13m 14s
Rendered 12168/18000, time remaining: 13m 12s
Rendered 12169/18000, time remaining: 13m 11s
Rendered 12170/18000, time remaining: 13m 14s
Rendered 12171/18000, time remaining: 13m 23s
Rendered 12172/18000, time remaining: 13m 22s
Rendered 12173/18000, time remaining: 13m 20s
Rendered 12174/18000, time remaining: 13m 12s
Rendered 12175/18000, time remaining: 13m 24s
Rendered 12176/18000, time remaining: 13m 24s
Rendered 12177/18000, time remaining: 13m 22s
Rendered 12178/18000, time remaining: 13m 16s
Rendered 12179/18000, time remaining: 13m 33s
Rendered 12180/18000, time remaining: 13m 32s
Rendered 12181/18000, time remaining: 13m 32s
Rendered 12182/18000, time remaining: 13m 55s
Rendered 12183/18000, time remaining: 14m 12s
Rendered 12184/18000, time remaining: 14m 9s
Rendered 12185/18000, time remaining: 14m 9s
Rendered 12186/18000, time remaining: 14m 4s
Rendered 12187/18000, time remaining: 14m 38s
Rendered 12188/18000, time remaining: 14m 37s
Rendered 12189/18000, time remaining: 14m 34s
Rendered 12190/18000, time remaining: 14m 24s
Rendered 12191/18000, time remaining: 14m 32s
Rendered 12192/18000, time remaining: 14m 32s
Rendered 12193/18000, time remaining: 14m 30s
Rendered 12194/18000, time remaining: 14m 23s
Rendered 12195/18000, time remaining: 14m 29s
Rendered 12196/18000, time remaining: 14m 30s
Rendered 12197/18000, time remaining: 14m 30s
Rendered 12198/18000, time remaining: 14m 29s
Rendered 12199/18000, time remaining: 14m 22s
Rendered 12200/18000, time remaining: 14m 24s
Rendered 12201/18000, time remaining: 14m 23s
Rendered 12202/18000, time remaining: 14m 26s
Rendered 12203/18000, time remaining: 14m 19s
Rendered 12204/18000, time remaining: 14m 28s
Rendered 12205/18000, time remaining: 14m 28s
Rendered 12206/18000, time remaining: 14m 27s
Rendered 12207/18000, time remaining: 14m 26s
Rendered 12208/18000, time remaining: 14m 20s
Rendered 12209/18000, time remaining: 14m 25s
Rendered 12210/18000, time remaining: 14m 24s
Rendered 12211/18000, time remaining: 14m 24s
Rendered 12212/18000, time remaining: 14m 18s
Rendered 12213/18000, time remaining: 14m 21s
Rendered 12214/18000, time remaining: 14m 15s
Rendered 12215/18000, time remaining: 14m 17s
Rendered 12216/18000, time remaining: 14m 14s
Rendered 12217/18000, time remaining: 14m 12s
Rendered 12218/18000, time remaining: 14m 9s
Rendered 12219/18000, time remaining: 14m 9s
Rendered 12220/18000, time remaining: 14m 10s
Rendered 12221/18000, time remaining: 14m 17s
Rendered 12222/18000, time remaining: 14m 8s
Rendered 12223/18000, time remaining: 14m 6s
Rendered 12224/18000, time remaining: 14m 5s
Rendered 12225/18000, time remaining: 14m 14s
Rendered 12226/18000, time remaining: 14m 4s
Rendered 12227/18000, time remaining: 14m 2s
Rendered 12228/18000, time remaining: 14m 2s
Rendered 12229/18000, time remaining: 14m 5s
Rendered 12230/18000, time remaining: 14m 3s
Rendered 12231/18000, time remaining: 13m 57s
Rendered 12232/18000, time remaining: 13m 57s
Rendered 12233/18000, time remaining: 13m 56s
Rendered 12234/18000, time remaining: 14m 4s
Rendered 12235/18000, time remaining: 13m 55s
Rendered 12236/18000, time remaining: 13m 54s
Rendered 12237/18000, time remaining: 14m 0s
Rendered 12238/18000, time remaining: 14m 10s
Rendered 12239/18000, time remaining: 14m 8s
Rendered 12240/18000, time remaining: 13m 56s
Rendered 12241/18000, time remaining: 13m 55s
Rendered 12242/18000, time remaining: 14m 4s
Rendered 12243/18000, time remaining: 14m 6s
Rendered 12244/18000, time remaining: 13m 58s
Rendered 12245/18000, time remaining: 13m 54s
Rendered 12246/18000, time remaining: 13m 57s
Rendered 12247/18000, time remaining: 14m 6s
Rendered 12248/18000, time remaining: 13m 56s
Rendered 12249/18000, time remaining: 13m 51s
Rendered 12250/18000, time remaining: 13m 52s
Rendered 12251/18000, time remaining: 14m 1s
Rendered 12252/18000, time remaining: 13m 49s
Rendered 12253/18000, time remaining: 13m 47s
Rendered 12254/18000, time remaining: 13m 45s
Rendered 12255/18000, time remaining: 13m 55s
Rendered 12256/18000, time remaining: 13m 47s
Rendered 12257/18000, time remaining: 13m 47s
Rendered 12258/18000, time remaining: 13m 44s
Rendered 12259/18000, time remaining: 13m 41s
Rendered 12260/18000, time remaining: 13m 41s
Rendered 12261/18000, time remaining: 13m 43s
Rendered 12262/18000, time remaining: 13m 43s
Rendered 12263/18000, time remaining: 13m 35s
Rendered 12264/18000, time remaining: 13m 39s
Rendered 12265/18000, time remaining: 13m 38s
Rendered 12266/18000, time remaining: 13m 37s
Rendered 12267/18000, time remaining: 13m 34s
Rendered 12268/18000, time remaining: 13m 31s
Rendered 12269/18000, time remaining: 13m 31s
Rendered 12270/18000, time remaining: 13m 28s
Rendered 12271/18000, time remaining: 13m 29s
Rendered 12272/18000, time remaining: 13m 24s
Rendered 12273/18000, time remaining: 13m 28s
Rendered 12274/18000, time remaining: 13m 27s
Rendered 12275/18000, time remaining: 13m 27s
Rendered 12276/18000, time remaining: 13m 18s
Rendered 12277/18000, time remaining: 13m 24s
Rendered 12278/18000, time remaining: 13m 22s
Rendered 12279/18000, time remaining: 13m 19s
Rendered 12280/18000, time remaining: 13m 12s
Rendered 12281/18000, time remaining: 13m 18s
Rendered 12282/18000, time remaining: 13m 18s
Rendered 12283/18000, time remaining: 13m 14s
Rendered 12284/18000, time remaining: 13m 10s
Rendered 12285/18000, time remaining: 13m 8s
Rendered 12286/18000, time remaining: 13m 15s
Rendered 12287/18000, time remaining: 13m 14s
Rendered 12288/18000, time remaining: 13m 9s
Rendered 12289/18000, time remaining: 13m 1s
Rendered 12290/18000, time remaining: 13m 8s
Rendered 12291/18000, time remaining: 13m 12s
Rendered 12292/18000, time remaining: 13m 9s
Rendered 12293/18000, time remaining: 12m 59s
Rendered 12294/18000, time remaining: 13m 5s
Rendered 12295/18000, time remaining: 13m 9s
Rendered 12296/18000, time remaining: 13m 6s
Rendered 12297/18000, time remaining: 12m 56s
Rendered 12298/18000, time remaining: 13m 2s
Rendered 12299/18000, time remaining: 13m 5s
Rendered 12300/18000, time remaining: 13m 8s
Rendered 12301/18000, time remaining: 12m 55s
Rendered 12302/18000, time remaining: 12m 56s
Rendered 12303/18000, time remaining: 12m 59s
Rendered 12304/18000, time remaining: 13m 2s
Rendered 12305/18000, time remaining: 12m 59s
Rendered 12306/18000, time remaining: 12m 57s
Rendered 12307/18000, time remaining: 12m 58s
Rendered 12308/18000, time remaining: 12m 57s
Rendered 12309/18000, time remaining: 12m 58s
Rendered 12310/18000, time remaining: 12m 59s
Rendered 12311/18000, time remaining: 12m 58s
Rendered 12312/18000, time remaining: 12m 58s
Rendered 12313/18000, time remaining: 12m 53s
Rendered 12314/18000, time remaining: 12m 55s
Rendered 12315/18000, time remaining: 13m 1s
Rendered 12316/18000, time remaining: 12m 55s
Rendered 12317/18000, time remaining: 12m 48s
Rendered 12318/18000, time remaining: 12m 51s
Rendered 12319/18000, time remaining: 12m 59s
Rendered 12320/18000, time remaining: 12m 50s
Rendered 12321/18000, time remaining: 12m 41s
Rendered 12322/18000, time remaining: 12m 43s
Rendered 12323/18000, time remaining: 12m 55s
Rendered 12324/18000, time remaining: 12m 52s
Rendered 12325/18000, time remaining: 12m 39s
Rendered 12326/18000, time remaining: 12m 39s
Rendered 12327/18000, time remaining: 12m 45s
Rendered 12328/18000, time remaining: 12m 45s
Rendered 12329/18000, time remaining: 12m 27s
Rendered 12330/18000, time remaining: 12m 27s
Rendered 12331/18000, time remaining: 12m 28s
Rendered 12332/18000, time remaining: 12m 6s
Rendered 12333/18000, time remaining: 11m 44s
Rendered 12334/18000, time remaining: 11m 48s
Rendered 12335/18000, time remaining: 11m 49s
Rendered 12336/18000, time remaining: 11m 46s
Rendered 12337/18000, time remaining: 11m 15s
Rendered 12338/18000, time remaining: 11m 17s
Rendered 12339/18000, time remaining: 11m 27s
Rendered 12340/18000, time remaining: 11m 27s
Rendered 12341/18000, time remaining: 11m 18s
Rendered 12342/18000, time remaining: 11m 17s
Rendered 12343/18000, time remaining: 11m 27s
Rendered 12344/18000, time remaining: 11m 28s
Rendered 12345/18000, time remaining: 11m 17s
Rendered 12346/18000, time remaining: 11m 15s
Rendered 12347/18000, time remaining: 11m 26s
Rendered 12348/18000, time remaining: 11m 27s
Rendered 12349/18000, time remaining: 11m 22s
Rendered 12350/18000, time remaining: 11m 19s
Rendered 12351/18000, time remaining: 11m 21s
Rendered 12352/18000, time remaining: 11m 28s
Rendered 12353/18000, time remaining: 11m 25s
Rendered 12354/18000, time remaining: 11m 13s
Rendered 12355/18000, time remaining: 11m 11s
Rendered 12356/18000, time remaining: 11m 28s
Rendered 12357/18000, time remaining: 11m 25s
Rendered 12358/18000, time remaining: 11m 22s
Rendered 12359/18000, time remaining: 11m 14s
Rendered 12360/18000, time remaining: 11m 28s
Rendered 12361/18000, time remaining: 11m 27s
Rendered 12362/18000, time remaining: 11m 29s
Rendered 12363/18000, time remaining: 11m 24s
Rendered 12364/18000, time remaining: 11m 28s
Rendered 12365/18000, time remaining: 11m 25s
Rendered 12366/18000, time remaining: 11m 27s
Rendered 12367/18000, time remaining: 11m 25s
Rendered 12368/18000, time remaining: 11m 29s
Rendered 12369/18000, time remaining: 11m 28s
Rendered 12370/18000, time remaining: 11m 27s
Rendered 12371/18000, time remaining: 11m 18s
Rendered 12372/18000, time remaining: 11m 27s
Rendered 12373/18000, time remaining: 11m 28s
Rendered 12374/18000, time remaining: 11m 26s
Rendered 12375/18000, time remaining: 11m 22s
Rendered 12376/18000, time remaining: 11m 32s
Rendered 12377/18000, time remaining: 11m 32s
Rendered 12378/18000, time remaining: 11m 30s
Rendered 12379/18000, time remaining: 11m 28s
Rendered 12380/18000, time remaining: 11m 35s
Rendered 12381/18000, time remaining: 11m 33s
Rendered 12382/18000, time remaining: 11m 32s
Rendered 12383/18000, time remaining: 11m 32s
Rendered 12384/18000, time remaining: 11m 39s
Rendered 12385/18000, time remaining: 11m 31s
Rendered 12386/18000, time remaining: 11m 31s
Rendered 12387/18000, time remaining: 11m 23s
Rendered 12388/18000, time remaining: 11m 20s
Rendered 12389/18000, time remaining: 11m 19s
Rendered 12390/18000, time remaining: 11m 21s
Rendered 12391/18000, time remaining: 11m 21s
Rendered 12392/18000, time remaining: 11m 19s
Rendered 12393/18000, time remaining: 11m 15s
Rendered 12394/18000, time remaining: 11m 16s
Rendered 12395/18000, time remaining: 11m 17s
Rendered 12396/18000, time remaining: 11m 22s
Rendered 12397/18000, time remaining: 11m 13s
Rendered 12398/18000, time remaining: 11m 15s
Rendered 12399/18000, time remaining: 11m 18s
Rendered 12400/18000, time remaining: 11m 22s
Rendered 12401/18000, time remaining: 11m 12s
Rendered 12402/18000, time remaining: 11m 14s
Rendered 12403/18000, time remaining: 11m 18s
Rendered 12404/18000, time remaining: 11m 21s
Rendered 12405/18000, time remaining: 11m 11s
Rendered 12406/18000, time remaining: 11m 12s
Rendered 12407/18000, time remaining: 11m 15s
Rendered 12408/18000, time remaining: 11m 19s
Rendered 12409/18000, time remaining: 11m 15s
Rendered 12410/18000, time remaining: 11m 13s
Rendered 12411/18000, time remaining: 11m 12s
Rendered 12412/18000, time remaining: 11m 16s
Rendered 12413/18000, time remaining: 11m 18s
Rendered 12414/18000, time remaining: 11m 11s
Rendered 12415/18000, time remaining: 11m 10s
Rendered 12416/18000, time remaining: 11m 11s
Rendered 12417/18000, time remaining: 11m 13s
Rendered 12418/18000, time remaining: 11m 8s
Rendered 12419/18000, time remaining: 11m 9s
Rendered 12420/18000, time remaining: 11m 10s
Rendered 12421/18000, time remaining: 11m 19s
Rendered 12422/18000, time remaining: 11m 10s
Rendered 12423/18000, time remaining: 11m 8s
Rendered 12424/18000, time remaining: 11m 6s
Rendered 12425/18000, time remaining: 11m 14s
Rendered 12426/18000, time remaining: 11m 11s
Rendered 12427/18000, time remaining: 11m 6s
Rendered 12428/18000, time remaining: 11m 5s
Rendered 12429/18000, time remaining: 11m 11s
Rendered 12430/18000, time remaining: 11m 13s
Rendered 12431/18000, time remaining: 11m 4s
Rendered 12432/18000, time remaining: 11m 5s
Rendered 12433/18000, time remaining: 11m 11s
Rendered 12434/18000, time remaining: 11m 13s
Rendered 12435/18000, time remaining: 11m 9s
Rendered 12436/18000, time remaining: 11m 3s
Rendered 12437/18000, time remaining: 11m 3s
Rendered 12438/18000, time remaining: 11m 9s
Rendered 12439/18000, time remaining: 11m 11s
Rendered 12440/18000, time remaining: 11m 3s
Rendered 12441/18000, time remaining: 11m 1s
Rendered 12442/18000, time remaining: 11m 6s
Rendered 12443/18000, time remaining: 11m 6s
Rendered 12444/18000, time remaining: 11m 0s
Rendered 12445/18000, time remaining: 10m 59s
Rendered 12446/18000, time remaining: 11m 2s
Rendered 12447/18000, time remaining: 11m 2s
Rendered 12448/18000, time remaining: 10m 59s
Rendered 12449/18000, time remaining: 10m 58s
Rendered 12450/18000, time remaining: 11m 0s
Rendered 12451/18000, time remaining: 11m 1s
Rendered 12452/18000, time remaining: 11m 0s
Rendered 12453/18000, time remaining: 11m 1s
Rendered 12454/18000, time remaining: 11m 5s
Rendered 12455/18000, time remaining: 11m 4s
Rendered 12456/18000, time remaining: 11m 14s
Rendered 12457/18000, time remaining: 11m 6s
Rendered 12458/18000, time remaining: 11m 12s
Rendered 12459/18000, time remaining: 11m 10s
Rendered 12460/18000, time remaining: 11m 8s
Rendered 12461/18000, time remaining: 11m 3s
Rendered 12462/18000, time remaining: 11m 6s
Rendered 12463/18000, time remaining: 11m 7s
Rendered 12464/18000, time remaining: 11m 4s
Rendered 12465/18000, time remaining: 10m 56s
Rendered 12466/18000, time remaining: 10m 58s
Rendered 12467/18000, time remaining: 11m 5s
Rendered 12468/18000, time remaining: 11m 1s
Rendered 12469/18000, time remaining: 10m 50s
Rendered 12470/18000, time remaining: 10m 52s
Rendered 12471/18000, time remaining: 10m 59s
Rendered 12472/18000, time remaining: 10m 56s
Rendered 12473/18000, time remaining: 10m 44s
Rendered 12474/18000, time remaining: 10m 46s
Rendered 12475/18000, time remaining: 10m 48s
Rendered 12476/18000, time remaining: 10m 50s
Rendered 12477/18000, time remaining: 10m 43s
Rendered 12478/18000, time remaining: 10m 44s
Rendered 12479/18000, time remaining: 10m 44s
Rendered 12480/18000, time remaining: 10m 46s
Rendered 12481/18000, time remaining: 10m 44s
Rendered 12482/18000, time remaining: 10m 42s
Rendered 12483/18000, time remaining: 10m 38s
Rendered 12484/18000, time remaining: 10m 41s
Rendered 12485/18000, time remaining: 10m 42s
Rendered 12486/18000, time remaining: 10m 39s
Rendered 12487/18000, time remaining: 10m 36s
Rendered 12488/18000, time remaining: 10m 39s
Rendered 12489/18000, time remaining: 10m 31s
Rendered 12490/18000, time remaining: 10m 33s
Rendered 12491/18000, time remaining: 10m 31s
Rendered 12492/18000, time remaining: 10m 36s
Rendered 12493/18000, time remaining: 10m 27s
Rendered 12494/18000, time remaining: 10m 27s
Rendered 12495/18000, time remaining: 10m 28s
Rendered 12496/18000, time remaining: 10m 34s
Rendered 12497/18000, time remaining: 10m 23s
Rendered 12498/18000, time remaining: 10m 21s
Rendered 12499/18000, time remaining: 10m 20s
Rendered 12500/18000, time remaining: 10m 26s
Rendered 12501/18000, time remaining: 10m 25s
Rendered 12502/18000, time remaining: 10m 16s
Rendered 12503/18000, time remaining: 10m 15s
Rendered 12504/18000, time remaining: 10m 17s
Rendered 12505/18000, time remaining: 10m 21s
Rendered 12506/18000, time remaining: 10m 6s
Rendered 12507/18000, time remaining: 10m 7s
Rendered 12508/18000, time remaining: 10m 8s
Rendered 12509/18000, time remaining: 10m 10s
Rendered 12510/18000, time remaining: 9m 59s
Rendered 12511/18000, time remaining: 10m 0s
Rendered 12512/18000, time remaining: 9m 58s
Rendered 12513/18000, time remaining: 9m 59s
Rendered 12514/18000, time remaining: 9m 55s
Rendered 12515/18000, time remaining: 9m 59s
Rendered 12516/18000, time remaining: 9m 56s
Rendered 12517/18000, time remaining: 9m 59s
Rendered 12518/18000, time remaining: 9m 50s
Rendered 12519/18000, time remaining: 9m 54s
Rendered 12520/18000, time remaining: 9m 55s
Rendered 12521/18000, time remaining: 9m 55s
Rendered 12522/18000, time remaining: 9m 45s
Rendered 12523/18000, time remaining: 9m 47s
Rendered 12524/18000, time remaining: 9m 50s
Rendered 12525/18000, time remaining: 9m 48s
Rendered 12526/18000, time remaining: 9m 36s
Rendered 12527/18000, time remaining: 9m 40s
Rendered 12528/18000, time remaining: 9m 42s
Rendered 12529/18000, time remaining: 9m 43s
Rendered 12530/18000, time remaining: 9m 34s
Rendered 12531/18000, time remaining: 9m 35s
Rendered 12532/18000, time remaining: 9m 36s
Rendered 12533/18000, time remaining: 9m 40s
Rendered 12534/18000, time remaining: 9m 29s
Rendered 12535/18000, time remaining: 9m 31s
Rendered 12536/18000, time remaining: 9m 28s
Rendered 12537/18000, time remaining: 9m 30s
Rendered 12538/18000, time remaining: 9m 28s
Rendered 12539/18000, time remaining: 9m 29s
Rendered 12540/18000, time remaining: 9m 26s
Rendered 12541/18000, time remaining: 9m 31s
Rendered 12542/18000, time remaining: 9m 24s
Rendered 12543/18000, time remaining: 9m 26s
Rendered 12544/18000, time remaining: 9m 24s
Rendered 12545/18000, time remaining: 9m 30s
Rendered 12546/18000, time remaining: 9m 21s
Rendered 12547/18000, time remaining: 9m 23s
Rendered 12548/18000, time remaining: 9m 20s
Rendered 12549/18000, time remaining: 9m 18s
Rendered 12550/18000, time remaining: 9m 19s
Rendered 12551/18000, time remaining: 9m 20s
Rendered 12552/18000, time remaining: 9m 19s
Rendered 12553/18000, time remaining: 9m 14s
Rendered 12554/18000, time remaining: 9m 13s
Rendered 12555/18000, time remaining: 9m 17s
Rendered 12556/18000, time remaining: 9m 18s
Rendered 12557/18000, time remaining: 9m 14s
Rendered 12558/18000, time remaining: 9m 11s
Rendered 12559/18000, time remaining: 9m 11s
Rendered 12560/18000, time remaining: 9m 15s
Rendered 12561/18000, time remaining: 9m 13s
Rendered 12562/18000, time remaining: 9m 9s
Rendered 12563/18000, time remaining: 9m 5s
Rendered 12564/18000, time remaining: 9m 7s
Rendered 12565/18000, time remaining: 9m 14s
Rendered 12566/18000, time remaining: 9m 14s
Rendered 12567/18000, time remaining: 9m 10s
Rendered 12568/18000, time remaining: 9m 7s
Rendered 12569/18000, time remaining: 9m 12s
Rendered 12570/18000, time remaining: 9m 12s
Rendered 12571/18000, time remaining: 9m 4s
Rendered 12572/18000, time remaining: 9m 3s
Rendered 12573/18000, time remaining: 9m 4s
Rendered 12574/18000, time remaining: 9m 6s
Rendered 12575/18000, time remaining: 9m 1s
Rendered 12576/18000, time remaining: 9m 2s
Rendered 12577/18000, time remaining: 9m 2s
Rendered 12578/18000, time remaining: 9m 3s
Rendered 12579/18000, time remaining: 9m 0s
Rendered 12580/18000, time remaining: 9m 1s
Rendered 12581/18000, time remaining: 9m 2s
Rendered 12582/18000, time remaining: 8m 59s
Rendered 12583/18000, time remaining: 8m 56s
Rendered 12584/18000, time remaining: 8m 57s
Rendered 12585/18000, time remaining: 9m 0s
Rendered 12586/18000, time remaining: 9m 0s
Rendered 12587/18000, time remaining: 8m 58s
Rendered 12588/18000, time remaining: 8m 54s
Rendered 12589/18000, time remaining: 9m 2s
Rendered 12590/18000, time remaining: 9m 1s
Rendered 12591/18000, time remaining: 9m 1s
Rendered 12592/18000, time remaining: 8m 55s
Rendered 12593/18000, time remaining: 9m 1s
Rendered 12594/18000, time remaining: 9m 1s
Rendered 12595/18000, time remaining: 9m 2s
Rendered 12596/18000, time remaining: 8m 56s
Rendered 12597/18000, time remaining: 8m 59s
Rendered 12598/18000, time remaining: 9m 0s
Rendered 12599/18000, time remaining: 8m 58s
Rendered 12600/18000, time remaining: 8m 53s
Rendered 12601/18000, time remaining: 8m 54s
Rendered 12602/18000, time remaining: 8m 56s
Rendered 12603/18000, time remaining: 8m 52s
Rendered 12604/18000, time remaining: 8m 48s
Rendered 12605/18000, time remaining: 8m 47s
Rendered 12606/18000, time remaining: 8m 38s
Rendered 12607/18000, time remaining: 8m 41s
Rendered 12608/18000, time remaining: 8m 37s
Rendered 12609/18000, time remaining: 8m 38s
Rendered 12610/18000, time remaining: 8m 37s
Rendered 12611/18000, time remaining: 8m 41s
Rendered 12612/18000, time remaining: 8m 36s
Rendered 12613/18000, time remaining: 8m 38s
Rendered 12614/18000, time remaining: 8m 39s
Rendered 12615/18000, time remaining: 8m 41s
Rendered 12616/18000, time remaining: 8m 45s
Rendered 12617/18000, time remaining: 8m 40s
Rendered 12618/18000, time remaining: 8m 40s
Rendered 12619/18000, time remaining: 8m 41s
Rendered 12620/18000, time remaining: 8m 41s
Rendered 12621/18000, time remaining: 8m 43s
Rendered 12622/18000, time remaining: 8m 42s
Rendered 12623/18000, time remaining: 8m 43s
Rendered 12624/18000, time remaining: 8m 42s
Rendered 12625/18000, time remaining: 8m 45s
Rendered 12626/18000, time remaining: 8m 43s
Rendered 12627/18000, time remaining: 8m 46s
Rendered 12628/18000, time remaining: 8m 43s
Rendered 12629/18000, time remaining: 8m 48s
Rendered 12630/18000, time remaining: 8m 44s
Rendered 12631/18000, time remaining: 8m 45s
Rendered 12632/18000, time remaining: 8m 42s
Rendered 12633/18000, time remaining: 8m 51s
Rendered 12634/18000, time remaining: 8m 47s
Rendered 12635/18000, time remaining: 8m 46s
Rendered 12636/18000, time remaining: 8m 48s
Rendered 12637/18000, time remaining: 8m 51s
Rendered 12638/18000, time remaining: 8m 48s
Rendered 12639/18000, time remaining: 8m 46s
Rendered 12640/18000, time remaining: 8m 46s
Rendered 12641/18000, time remaining: 8m 46s
Rendered 12642/18000, time remaining: 8m 48s
Rendered 12643/18000, time remaining: 8m 49s
Rendered 12644/18000, time remaining: 8m 49s
Rendered 12645/18000, time remaining: 8m 50s
Rendered 12646/18000, time remaining: 8m 48s
Rendered 12647/18000, time remaining: 8m 49s
Rendered 12648/18000, time remaining: 8m 48s
Rendered 12649/18000, time remaining: 8m 49s
Rendered 12650/18000, time remaining: 8m 49s
Rendered 12651/18000, time remaining: 8m 49s
Rendered 12652/18000, time remaining: 8m 48s
Rendered 12653/18000, time remaining: 8m 48s
Rendered 12654/18000, time remaining: 8m 54s
Rendered 12655/18000, time remaining: 8m 56s
Rendered 12656/18000, time remaining: 8m 55s
Rendered 12657/18000, time remaining: 8m 53s
Rendered 12658/18000, time remaining: 8m 52s
Rendered 12659/18000, time remaining: 9m 1s
Rendered 12660/18000, time remaining: 8m 55s
Rendered 12661/18000, time remaining: 8m 54s
Rendered 12662/18000, time remaining: 8m 55s
Rendered 12663/18000, time remaining: 9m 3s
Rendered 12664/18000, time remaining: 8m 58s
Rendered 12665/18000, time remaining: 8m 57s
Rendered 12666/18000, time remaining: 8m 57s
Rendered 12667/18000, time remaining: 8m 59s
Rendered 12668/18000, time remaining: 8m 58s
Rendered 12669/18000, time remaining: 8m 55s
Rendered 12670/18000, time remaining: 8m 58s
Rendered 12671/18000, time remaining: 9m 1s
Rendered 12672/18000, time remaining: 8m 59s
Rendered 12673/18000, time remaining: 8m 58s
Rendered 12674/18000, time remaining: 9m 1s
Rendered 12675/18000, time remaining: 9m 0s
Rendered 12676/18000, time remaining: 9m 0s
Rendered 12677/18000, time remaining: 8m 57s
Rendered 12678/18000, time remaining: 8m 56s
Rendered 12679/18000, time remaining: 9m 0s
Rendered 12680/18000, time remaining: 8m 59s
Rendered 12681/18000, time remaining: 9m 0s
Rendered 12682/18000, time remaining: 8m 58s
Rendered 12683/18000, time remaining: 8m 58s
Rendered 12684/18000, time remaining: 8m 56s
Rendered 12685/18000, time remaining: 8m 55s
Rendered 12686/18000, time remaining: 8m 54s
Rendered 12687/18000, time remaining: 8m 55s
Rendered 12688/18000, time remaining: 8m 57s
Rendered 12689/18000, time remaining: 8m 56s
Rendered 12690/18000, time remaining: 8m 57s
Rendered 12691/18000, time remaining: 8m 52s
Rendered 12692/18000, time remaining: 9m 1s
Rendered 12693/18000, time remaining: 9m 0s
Rendered 12694/18000, time remaining: 9m 0s
Rendered 12695/18000, time remaining: 8m 53s
Rendered 12696/18000, time remaining: 8m 59s
Rendered 12697/18000, time remaining: 8m 58s
Rendered 12698/18000, time remaining: 8m 58s
Rendered 12699/18000, time remaining: 8m 59s
Rendered 12700/18000, time remaining: 8m 58s
Rendered 12701/18000, time remaining: 8m 57s
Rendered 12702/18000, time remaining: 8m 55s
Rendered 12703/18000, time remaining: 8m 57s
Rendered 12704/18000, time remaining: 9m 0s
Rendered 12705/18000, time remaining: 8m 57s
Rendered 12706/18000, time remaining: 8m 53s
Rendered 12707/18000, time remaining: 8m 55s
Rendered 12708/18000, time remaining: 8m 57s
Rendered 12709/18000, time remaining: 8m 59s
Rendered 12710/18000, time remaining: 8m 55s
Rendered 12711/18000, time remaining: 8m 53s
Rendered 12712/18000, time remaining: 8m 55s
Rendered 12713/18000, time remaining: 8m 58s
Rendered 12714/18000, time remaining: 8m 57s
Rendered 12715/18000, time remaining: 8m 48s
Rendered 12716/18000, time remaining: 8m 49s
Rendered 12717/18000, time remaining: 8m 52s
Rendered 12718/18000, time remaining: 8m 54s
Rendered 12719/18000, time remaining: 8m 48s
Rendered 12720/18000, time remaining: 8m 48s
Rendered 12721/18000, time remaining: 8m 47s
Rendered 12722/18000, time remaining: 8m 54s
Rendered 12723/18000, time remaining: 8m 54s
Rendered 12724/18000, time remaining: 8m 52s
Rendered 12725/18000, time remaining: 8m 48s
Rendered 12726/18000, time remaining: 8m 49s
Rendered 12727/18000, time remaining: 8m 56s
Rendered 12728/18000, time remaining: 8m 55s
Rendered 12729/18000, time remaining: 8m 50s
Rendered 12730/18000, time remaining: 8m 47s
Rendered 12731/18000, time remaining: 8m 53s
Rendered 12732/18000, time remaining: 8m 54s
Rendered 12733/18000, time remaining: 8m 54s
Rendered 12734/18000, time remaining: 8m 49s
Rendered 12735/18000, time remaining: 8m 51s
Rendered 12736/18000, time remaining: 8m 48s
Rendered 12737/18000, time remaining: 8m 50s
Rendered 12738/18000, time remaining: 8m 49s
Rendered 12739/18000, time remaining: 8m 44s
Rendered 12740/18000, time remaining: 8m 42s
Rendered 12741/18000, time remaining: 8m 43s
Rendered 12742/18000, time remaining: 8m 47s
Rendered 12743/18000, time remaining: 8m 41s
Rendered 12744/18000, time remaining: 8m 41s
Rendered 12745/18000, time remaining: 8m 41s
Rendered 12746/18000, time remaining: 8m 43s
Rendered 12747/18000, time remaining: 8m 42s
Rendered 12748/18000, time remaining: 8m 38s
Rendered 12749/18000, time remaining: 8m 37s
Rendered 12750/18000, time remaining: 8m 41s
Rendered 12751/18000, time remaining: 8m 41s
Rendered 12752/18000, time remaining: 8m 39s
Rendered 12753/18000, time remaining: 8m 35s
Rendered 12754/18000, time remaining: 8m 37s
Rendered 12755/18000, time remaining: 8m 38s
Rendered 12756/18000, time remaining: 8m 39s
Rendered 12757/18000, time remaining: 8m 38s
Rendered 12758/18000, time remaining: 8m 36s
Rendered 12759/18000, time remaining: 8m 34s
Rendered 12760/18000, time remaining: 8m 35s
Rendered 12761/18000, time remaining: 8m 39s
Rendered 12762/18000, time remaining: 8m 36s
Rendered 12763/18000, time remaining: 8m 32s
Rendered 12764/18000, time remaining: 8m 31s
Rendered 12765/18000, time remaining: 8m 38s
Rendered 12766/18000, time remaining: 8m 31s
Rendered 12767/18000, time remaining: 8m 30s
Rendered 12768/18000, time remaining: 8m 30s
Rendered 12769/18000, time remaining: 8m 36s
Rendered 12770/18000, time remaining: 8m 33s
Rendered 12771/18000, time remaining: 8m 27s
Rendered 12772/18000, time remaining: 8m 26s
Rendered 12773/18000, time remaining: 8m 31s
Rendered 12774/18000, time remaining: 8m 31s
Rendered 12775/18000, time remaining: 8m 24s
Rendered 12776/18000, time remaining: 8m 23s
Rendered 12777/18000, time remaining: 8m 27s
Rendered 12778/18000, time remaining: 8m 30s
Rendered 12779/18000, time remaining: 8m 22s
Rendered 12780/18000, time remaining: 8m 22s
Rendered 12781/18000, time remaining: 8m 27s
Rendered 12782/18000, time remaining: 8m 29s
Rendered 12783/18000, time remaining: 8m 22s
Rendered 12784/18000, time remaining: 8m 20s
Rendered 12785/18000, time remaining: 8m 24s
Rendered 12786/18000, time remaining: 8m 23s
Rendered 12787/18000, time remaining: 8m 19s
Rendered 12788/18000, time remaining: 8m 18s
Rendered 12789/18000, time remaining: 8m 20s
Rendered 12790/18000, time remaining: 8m 21s
Rendered 12791/18000, time remaining: 8m 21s
Rendered 12792/18000, time remaining: 8m 14s
Rendered 12793/18000, time remaining: 8m 15s
Rendered 12794/18000, time remaining: 8m 15s
Rendered 12795/18000, time remaining: 8m 17s
Rendered 12796/18000, time remaining: 8m 11s
Rendered 12797/18000, time remaining: 8m 12s
Rendered 12798/18000, time remaining: 8m 15s
Rendered 12799/18000, time remaining: 8m 16s
Rendered 12800/18000, time remaining: 8m 9s
Rendered 12801/18000, time remaining: 8m 10s
Rendered 12802/18000, time remaining: 8m 14s
Rendered 12803/18000, time remaining: 8m 15s
Rendered 12804/18000, time remaining: 8m 8s
Rendered 12805/18000, time remaining: 8m 4s
Rendered 12806/18000, time remaining: 8m 5s
Rendered 12807/18000, time remaining: 8m 6s
Rendered 12808/18000, time remaining: 8m 8s
Rendered 12809/18000, time remaining: 8m 0s
Rendered 12810/18000, time remaining: 8m 2s
Rendered 12811/18000, time remaining: 8m 4s
Rendered 12812/18000, time remaining: 8m 3s
Rendered 12813/18000, time remaining: 7m 56s
Rendered 12814/18000, time remaining: 7m 59s
Rendered 12815/18000, time remaining: 8m 0s
Rendered 12816/18000, time remaining: 7m 59s
Rendered 12817/18000, time remaining: 7m 57s
Rendered 12818/18000, time remaining: 7m 59s
Rendered 12819/18000, time remaining: 8m 0s
Rendered 12820/18000, time remaining: 7m 55s
Rendered 12821/18000, time remaining: 7m 54s
Rendered 12822/18000, time remaining: 7m 54s
Rendered 12823/18000, time remaining: 7m 59s
Rendered 12824/18000, time remaining: 7m 53s
Rendered 12825/18000, time remaining: 7m 54s
Rendered 12826/18000, time remaining: 7m 53s
Rendered 12827/18000, time remaining: 8m 0s
Rendered 12828/18000, time remaining: 7m 59s
Rendered 12829/18000, time remaining: 7m 51s
Rendered 12830/18000, time remaining: 7m 51s
Rendered 12831/18000, time remaining: 7m 53s
Rendered 12832/18000, time remaining: 8m 0s
Rendered 12833/18000, time remaining: 7m 53s
Rendered 12834/18000, time remaining: 7m 53s
Rendered 12835/18000, time remaining: 7m 53s
Rendered 12836/18000, time remaining: 8m 1s
Rendered 12837/18000, time remaining: 7m 58s
Rendered 12838/18000, time remaining: 7m 53s
Rendered 12839/18000, time remaining: 7m 52s
Rendered 12840/18000, time remaining: 7m 59s
Rendered 12841/18000, time remaining: 8m 0s
Rendered 12842/18000, time remaining: 7m 51s
Rendered 12843/18000, time remaining: 7m 50s
Rendered 12844/18000, time remaining: 7m 57s
Rendered 12845/18000, time remaining: 7m 58s
Rendered 12846/18000, time remaining: 7m 51s
Rendered 12847/18000, time remaining: 7m 50s
Rendered 12848/18000, time remaining: 7m 58s
Rendered 12849/18000, time remaining: 7m 58s
Rendered 12850/18000, time remaining: 7m 54s
Rendered 12851/18000, time remaining: 7m 52s
Rendered 12852/18000, time remaining: 8m 0s
Rendered 12853/18000, time remaining: 8m 2s
Rendered 12854/18000, time remaining: 7m 59s
Rendered 12855/18000, time remaining: 7m 57s
Rendered 12856/18000, time remaining: 7m 58s
Rendered 12857/18000, time remaining: 8m 1s
Rendered 12858/18000, time remaining: 8m 1s
Rendered 12859/18000, time remaining: 7m 58s
Rendered 12860/18000, time remaining: 7m 56s
Rendered 12861/18000, time remaining: 8m 1s
Rendered 12862/18000, time remaining: 8m 7s
Rendered 12863/18000, time remaining: 8m 3s
Rendered 12864/18000, time remaining: 8m 1s
Rendered 12865/18000, time remaining: 8m 2s
Rendered 12866/18000, time remaining: 8m 7s
Rendered 12867/18000, time remaining: 8m 6s
Rendered 12868/18000, time remaining: 8m 4s
Rendered 12869/18000, time remaining: 8m 3s
Rendered 12870/18000, time remaining: 8m 5s
Rendered 12871/18000, time remaining: 8m 10s
Rendered 12872/18000, time remaining: 8m 3s
Rendered 12873/18000, time remaining: 8m 1s
Rendered 12874/18000, time remaining: 8m 1s
Rendered 12875/18000, time remaining: 8m 8s
Rendered 12876/18000, time remaining: 8m 7s
Rendered 12877/18000, time remaining: 7m 59s
Rendered 12878/18000, time remaining: 7m 59s
Rendered 12879/18000, time remaining: 8m 3s
Rendered 12880/18000, time remaining: 8m 6s
Rendered 12881/18000, time remaining: 7m 59s
Rendered 12882/18000, time remaining: 7m 59s
Rendered 12883/18000, time remaining: 7m 59s
Rendered 12884/18000, time remaining: 8m 4s
Rendered 12885/18000, time remaining: 8m 2s
Rendered 12886/18000, time remaining: 8m 1s
Rendered 12887/18000, time remaining: 8m 2s
Rendered 12888/18000, time remaining: 8m 5s
Rendered 12889/18000, time remaining: 8m 1s
Rendered 12890/18000, time remaining: 8m 1s
Rendered 12891/18000, time remaining: 8m 1s
Rendered 12892/18000, time remaining: 8m 0s
Rendered 12893/18000, time remaining: 8m 2s
Rendered 12894/18000, time remaining: 8m 1s
Rendered 12895/18000, time remaining: 7m 57s
Rendered 12896/18000, time remaining: 7m 58s
Rendered 12897/18000, time remaining: 8m 2s
Rendered 12898/18000, time remaining: 8m 3s
Rendered 12899/18000, time remaining: 8m 1s
Rendered 12900/18000, time remaining: 8m 0s
Rendered 12901/18000, time remaining: 8m 0s
Rendered 12902/18000, time remaining: 8m 3s
Rendered 12903/18000, time remaining: 8m 3s
Rendered 12904/18000, time remaining: 8m 1s
Rendered 12905/18000, time remaining: 7m 59s
Rendered 12906/18000, time remaining: 8m 4s
Rendered 12907/18000, time remaining: 8m 1s
Rendered 12908/18000, time remaining: 8m 4s
Rendered 12909/18000, time remaining: 8m 5s
Rendered 12910/18000, time remaining: 8m 6s
Rendered 12911/18000, time remaining: 7m 59s
Rendered 12912/18000, time remaining: 8m 10s
Rendered 12913/18000, time remaining: 8m 10s
Rendered 12914/18000, time remaining: 8m 11s
Rendered 12915/18000, time remaining: 8m 1s
Rendered 12916/18000, time remaining: 8m 8s
Rendered 12917/18000, time remaining: 8m 8s
Rendered 12918/18000, time remaining: 8m 11s
Rendered 12919/18000, time remaining: 8m 3s
Rendered 12920/18000, time remaining: 8m 5s
Rendered 12921/18000, time remaining: 8m 7s
Rendered 12922/18000, time remaining: 8m 9s
Rendered 12923/18000, time remaining: 8m 4s
Rendered 12924/18000, time remaining: 8m 3s
Rendered 12925/18000, time remaining: 8m 11s
Rendered 12926/18000, time remaining: 8m 12s
Rendered 12927/18000, time remaining: 8m 5s
Rendered 12928/18000, time remaining: 8m 3s
Rendered 12929/18000, time remaining: 8m 11s
Rendered 12930/18000, time remaining: 8m 11s
Rendered 12931/18000, time remaining: 8m 6s
Rendered 12932/18000, time remaining: 8m 4s
Rendered 12933/18000, time remaining: 8m 8s
Rendered 12934/18000, time remaining: 8m 13s
Rendered 12935/18000, time remaining: 8m 9s
Rendered 12936/18000, time remaining: 8m 9s
Rendered 12937/18000, time remaining: 8m 8s
Rendered 12938/18000, time remaining: 8m 14s
Rendered 12939/18000, time remaining: 8m 12s
Rendered 12940/18000, time remaining: 8m 11s
Rendered 12941/18000, time remaining: 8m 10s
Rendered 12942/18000, time remaining: 8m 12s
Rendered 12943/18000, time remaining: 8m 14s
Rendered 12944/18000, time remaining: 8m 13s
Rendered 12945/18000, time remaining: 8m 10s
Rendered 12946/18000, time remaining: 8m 14s
Rendered 12947/18000, time remaining: 8m 14s
Rendered 12948/18000, time remaining: 8m 13s
Rendered 12949/18000, time remaining: 8m 11s
Rendered 12950/18000, time remaining: 8m 14s
Rendered 12951/18000, time remaining: 8m 15s
Rendered 12952/18000, time remaining: 8m 14s
Rendered 12953/18000, time remaining: 8m 12s
Rendered 12954/18000, time remaining: 8m 16s
Rendered 12955/18000, time remaining: 8m 14s
Rendered 12956/18000, time remaining: 8m 17s
Rendered 12957/18000, time remaining: 8m 17s
Rendered 12958/18000, time remaining: 8m 18s
Rendered 12959/18000, time remaining: 8m 16s
Rendered 12960/18000, time remaining: 8m 18s
Rendered 12961/18000, time remaining: 8m 16s
Rendered 12962/18000, time remaining: 8m 17s
Rendered 12963/18000, time remaining: 8m 19s
Rendered 12964/18000, time remaining: 8m 19s
Rendered 12965/18000, time remaining: 8m 16s
Rendered 12966/18000, time remaining: 8m 18s
Rendered 12967/18000, time remaining: 8m 19s
Rendered 12968/18000, time remaining: 8m 19s
Rendered 12969/18000, time remaining: 8m 15s
Rendered 12970/18000, time remaining: 8m 17s
Rendered 12971/18000, time remaining: 8m 20s
Rendered 12972/18000, time remaining: 8m 22s
Rendered 12973/18000, time remaining: 8m 16s
Rendered 12974/18000, time remaining: 8m 18s
Rendered 12975/18000, time remaining: 8m 16s
Rendered 12976/18000, time remaining: 8m 23s
Rendered 12977/18000, time remaining: 8m 15s
Rendered 12978/18000, time remaining: 8m 16s
Rendered 12979/18000, time remaining: 8m 15s
Rendered 12980/18000, time remaining: 8m 21s
Rendered 12981/18000, time remaining: 8m 19s
Rendered 12982/18000, time remaining: 8m 14s
Rendered 12983/18000, time remaining: 8m 16s
Rendered 12984/18000, time remaining: 8m 18s
Rendered 12985/18000, time remaining: 8m 22s
Rendered 12986/18000, time remaining: 8m 14s
Rendered 12987/18000, time remaining: 8m 15s
Rendered 12988/18000, time remaining: 8m 14s
Rendered 12989/18000, time remaining: 8m 21s
Rendered 12990/18000, time remaining: 8m 14s
Rendered 12991/18000, time remaining: 8m 17s
Rendered 12992/18000, time remaining: 8m 20s
Rendered 12993/18000, time remaining: 8m 26s
Rendered 12994/18000, time remaining: 8m 23s
Rendered 12995/18000, time remaining: 8m 25s
Rendered 12996/18000, time remaining: 8m 27s
Rendered 12997/18000, time remaining: 8m 29s
Rendered 12998/18000, time remaining: 8m 26s
Rendered 12999/18000, time remaining: 8m 26s
Rendered 13000/18000, time remaining: 8m 27s
Rendered 13001/18000, time remaining: 8m 29s
Rendered 13002/18000, time remaining: 8m 22s
Rendered 13003/18000, time remaining: 8m 21s
Rendered 13004/18000, time remaining: 8m 22s
Rendered 13005/18000, time remaining: 8m 22s
Rendered 13006/18000, time remaining: 8m 23s
Rendered 13007/18000, time remaining: 8m 18s
Rendered 13008/18000, time remaining: 8m 19s
Rendered 13009/18000, time remaining: 8m 21s
Rendered 13010/18000, time remaining: 8m 20s
Rendered 13011/18000, time remaining: 8m 18s
Rendered 13012/18000, time remaining: 8m 12s
Rendered 13013/18000, time remaining: 8m 16s
Rendered 13014/18000, time remaining: 8m 15s
Rendered 13015/18000, time remaining: 8m 16s
Rendered 13016/18000, time remaining: 8m 11s
Rendered 13017/18000, time remaining: 8m 12s
Rendered 13018/18000, time remaining: 8m 13s
Rendered 13019/18000, time remaining: 8m 16s
Rendered 13020/18000, time remaining: 8m 14s
Rendered 13021/18000, time remaining: 8m 10s
Rendered 13022/18000, time remaining: 8m 12s
Rendered 13023/18000, time remaining: 8m 11s
Rendered 13024/18000, time remaining: 8m 13s
Rendered 13025/18000, time remaining: 8m 9s
Rendered 13026/18000, time remaining: 8m 12s
Rendered 13027/18000, time remaining: 8m 13s
Rendered 13028/18000, time remaining: 8m 11s
Rendered 13029/18000, time remaining: 8m 9s
Rendered 13030/18000, time remaining: 8m 10s
Rendered 13031/18000, time remaining: 8m 12s
Rendered 13032/18000, time remaining: 8m 11s
Rendered 13033/18000, time remaining: 8m 10s
Rendered 13034/18000, time remaining: 8m 6s
Rendered 13035/18000, time remaining: 8m 9s
Rendered 13036/18000, time remaining: 8m 10s
Rendered 13037/18000, time remaining: 8m 9s
Rendered 13038/18000, time remaining: 8m 6s
Rendered 13039/18000, time remaining: 8m 10s
Rendered 13040/18000, time remaining: 8m 11s
Rendered 13041/18000, time remaining: 8m 10s
Rendered 13042/18000, time remaining: 8m 8s
Rendered 13043/18000, time remaining: 8m 12s
Rendered 13044/18000, time remaining: 8m 11s
Rendered 13045/18000, time remaining: 8m 10s
Rendered 13046/18000, time remaining: 8m 7s
Rendered 13047/18000, time remaining: 8m 14s
Rendered 13048/18000, time remaining: 8m 13s
Rendered 13049/18000, time remaining: 8m 12s
Rendered 13050/18000, time remaining: 8m 9s
Rendered 13051/18000, time remaining: 8m 16s
Rendered 13052/18000, time remaining: 8m 14s
Rendered 13053/18000, time remaining: 8m 13s
Rendered 13054/18000, time remaining: 8m 11s
Rendered 13055/18000, time remaining: 8m 19s
Rendered 13056/18000, time remaining: 8m 13s
Rendered 13057/18000, time remaining: 8m 13s
Rendered 13058/18000, time remaining: 8m 9s
Rendered 13059/18000, time remaining: 8m 14s
Rendered 13060/18000, time remaining: 8m 18s
Rendered 13061/18000, time remaining: 8m 18s
Rendered 13062/18000, time remaining: 8m 8s
Rendered 13063/18000, time remaining: 8m 9s
Rendered 13064/18000, time remaining: 8m 16s
Rendered 13065/18000, time remaining: 8m 17s
Rendered 13066/18000, time remaining: 8m 11s
Rendered 13067/18000, time remaining: 8m 9s
Rendered 13068/18000, time remaining: 8m 10s
Rendered 13069/18000, time remaining: 8m 16s
Rendered 13070/18000, time remaining: 8m 15s
Rendered 13071/18000, time remaining: 8m 10s
Rendered 13072/18000, time remaining: 8m 11s
Rendered 13073/18000, time remaining: 8m 14s
Rendered 13074/18000, time remaining: 8m 14s
Rendered 13075/18000, time remaining: 8m 8s
Rendered 13076/18000, time remaining: 8m 6s
Rendered 13077/18000, time remaining: 8m 13s
Rendered 13078/18000, time remaining: 8m 13s
Rendered 13079/18000, time remaining: 8m 7s
Rendered 13080/18000, time remaining: 8m 4s
Rendered 13081/18000, time remaining: 8m 11s
Rendered 13082/18000, time remaining: 8m 11s
Rendered 13083/18000, time remaining: 8m 5s
Rendered 13084/18000, time remaining: 8m 1s
Rendered 13085/18000, time remaining: 8m 7s
Rendered 13086/18000, time remaining: 8m 7s
Rendered 13087/18000, time remaining: 8m 7s
Rendered 13088/18000, time remaining: 8m 0s
Rendered 13089/18000, time remaining: 8m 5s
Rendered 13090/18000, time remaining: 8m 5s
Rendered 13091/18000, time remaining: 8m 6s
Rendered 13092/18000, time remaining: 8m 4s
Rendered 13093/18000, time remaining: 8m 3s
Rendered 13094/18000, time remaining: 8m 3s
Rendered 13095/18000, time remaining: 8m 4s
Rendered 13096/18000, time remaining: 8m 1s
Rendered 13097/18000, time remaining: 8m 6s
Rendered 13098/18000, time remaining: 8m 3s
Rendered 13099/18000, time remaining: 8m 4s
Rendered 13100/18000, time remaining: 8m 2s
Rendered 13101/18000, time remaining: 8m 5s
Rendered 13102/18000, time remaining: 8m 2s
Rendered 13103/18000, time remaining: 8m 5s
Rendered 13104/18000, time remaining: 7m 59s
Rendered 13105/18000, time remaining: 8m 2s
Rendered 13106/18000, time remaining: 8m 0s
Rendered 13107/18000, time remaining: 8m 3s
Rendered 13108/18000, time remaining: 8m 0s
Rendered 13109/18000, time remaining: 7m 59s
Rendered 13110/18000, time remaining: 7m 55s
Rendered 13111/18000, time remaining: 8m 1s
Rendered 13112/18000, time remaining: 8m 1s
Rendered 13113/18000, time remaining: 7m 59s
Rendered 13114/18000, time remaining: 7m 56s
Rendered 13115/18000, time remaining: 7m 57s
Rendered 13116/18000, time remaining: 7m 57s
Rendered 13117/18000, time remaining: 7m 57s
Rendered 13118/18000, time remaining: 7m 57s
Rendered 13119/18000, time remaining: 7m 56s
Rendered 13120/18000, time remaining: 7m 56s
Rendered 13121/18000, time remaining: 7m 54s
Rendered 13122/18000, time remaining: 7m 55s
Rendered 13123/18000, time remaining: 7m 54s
Rendered 13124/18000, time remaining: 7m 54s
Rendered 13125/18000, time remaining: 7m 55s
Rendered 13126/18000, time remaining: 7m 52s
Rendered 13127/18000, time remaining: 7m 53s
Rendered 13128/18000, time remaining: 7m 53s
Rendered 13129/18000, time remaining: 7m 53s
Rendered 13130/18000, time remaining: 7m 54s
Rendered 13131/18000, time remaining: 7m 52s
Rendered 13132/18000, time remaining: 7m 50s
Rendered 13133/18000, time remaining: 7m 49s
Rendered 13134/18000, time remaining: 7m 53s
Rendered 13135/18000, time remaining: 7m 50s
Rendered 13136/18000, time remaining: 7m 50s
Rendered 13137/18000, time remaining: 7m 48s
Rendered 13138/18000, time remaining: 7m 55s
Rendered 13139/18000, time remaining: 7m 49s
Rendered 13140/18000, time remaining: 7m 48s
Rendered 13141/18000, time remaining: 7m 44s
Rendered 13142/18000, time remaining: 7m 47s
Rendered 13143/18000, time remaining: 7m 44s
Rendered 13144/18000, time remaining: 7m 40s
Rendered 13145/18000, time remaining: 7m 37s
Rendered 13146/18000, time remaining: 7m 36s
Rendered 13147/18000, time remaining: 7m 41s
Rendered 13148/18000, time remaining: 7m 37s
Rendered 13149/18000, time remaining: 7m 35s
Rendered 13150/18000, time remaining: 7m 35s
Rendered 13151/18000, time remaining: 7m 40s
Rendered 13152/18000, time remaining: 7m 39s
Rendered 13153/18000, time remaining: 7m 39s
Rendered 13154/18000, time remaining: 7m 36s
Rendered 13155/18000, time remaining: 7m 42s
Rendered 13156/18000, time remaining: 7m 41s
Rendered 13157/18000, time remaining: 7m 41s
Rendered 13158/18000, time remaining: 7m 37s
Rendered 13159/18000, time remaining: 7m 39s
Rendered 13160/18000, time remaining: 7m 45s
Rendered 13161/18000, time remaining: 7m 45s
Rendered 13162/18000, time remaining: 7m 42s
Rendered 13163/18000, time remaining: 7m 40s
Rendered 13164/18000, time remaining: 7m 48s
Rendered 13165/18000, time remaining: 7m 48s
Rendered 13166/18000, time remaining: 7m 44s
Rendered 13167/18000, time remaining: 7m 42s
Rendered 13168/18000, time remaining: 7m 47s
Rendered 13169/18000, time remaining: 7m 45s
Rendered 13170/18000, time remaining: 7m 44s
Rendered 13171/18000, time remaining: 7m 41s
Rendered 13172/18000, time remaining: 7m 42s
Rendered 13173/18000, time remaining: 7m 48s
Rendered 13174/18000, time remaining: 7m 46s
Rendered 13175/18000, time remaining: 7m 44s
Rendered 13176/18000, time remaining: 7m 40s
Rendered 13177/18000, time remaining: 7m 43s
Rendered 13178/18000, time remaining: 7m 46s
Rendered 13179/18000, time remaining: 7m 46s
Rendered 13180/18000, time remaining: 7m 44s
Rendered 13181/18000, time remaining: 7m 41s
Rendered 13182/18000, time remaining: 7m 43s
Rendered 13183/18000, time remaining: 7m 44s
Rendered 13184/18000, time remaining: 7m 47s
Rendered 13185/18000, time remaining: 7m 40s
Rendered 13186/18000, time remaining: 7m 42s
Rendered 13187/18000, time remaining: 7m 43s
Rendered 13188/18000, time remaining: 7m 44s
Rendered 13189/18000, time remaining: 7m 41s
Rendered 13190/18000, time remaining: 7m 43s
Rendered 13191/18000, time remaining: 7m 41s
Rendered 13192/18000, time remaining: 7m 42s
Rendered 13193/18000, time remaining: 7m 40s
Rendered 13194/18000, time remaining: 7m 43s
Rendered 13195/18000, time remaining: 7m 44s
Rendered 13196/18000, time remaining: 7m 44s
Rendered 13197/18000, time remaining: 7m 34s
Rendered 13198/18000, time remaining: 7m 42s
Rendered 13199/18000, time remaining: 7m 44s
Rendered 13200/18000, time remaining: 7m 43s
Rendered 13201/18000, time remaining: 7m 33s
Rendered 13202/18000, time remaining: 7m 39s
Rendered 13203/18000, time remaining: 7m 41s
Rendered 13204/18000, time remaining: 7m 41s
Rendered 13205/18000, time remaining: 7m 35s
Rendered 13206/18000, time remaining: 7m 37s
Rendered 13207/18000, time remaining: 7m 40s
Rendered 13208/18000, time remaining: 7m 40s
Rendered 13209/18000, time remaining: 7m 36s
Rendered 13210/18000, time remaining: 7m 30s
Rendered 13211/18000, time remaining: 7m 36s
Rendered 13212/18000, time remaining: 7m 35s
Rendered 13213/18000, time remaining: 7m 36s
Rendered 13214/18000, time remaining: 7m 31s
Rendered 13215/18000, time remaining: 7m 33s
Rendered 13216/18000, time remaining: 7m 32s
Rendered 13217/18000, time remaining: 7m 39s
Rendered 13218/18000, time remaining: 7m 36s
Rendered 13219/18000, time remaining: 7m 34s
Rendered 13220/18000, time remaining: 7m 32s
Rendered 13221/18000, time remaining: 7m 40s
Rendered 13222/18000, time remaining: 7m 38s
Rendered 13223/18000, time remaining: 7m 34s
Rendered 13224/18000, time remaining: 7m 34s
Rendered 13225/18000, time remaining: 7m 41s
Rendered 13226/18000, time remaining: 7m 41s
Rendered 13227/18000, time remaining: 7m 36s
Rendered 13228/18000, time remaining: 7m 36s
Rendered 13229/18000, time remaining: 7m 41s
Rendered 13230/18000, time remaining: 7m 42s
Rendered 13231/18000, time remaining: 7m 38s
Rendered 13232/18000, time remaining: 7m 36s
Rendered 13233/18000, time remaining: 7m 39s
Rendered 13234/18000, time remaining: 7m 42s
Rendered 13235/18000, time remaining: 7m 38s
Rendered 13236/18000, time remaining: 7m 38s
Rendered 13237/18000, time remaining: 7m 38s
Rendered 13238/18000, time remaining: 7m 45s
Rendered 13239/18000, time remaining: 7m 39s
Rendered 13240/18000, time remaining: 7m 39s
Rendered 13241/18000, time remaining: 7m 38s
Rendered 13242/18000, time remaining: 7m 45s
Rendered 13243/18000, time remaining: 7m 42s
Rendered 13244/18000, time remaining: 7m 43s
Rendered 13245/18000, time remaining: 7m 41s
Rendered 13246/18000, time remaining: 7m 42s
Rendered 13247/18000, time remaining: 7m 37s
Rendered 13248/18000, time remaining: 7m 41s
Rendered 13249/18000, time remaining: 7m 42s
Rendered 13250/18000, time remaining: 7m 42s
Rendered 13251/18000, time remaining: 7m 37s
Rendered 13252/18000, time remaining: 7m 38s
Rendered 13253/18000, time remaining: 7m 43s
Rendered 13254/18000, time remaining: 7m 43s
Rendered 13255/18000, time remaining: 7m 40s
Rendered 13256/18000, time remaining: 7m 40s
Rendered 13257/18000, time remaining: 7m 42s
Rendered 13258/18000, time remaining: 7m 42s
Rendered 13259/18000, time remaining: 7m 41s
Rendered 13260/18000, time remaining: 7m 43s
Rendered 13261/18000, time remaining: 7m 46s
Rendered 13262/18000, time remaining: 8m 8s
Rendered 13263/18000, time remaining: 8m 10s
Rendered 13264/18000, time remaining: 8m 10s
Rendered 13265/18000, time remaining: 8m 12s
Rendered 13266/18000, time remaining: 8m 27s
Rendered 13267/18000, time remaining: 8m 27s
Rendered 13268/18000, time remaining: 8m 25s
Rendered 13269/18000, time remaining: 8m 29s
Rendered 13270/18000, time remaining: 8m 32s
Rendered 13271/18000, time remaining: 8m 30s
Rendered 13272/18000, time remaining: 8m 31s
Rendered 13273/18000, time remaining: 8m 30s
Rendered 13274/18000, time remaining: 8m 35s
Rendered 13275/18000, time remaining: 8m 35s
Rendered 13276/18000, time remaining: 8m 33s
Rendered 13277/18000, time remaining: 8m 32s
Rendered 13278/18000, time remaining: 8m 39s
Rendered 13279/18000, time remaining: 8m 40s
Rendered 13280/18000, time remaining: 8m 33s
Rendered 13281/18000, time remaining: 8m 33s
Rendered 13282/18000, time remaining: 8m 44s
Rendered 13283/18000, time remaining: 8m 53s
Rendered 13284/18000, time remaining: 8m 46s
Rendered 13285/18000, time remaining: 8m 50s
Rendered 13286/18000, time remaining: 8m 53s
Rendered 13287/18000, time remaining: 8m 55s
Rendered 13288/18000, time remaining: 8m 48s
Rendered 13289/18000, time remaining: 8m 49s
Rendered 13290/18000, time remaining: 8m 52s
Rendered 13291/18000, time remaining: 8m 58s
Rendered 13292/18000, time remaining: 8m 53s
Rendered 13293/18000, time remaining: 8m 52s
Rendered 13294/18000, time remaining: 8m 53s
Rendered 13295/18000, time remaining: 9m 2s
Rendered 13296/18000, time remaining: 9m 0s
Rendered 13297/18000, time remaining: 8m 54s
Rendered 13298/18000, time remaining: 8m 54s
Rendered 13299/18000, time remaining: 9m 0s
Rendered 13300/18000, time remaining: 9m 1s
Rendered 13301/18000, time remaining: 8m 54s
Rendered 13302/18000, time remaining: 8m 55s
Rendered 13303/18000, time remaining: 9m 1s
Rendered 13304/18000, time remaining: 9m 3s
Rendered 13305/18000, time remaining: 8m 57s
Rendered 13306/18000, time remaining: 8m 56s
Rendered 13307/18000, time remaining: 9m 2s
Rendered 13308/18000, time remaining: 9m 3s
Rendered 13309/18000, time remaining: 9m 2s
Rendered 13310/18000, time remaining: 8m 56s
Rendered 13311/18000, time remaining: 8m 59s
Rendered 13312/18000, time remaining: 9m 0s
Rendered 13313/18000, time remaining: 9m 1s
Rendered 13314/18000, time remaining: 8m 56s
Rendered 13315/18000, time remaining: 9m 3s
Rendered 13316/18000, time remaining: 9m 6s
Rendered 13317/18000, time remaining: 9m 9s
Rendered 13318/18000, time remaining: 9m 2s
Rendered 13319/18000, time remaining: 9m 4s
Rendered 13320/18000, time remaining: 9m 7s
Rendered 13321/18000, time remaining: 9m 11s
Rendered 13322/18000, time remaining: 9m 11s
Rendered 13323/18000, time remaining: 9m 4s
Rendered 13324/18000, time remaining: 9m 7s
Rendered 13325/18000, time remaining: 9m 10s
Rendered 13326/18000, time remaining: 9m 13s
Rendered 13327/18000, time remaining: 9m 11s
Rendered 13328/18000, time remaining: 9m 8s
Rendered 13329/18000, time remaining: 9m 8s
Rendered 13330/18000, time remaining: 9m 13s
Rendered 13331/18000, time remaining: 9m 13s
Rendered 13332/18000, time remaining: 9m 13s
Rendered 13333/18000, time remaining: 9m 11s
Rendered 13334/18000, time remaining: 9m 13s
Rendered 13335/18000, time remaining: 9m 16s
Rendered 13336/18000, time remaining: 9m 16s
Rendered 13337/18000, time remaining: 9m 13s
Rendered 13338/18000, time remaining: 9m 15s
Rendered 13339/18000, time remaining: 9m 16s
Rendered 13340/18000, time remaining: 9m 16s
Rendered 13341/18000, time remaining: 9m 16s
Rendered 13342/18000, time remaining: 9m 16s
Rendered 13343/18000, time remaining: 9m 17s
Rendered 13344/18000, time remaining: 9m 15s
Rendered 13345/18000, time remaining: 9m 14s
Rendered 13346/18000, time remaining: 9m 16s
Rendered 13347/18000, time remaining: 9m 19s
Rendered 13348/18000, time remaining: 9m 13s
Rendered 13349/18000, time remaining: 9m 13s
Rendered 13350/18000, time remaining: 9m 15s
Rendered 13351/18000, time remaining: 9m 18s
Rendered 13352/18000, time remaining: 9m 12s
Rendered 13353/18000, time remaining: 9m 15s
Rendered 13354/18000, time remaining: 9m 17s
Rendered 13355/18000, time remaining: 9m 15s
Rendered 13356/18000, time remaining: 9m 14s
Rendered 13357/18000, time remaining: 9m 15s
Rendered 13358/18000, time remaining: 9m 18s
Rendered 13359/18000, time remaining: 9m 16s
Rendered 13360/18000, time remaining: 9m 18s
Rendered 13361/18000, time remaining: 9m 14s
Rendered 13362/18000, time remaining: 9m 17s
Rendered 13363/18000, time remaining: 9m 15s
Rendered 13364/18000, time remaining: 9m 15s
Rendered 13365/18000, time remaining: 9m 16s
Rendered 13366/18000, time remaining: 9m 18s
Rendered 13367/18000, time remaining: 9m 13s
Rendered 13368/18000, time remaining: 9m 14s
Rendered 13369/18000, time remaining: 9m 19s
Rendered 13370/18000, time remaining: 9m 19s
Rendered 13371/18000, time remaining: 9m 11s
Rendered 13372/18000, time remaining: 9m 11s
Rendered 13373/18000, time remaining: 9m 19s
Rendered 13374/18000, time remaining: 9m 19s
Rendered 13375/18000, time remaining: 9m 11s
Rendered 13376/18000, time remaining: 9m 11s
Rendered 13377/18000, time remaining: 9m 21s
Rendered 13378/18000, time remaining: 9m 21s
Rendered 13379/18000, time remaining: 9m 14s
Rendered 13380/18000, time remaining: 9m 12s
Rendered 13381/18000, time remaining: 9m 22s
Rendered 13382/18000, time remaining: 9m 22s
Rendered 13383/18000, time remaining: 9m 20s
Rendered 13384/18000, time remaining: 9m 17s
Rendered 13385/18000, time remaining: 9m 22s
Rendered 13386/18000, time remaining: 9m 19s
Rendered 13387/18000, time remaining: 9m 20s
Rendered 13388/18000, time remaining: 9m 14s
Rendered 13389/18000, time remaining: 9m 22s
Rendered 13390/18000, time remaining: 9m 19s
Rendered 13391/18000, time remaining: 9m 22s
Rendered 13392/18000, time remaining: 9m 15s
Rendered 13393/18000, time remaining: 9m 21s
Rendered 13394/18000, time remaining: 9m 19s
Rendered 13395/18000, time remaining: 9m 21s
Rendered 13396/18000, time remaining: 9m 19s
Rendered 13397/18000, time remaining: 9m 24s
Rendered 13398/18000, time remaining: 9m 21s
Rendered 13399/18000, time remaining: 9m 19s
Rendered 13400/18000, time remaining: 9m 21s
Rendered 13401/18000, time remaining: 9m 22s
Rendered 13402/18000, time remaining: 9m 23s
Rendered 13403/18000, time remaining: 9m 19s
Rendered 13404/18000, time remaining: 9m 18s
Rendered 13405/18000, time remaining: 9m 20s
Rendered 13406/18000, time remaining: 9m 22s
Rendered 13407/18000, time remaining: 9m 18s
Rendered 13408/18000, time remaining: 9m 17s
Rendered 13409/18000, time remaining: 9m 19s
Rendered 13410/18000, time remaining: 9m 24s
Rendered 13411/18000, time remaining: 9m 18s
Rendered 13412/18000, time remaining: 8m 57s
Rendered 13413/18000, time remaining: 8m 53s
Rendered 13414/18000, time remaining: 8m 59s
Rendered 13415/18000, time remaining: 8m 59s
Rendered 13416/18000, time remaining: 8m 45s
Rendered 13417/18000, time remaining: 8m 42s
Rendered 13418/18000, time remaining: 8m 43s
Rendered 13419/18000, time remaining: 8m 45s
Rendered 13420/18000, time remaining: 8m 40s
Rendered 13421/18000, time remaining: 8m 40s
Rendered 13422/18000, time remaining: 8m 37s
Rendered 13423/18000, time remaining: 8m 46s
Rendered 13424/18000, time remaining: 8m 40s
Rendered 13425/18000, time remaining: 8m 39s
Rendered 13426/18000, time remaining: 8m 39s
Rendered 13427/18000, time remaining: 8m 41s
Rendered 13428/18000, time remaining: 8m 36s
Rendered 13429/18000, time remaining: 8m 37s
Rendered 13430/18000, time remaining: 8m 38s
Rendered 13431/18000, time remaining: 8m 39s
Rendered 13432/18000, time remaining: 8m 32s
Rendered 13433/18000, time remaining: 8m 26s
Rendered 13434/18000, time remaining: 8m 28s
Rendered 13435/18000, time remaining: 8m 24s
Rendered 13436/18000, time remaining: 8m 23s
Rendered 13437/18000, time remaining: 8m 22s
Rendered 13438/18000, time remaining: 8m 29s
Rendered 13439/18000, time remaining: 8m 27s
Rendered 13440/18000, time remaining: 8m 25s
Rendered 13441/18000, time remaining: 8m 19s
Rendered 13442/18000, time remaining: 8m 24s
Rendered 13443/18000, time remaining: 8m 23s
Rendered 13444/18000, time remaining: 8m 23s
Rendered 13445/18000, time remaining: 8m 15s
Rendered 13446/18000, time remaining: 8m 20s
Rendered 13447/18000, time remaining: 8m 21s
Rendered 13448/18000, time remaining: 8m 22s
Rendered 13449/18000, time remaining: 8m 15s
Rendered 13450/18000, time remaining: 8m 17s
Rendered 13451/18000, time remaining: 8m 21s
Rendered 13452/18000, time remaining: 8m 24s
Rendered 13453/18000, time remaining: 8m 18s
Rendered 13454/18000, time remaining: 8m 17s
Rendered 13455/18000, time remaining: 8m 19s
Rendered 13456/18000, time remaining: 8m 31s
Rendered 13457/18000, time remaining: 8m 25s
Rendered 13458/18000, time remaining: 8m 23s
Rendered 13459/18000, time remaining: 8m 21s
Rendered 13460/18000, time remaining: 8m 36s
Rendered 13461/18000, time remaining: 8m 32s
Rendered 13462/18000, time remaining: 8m 31s
Rendered 13463/18000, time remaining: 8m 29s
Rendered 13464/18000, time remaining: 8m 34s
Rendered 13465/18000, time remaining: 8m 26s
Rendered 13466/18000, time remaining: 8m 23s
Rendered 13467/18000, time remaining: 8m 21s
Rendered 13468/18000, time remaining: 8m 30s
Rendered 13469/18000, time remaining: 8m 28s
Rendered 13470/18000, time remaining: 8m 25s
Rendered 13471/18000, time remaining: 8m 24s
Rendered 13472/18000, time remaining: 8m 26s
Rendered 13473/18000, time remaining: 8m 29s
Rendered 13474/18000, time remaining: 8m 26s
Rendered 13475/18000, time remaining: 8m 24s
Rendered 13476/18000, time remaining: 8m 24s
Rendered 13477/18000, time remaining: 8m 27s
Rendered 13478/18000, time remaining: 8m 27s
Rendered 13479/18000, time remaining: 8m 27s
Rendered 13480/18000, time remaining: 8m 22s
Rendered 13481/18000, time remaining: 8m 29s
Rendered 13482/18000, time remaining: 8m 26s
Rendered 13483/18000, time remaining: 8m 28s
Rendered 13484/18000, time remaining: 8m 23s
Rendered 13485/18000, time remaining: 8m 27s
Rendered 13486/18000, time remaining: 8m 26s
Rendered 13487/18000, time remaining: 8m 28s
Rendered 13488/18000, time remaining: 8m 27s
Rendered 13489/18000, time remaining: 8m 25s
Rendered 13490/18000, time remaining: 8m 25s
Rendered 13491/18000, time remaining: 8m 28s
Rendered 13492/18000, time remaining: 8m 29s
Rendered 13493/18000, time remaining: 8m 24s
Rendered 13494/18000, time remaining: 8m 27s
Rendered 13495/18000, time remaining: 8m 29s
Rendered 13496/18000, time remaining: 8m 29s
Rendered 13497/18000, time remaining: 8m 24s
Rendered 13498/18000, time remaining: 8m 27s
Rendered 13499/18000, time remaining: 8m 26s
Rendered 13500/18000, time remaining: 8m 28s
Rendered 13501/18000, time remaining: 8m 28s
Rendered 13502/18000, time remaining: 8m 28s
Rendered 13503/18000, time remaining: 8m 25s
Rendered 13504/18000, time remaining: 8m 26s
Rendered 13505/18000, time remaining: 8m 33s
Rendered 13506/18000, time remaining: 8m 31s
Rendered 13507/18000, time remaining: 8m 27s
Rendered 13508/18000, time remaining: 8m 25s
Rendered 13509/18000, time remaining: 8m 34s
Rendered 13510/18000, time remaining: 8m 33s
Rendered 13511/18000, time remaining: 8m 31s
Rendered 13512/18000, time remaining: 8m 28s
Rendered 13513/18000, time remaining: 8m 37s
Rendered 13514/18000, time remaining: 8m 36s
Rendered 13515/18000, time remaining: 8m 33s
Rendered 13516/18000, time remaining: 8m 31s
Rendered 13517/18000, time remaining: 8m 37s
Rendered 13518/18000, time remaining: 8m 36s
Rendered 13519/18000, time remaining: 8m 30s
Rendered 13520/18000, time remaining: 8m 30s
Rendered 13521/18000, time remaining: 8m 39s
Rendered 13522/18000, time remaining: 8m 41s
Rendered 13523/18000, time remaining: 8m 32s
Rendered 13524/18000, time remaining: 8m 34s
Rendered 13525/18000, time remaining: 8m 37s
Rendered 13526/18000, time remaining: 8m 42s
Rendered 13527/18000, time remaining: 8m 34s
Rendered 13528/18000, time remaining: 8m 37s
Rendered 13529/18000, time remaining: 8m 38s
Rendered 13530/18000, time remaining: 8m 40s
Rendered 13531/18000, time remaining: 8m 32s
Rendered 13532/18000, time remaining: 8m 41s
Rendered 13533/18000, time remaining: 8m 40s
Rendered 13534/18000, time remaining: 8m 42s
Rendered 13535/18000, time remaining: 8m 37s
Rendered 13536/18000, time remaining: 8m 42s
Rendered 13537/18000, time remaining: 8m 46s
Rendered 13538/18000, time remaining: 8m 48s
Rendered 13539/18000, time remaining: 8m 44s
Rendered 13540/18000, time remaining: 8m 45s
Rendered 13541/18000, time remaining: 8m 46s
Rendered 13542/18000, time remaining: 8m 48s
Rendered 13543/18000, time remaining: 8m 44s
Rendered 13544/18000, time remaining: 8m 50s
Rendered 13545/18000, time remaining: 8m 51s
Rendered 13546/18000, time remaining: 8m 51s
Rendered 13547/18000, time remaining: 8m 46s
Rendered 13548/18000, time remaining: 8m 50s
Rendered 13549/18000, time remaining: 8m 52s
Rendered 13550/18000, time remaining: 8m 51s
Rendered 13551/18000, time remaining: 8m 49s
Rendered 13552/18000, time remaining: 8m 55s
Rendered 13553/18000, time remaining: 8m 53s
Rendered 13554/18000, time remaining: 8m 54s
Rendered 13555/18000, time remaining: 8m 52s
Rendered 13556/18000, time remaining: 8m 56s
Rendered 13557/18000, time remaining: 8m 55s
Rendered 13558/18000, time remaining: 8m 54s
Rendered 13559/18000, time remaining: 8m 52s
Rendered 13560/18000, time remaining: 8m 53s
Rendered 13561/18000, time remaining: 8m 56s
Rendered 13562/18000, time remaining: 8m 56s
Rendered 13563/18000, time remaining: 8m 57s
Rendered 13564/18000, time remaining: 8m 53s
Rendered 13565/18000, time remaining: 8m 55s
Rendered 13566/18000, time remaining: 8m 55s
Rendered 13567/18000, time remaining: 8m 56s
Rendered 13568/18000, time remaining: 8m 56s
Rendered 13569/18000, time remaining: 8m 53s
Rendered 13570/18000, time remaining: 8m 55s
Rendered 13571/18000, time remaining: 8m 57s
Rendered 13572/18000, time remaining: 8m 57s
Rendered 13573/18000, time remaining: 8m 53s
Rendered 13574/18000, time remaining: 8m 53s
Rendered 13575/18000, time remaining: 8m 56s
Rendered 13576/18000, time remaining: 8m 57s
Rendered 13577/18000, time remaining: 8m 56s
Rendered 13578/18000, time remaining: 9m 0s
Rendered 13579/18000, time remaining: 8m 58s
Rendered 13580/18000, time remaining: 8m 59s
Rendered 13581/18000, time remaining: 8m 56s
Rendered 13582/18000, time remaining: 9m 2s
Rendered 13583/18000, time remaining: 8m 59s
Rendered 13584/18000, time remaining: 8m 57s
Rendered 13585/18000, time remaining: 8m 56s
Rendered 13586/18000, time remaining: 8m 59s
Rendered 13587/18000, time remaining: 8m 59s
Rendered 13588/18000, time remaining: 8m 55s
Rendered 13589/18000, time remaining: 8m 56s
Rendered 13590/18000, time remaining: 8m 57s
Rendered 13591/18000, time remaining: 8m 59s
Rendered 13592/18000, time remaining: 8m 55s
Rendered 13593/18000, time remaining: 8m 56s
Rendered 13594/18000, time remaining: 8m 56s
Rendered 13595/18000, time remaining: 8m 56s
Rendered 13596/18000, time remaining: 8m 56s
Rendered 13597/18000, time remaining: 8m 57s
Rendered 13598/18000, time remaining: 8m 56s
Rendered 13599/18000, time remaining: 8m 58s
Rendered 13600/18000, time remaining: 8m 58s
Rendered 13601/18000, time remaining: 8m 57s
Rendered 13602/18000, time remaining: 8m 53s
Rendered 13603/18000, time remaining: 8m 52s
Rendered 13604/18000, time remaining: 8m 57s
Rendered 13605/18000, time remaining: 8m 58s
Rendered 13606/18000, time remaining: 8m 47s
Rendered 13607/18000, time remaining: 8m 48s
Rendered 13608/18000, time remaining: 8m 51s
Rendered 13609/18000, time remaining: 8m 56s
Rendered 13610/18000, time remaining: 8m 44s
Rendered 13611/18000, time remaining: 8m 45s
Rendered 13612/18000, time remaining: 8m 45s
Rendered 13613/18000, time remaining: 8m 48s
Rendered 13614/18000, time remaining: 8m 43s
Rendered 13615/18000, time remaining: 8m 46s
Rendered 13616/18000, time remaining: 8m 45s
Rendered 13617/18000, time remaining: 8m 47s
Rendered 13618/18000, time remaining: 8m 42s
Rendered 13619/18000, time remaining: 8m 45s
Rendered 13620/18000, time remaining: 8m 46s
Rendered 13621/18000, time remaining: 8m 42s
Rendered 13622/18000, time remaining: 8m 43s
Rendered 13623/18000, time remaining: 8m 42s
Rendered 13624/18000, time remaining: 8m 45s
Rendered 13625/18000, time remaining: 8m 43s
Rendered 13626/18000, time remaining: 8m 43s
Rendered 13627/18000, time remaining: 8m 40s
Rendered 13628/18000, time remaining: 8m 42s
Rendered 13629/18000, time remaining: 8m 41s
Rendered 13630/18000, time remaining: 8m 43s
Rendered 13631/18000, time remaining: 8m 36s
Rendered 13632/18000, time remaining: 8m 40s
Rendered 13633/18000, time remaining: 8m 39s
Rendered 13634/18000, time remaining: 8m 41s
Rendered 13635/18000, time remaining: 8m 37s
Rendered 13636/18000, time remaining: 8m 39s
Rendered 13637/18000, time remaining: 8m 38s
Rendered 13638/18000, time remaining: 8m 35s
Rendered 13639/18000, time remaining: 8m 37s
Rendered 13640/18000, time remaining: 8m 39s
Rendered 13641/18000, time remaining: 8m 37s
Rendered 13642/18000, time remaining: 8m 34s
Rendered 13643/18000, time remaining: 8m 37s
Rendered 13644/18000, time remaining: 8m 36s
Rendered 13645/18000, time remaining: 8m 34s
Rendered 13646/18000, time remaining: 8m 33s
Rendered 13647/18000, time remaining: 8m 36s
Rendered 13648/18000, time remaining: 8m 36s
Rendered 13649/18000, time remaining: 8m 36s
Rendered 13650/18000, time remaining: 8m 32s
Rendered 13651/18000, time remaining: 8m 33s
Rendered 13652/18000, time remaining: 8m 37s
Rendered 13653/18000, time remaining: 8m 36s
Rendered 13654/18000, time remaining: 8m 33s
Rendered 13655/18000, time remaining: 8m 28s
Rendered 13656/18000, time remaining: 8m 33s
Rendered 13657/18000, time remaining: 8m 33s
Rendered 13658/18000, time remaining: 8m 33s
Rendered 13659/18000, time remaining: 8m 25s
Rendered 13660/18000, time remaining: 8m 29s
Rendered 13661/18000, time remaining: 8m 31s
Rendered 13662/18000, time remaining: 8m 31s
Rendered 13663/18000, time remaining: 8m 23s
Rendered 13664/18000, time remaining: 8m 25s
Rendered 13665/18000, time remaining: 8m 27s
Rendered 13666/18000, time remaining: 8m 28s
Rendered 13667/18000, time remaining: 8m 22s
Rendered 13668/18000, time remaining: 8m 25s
Rendered 13669/18000, time remaining: 8m 25s
Rendered 13670/18000, time remaining: 8m 27s
Rendered 13671/18000, time remaining: 8m 22s
Rendered 13672/18000, time remaining: 8m 24s
Rendered 13673/18000, time remaining: 8m 24s
Rendered 13674/18000, time remaining: 8m 22s
Rendered 13675/18000, time remaining: 8m 26s
Rendered 13676/18000, time remaining: 8m 22s
Rendered 13677/18000, time remaining: 8m 19s
Rendered 13678/18000, time remaining: 8m 16s
Rendered 13679/18000, time remaining: 8m 21s
Rendered 13680/18000, time remaining: 8m 21s
Rendered 13681/18000, time remaining: 8m 19s
Rendered 13682/18000, time remaining: 8m 11s
Rendered 13683/18000, time remaining: 8m 17s
Rendered 13684/18000, time remaining: 8m 19s
Rendered 13685/18000, time remaining: 8m 18s
Rendered 13686/18000, time remaining: 8m 13s
Rendered 13687/18000, time remaining: 8m 9s
Rendered 13688/18000, time remaining: 8m 13s
Rendered 13689/18000, time remaining: 8m 10s
Rendered 13690/18000, time remaining: 8m 10s
Rendered 13691/18000, time remaining: 8m 10s
Rendered 13692/18000, time remaining: 8m 11s
Rendered 13693/18000, time remaining: 8m 8s
Rendered 13694/18000, time remaining: 8m 4s
Rendered 13695/18000, time remaining: 8m 5s
Rendered 13696/18000, time remaining: 8m 9s
Rendered 13697/18000, time remaining: 8m 9s
Rendered 13698/18000, time remaining: 8m 3s
Rendered 13699/18000, time remaining: 8m 6s
Rendered 13700/18000, time remaining: 8m 6s
Rendered 13701/18000, time remaining: 8m 7s
Rendered 13702/18000, time remaining: 8m 0s
Rendered 13703/18000, time remaining: 8m 4s
Rendered 13704/18000, time remaining: 8m 4s
Rendered 13705/18000, time remaining: 8m 6s
Rendered 13706/18000, time remaining: 8m 1s
Rendered 13707/18000, time remaining: 8m 4s
Rendered 13708/18000, time remaining: 8m 4s
Rendered 13709/18000, time remaining: 8m 5s
Rendered 13710/18000, time remaining: 8m 3s
Rendered 13711/18000, time remaining: 8m 4s
Rendered 13712/18000, time remaining: 8m 2s
Rendered 13713/18000, time remaining: 8m 2s
Rendered 13714/18000, time remaining: 8m 8s
Rendered 13715/18000, time remaining: 8m 4s
Rendered 13716/18000, time remaining: 8m 3s
Rendered 13717/18000, time remaining: 8m 2s
Rendered 13718/18000, time remaining: 8m 4s
Rendered 13719/18000, time remaining: 8m 5s
Rendered 13720/18000, time remaining: 8m 5s
Rendered 13721/18000, time remaining: 8m 2s
Rendered 13722/18000, time remaining: 8m 3s
Rendered 13723/18000, time remaining: 8m 6s
Rendered 13724/18000, time remaining: 8m 6s
Rendered 13725/18000, time remaining: 8m 2s
Rendered 13726/18000, time remaining: 8m 1s
Rendered 13727/18000, time remaining: 8m 6s
Rendered 13728/18000, time remaining: 8m 1s
Rendered 13729/18000, time remaining: 8m 2s
Rendered 13730/18000, time remaining: 8m 1s
Rendered 13731/18000, time remaining: 8m 10s
Rendered 13732/18000, time remaining: 8m 6s
Rendered 13733/18000, time remaining: 8m 6s
Rendered 13734/18000, time remaining: 8m 4s
Rendered 13735/18000, time remaining: 8m 6s
Rendered 13736/18000, time remaining: 8m 10s
Rendered 13737/18000, time remaining: 8m 8s
Rendered 13738/18000, time remaining: 8m 6s
Rendered 13739/18000, time remaining: 8m 6s
Rendered 13740/18000, time remaining: 8m 9s
Rendered 13741/18000, time remaining: 8m 9s
Rendered 13742/18000, time remaining: 8m 9s
Rendered 13743/18000, time remaining: 8m 8s
Rendered 13744/18000, time remaining: 8m 8s
Rendered 13745/18000, time remaining: 8m 8s
Rendered 13746/18000, time remaining: 8m 9s
Rendered 13747/18000, time remaining: 8m 7s
Rendered 13748/18000, time remaining: 8m 7s
Rendered 13749/18000, time remaining: 8m 6s
Rendered 13750/18000, time remaining: 8m 6s
Rendered 13751/18000, time remaining: 8m 7s
Rendered 13752/18000, time remaining: 8m 8s
Rendered 13753/18000, time remaining: 8m 7s
Rendered 13754/18000, time remaining: 8m 5s
Rendered 13755/18000, time remaining: 8m 5s
Rendered 13756/18000, time remaining: 8m 9s
Rendered 13757/18000, time remaining: 8m 5s
Rendered 13758/18000, time remaining: 8m 4s
Rendered 13759/18000, time remaining: 8m 3s
Rendered 13760/18000, time remaining: 8m 5s
Rendered 13761/18000, time remaining: 8m 3s
Rendered 13762/18000, time remaining: 8m 4s
Rendered 13763/18000, time remaining: 8m 4s
Rendered 13764/18000, time remaining: 8m 7s
Rendered 13765/18000, time remaining: 8m 2s
Rendered 13766/18000, time remaining: 8m 3s
Rendered 13767/18000, time remaining: 8m 5s
Rendered 13768/18000, time remaining: 8m 5s
Rendered 13769/18000, time remaining: 8m 1s
Rendered 13770/18000, time remaining: 8m 0s
Rendered 13771/18000, time remaining: 8m 10s
Rendered 13772/18000, time remaining: 8m 7s
Rendered 13773/18000, time remaining: 8m 5s
Rendered 13774/18000, time remaining: 8m 4s
Rendered 13775/18000, time remaining: 8m 7s
Rendered 13776/18000, time remaining: 8m 7s
Rendered 13777/18000, time remaining: 8m 5s
Rendered 13778/18000, time remaining: 8m 5s
Rendered 13779/18000, time remaining: 8m 7s
Rendered 13780/18000, time remaining: 8m 9s
Rendered 13781/18000, time remaining: 8m 8s
Rendered 13782/18000, time remaining: 8m 5s
Rendered 13783/18000, time remaining: 8m 4s
Rendered 13784/18000, time remaining: 8m 11s
Rendered 13785/18000, time remaining: 8m 10s
Rendered 13786/18000, time remaining: 8m 8s
Rendered 13787/18000, time remaining: 8m 6s
Rendered 13788/18000, time remaining: 8m 10s
Rendered 13789/18000, time remaining: 8m 11s
Rendered 13790/18000, time remaining: 8m 8s
Rendered 13791/18000, time remaining: 8m 7s
Rendered 13792/18000, time remaining: 8m 8s
Rendered 13793/18000, time remaining: 8m 9s
Rendered 13794/18000, time remaining: 8m 10s
Rendered 13795/18000, time remaining: 8m 10s
Rendered 13796/18000, time remaining: 8m 9s
Rendered 13797/18000, time remaining: 8m 12s
Rendered 13798/18000, time remaining: 8m 8s
Rendered 13799/18000, time remaining: 8m 11s
Rendered 13800/18000, time remaining: 8m 12s
Rendered 13801/18000, time remaining: 8m 14s
Rendered 13802/18000, time remaining: 8m 32s
Rendered 13803/18000, time remaining: 8m 33s
Rendered 13804/18000, time remaining: 8m 33s
Rendered 13805/18000, time remaining: 8m 33s
Rendered 13806/18000, time remaining: 8m 48s
Rendered 13807/18000, time remaining: 8m 49s
Rendered 13808/18000, time remaining: 8m 50s
Rendered 13809/18000, time remaining: 8m 48s
Rendered 13810/18000, time remaining: 8m 45s
Rendered 13811/18000, time remaining: 8m 48s
Rendered 13812/18000, time remaining: 8m 50s
Rendered 13813/18000, time remaining: 8m 47s
Rendered 13814/18000, time remaining: 8m 48s
Rendered 13815/18000, time remaining: 8m 46s
Rendered 13816/18000, time remaining: 8m 47s
Rendered 13817/18000, time remaining: 8m 47s
Rendered 13818/18000, time remaining: 8m 46s
Rendered 13819/18000, time remaining: 8m 47s
Rendered 13820/18000, time remaining: 8m 45s
Rendered 13821/18000, time remaining: 8m 41s
Rendered 13822/18000, time remaining: 8m 45s
Rendered 13823/18000, time remaining: 8m 49s
Rendered 13824/18000, time remaining: 8m 51s
Rendered 13825/18000, time remaining: 8m 44s
Rendered 13826/18000, time remaining: 8m 45s
Rendered 13827/18000, time remaining: 8m 46s
Rendered 13828/18000, time remaining: 8m 49s
Rendered 13829/18000, time remaining: 8m 44s
Rendered 13830/18000, time remaining: 8m 46s
Rendered 13831/18000, time remaining: 8m 47s
Rendered 13832/18000, time remaining: 8m 46s
Rendered 13833/18000, time remaining: 8m 42s
Rendered 13834/18000, time remaining: 8m 43s
Rendered 13835/18000, time remaining: 8m 43s
Rendered 13836/18000, time remaining: 8m 43s
Rendered 13837/18000, time remaining: 8m 44s
Rendered 13838/18000, time remaining: 8m 42s
Rendered 13839/18000, time remaining: 8m 42s
Rendered 13840/18000, time remaining: 8m 41s
Rendered 13841/18000, time remaining: 8m 40s
Rendered 13842/18000, time remaining: 8m 40s
Rendered 13843/18000, time remaining: 8m 43s
Rendered 13844/18000, time remaining: 8m 42s
Rendered 13845/18000, time remaining: 8m 38s
Rendered 13846/18000, time remaining: 8m 36s
Rendered 13847/18000, time remaining: 8m 39s
Rendered 13848/18000, time remaining: 8m 41s
Rendered 13849/18000, time remaining: 8m 37s
Rendered 13850/18000, time remaining: 8m 37s
Rendered 13851/18000, time remaining: 8m 37s
Rendered 13852/18000, time remaining: 8m 38s
Rendered 13853/18000, time remaining: 8m 36s
Rendered 13854/18000, time remaining: 8m 38s
Rendered 13855/18000, time remaining: 8m 39s
Rendered 13856/18000, time remaining: 8m 45s
Rendered 13857/18000, time remaining: 8m 41s
Rendered 13858/18000, time remaining: 8m 41s
Rendered 13859/18000, time remaining: 8m 40s
Rendered 13860/18000, time remaining: 8m 45s
Rendered 13861/18000, time remaining: 8m 40s
Rendered 13862/18000, time remaining: 8m 38s
Rendered 13863/18000, time remaining: 8m 38s
Rendered 13864/18000, time remaining: 8m 39s
Rendered 13865/18000, time remaining: 8m 38s
Rendered 13866/18000, time remaining: 8m 37s
Rendered 13867/18000, time remaining: 8m 37s
Rendered 13868/18000, time remaining: 8m 39s
Rendered 13869/18000, time remaining: 8m 35s
Rendered 13870/18000, time remaining: 8m 33s
Rendered 13871/18000, time remaining: 8m 36s
Rendered 13872/18000, time remaining: 8m 38s
Rendered 13873/18000, time remaining: 8m 32s
Rendered 13874/18000, time remaining: 8m 32s
Rendered 13875/18000, time remaining: 8m 32s
Rendered 13876/18000, time remaining: 8m 37s
Rendered 13877/18000, time remaining: 8m 31s
Rendered 13878/18000, time remaining: 8m 29s
Rendered 13879/18000, time remaining: 8m 32s
Rendered 13880/18000, time remaining: 8m 33s
Rendered 13881/18000, time remaining: 8m 24s
Rendered 13882/18000, time remaining: 8m 22s
Rendered 13883/18000, time remaining: 8m 25s
Rendered 13884/18000, time remaining: 8m 28s
Rendered 13885/18000, time remaining: 8m 26s
Rendered 13886/18000, time remaining: 8m 19s
Rendered 13887/18000, time remaining: 8m 22s
Rendered 13888/18000, time remaining: 8m 24s
Rendered 13889/18000, time remaining: 8m 24s
Rendered 13890/18000, time remaining: 8m 18s
Rendered 13891/18000, time remaining: 8m 17s
Rendered 13892/18000, time remaining: 8m 19s
Rendered 13893/18000, time remaining: 8m 19s
Rendered 13894/18000, time remaining: 8m 19s
Rendered 13895/18000, time remaining: 8m 19s
Rendered 13896/18000, time remaining: 8m 17s
Rendered 13897/18000, time remaining: 8m 17s
Rendered 13898/18000, time remaining: 8m 18s
Rendered 13899/18000, time remaining: 8m 17s
Rendered 13900/18000, time remaining: 8m 16s
Rendered 13901/18000, time remaining: 8m 16s
Rendered 13902/18000, time remaining: 8m 17s
Rendered 13903/18000, time remaining: 8m 17s
Rendered 13904/18000, time remaining: 8m 14s
Rendered 13905/18000, time remaining: 8m 12s
Rendered 13906/18000, time remaining: 8m 12s
Rendered 13907/18000, time remaining: 8m 15s
Rendered 13908/18000, time remaining: 8m 13s
Rendered 13909/18000, time remaining: 8m 11s
Rendered 13910/18000, time remaining: 8m 8s
Rendered 13911/18000, time remaining: 8m 14s
Rendered 13912/18000, time remaining: 8m 12s
Rendered 13913/18000, time remaining: 8m 11s
Rendered 13914/18000, time remaining: 8m 5s
Rendered 13915/18000, time remaining: 8m 12s
Rendered 13916/18000, time remaining: 8m 12s
Rendered 13917/18000, time remaining: 8m 8s
Rendered 13918/18000, time remaining: 8m 7s
Rendered 13919/18000, time remaining: 8m 9s
Rendered 13920/18000, time remaining: 8m 13s
Rendered 13921/18000, time remaining: 8m 5s
Rendered 13922/18000, time remaining: 8m 4s
Rendered 13923/18000, time remaining: 8m 4s
Rendered 13924/18000, time remaining: 8m 9s
Rendered 13925/18000, time remaining: 8m 7s
Rendered 13926/18000, time remaining: 8m 4s
Rendered 13927/18000, time remaining: 8m 4s
Rendered 13928/18000, time remaining: 8m 4s
Rendered 13929/18000, time remaining: 8m 9s
Rendered 13930/18000, time remaining: 8m 5s
Rendered 13931/18000, time remaining: 8m 4s
Rendered 13932/18000, time remaining: 8m 5s
Rendered 13933/18000, time remaining: 8m 11s
Rendered 13934/18000, time remaining: 8m 4s
Rendered 13935/18000, time remaining: 8m 3s
Rendered 13936/18000, time remaining: 8m 3s
Rendered 13937/18000, time remaining: 8m 7s
Rendered 13938/18000, time remaining: 8m 5s
Rendered 13939/18000, time remaining: 8m 3s
Rendered 13940/18000, time remaining: 8m 3s
Rendered 13941/18000, time remaining: 8m 4s
Rendered 13942/18000, time remaining: 8m 5s
Rendered 13943/18000, time remaining: 8m 6s
Rendered 13944/18000, time remaining: 8m 2s
Rendered 13945/18000, time remaining: 8m 2s
Rendered 13946/18000, time remaining: 8m 2s
Rendered 13947/18000, time remaining: 8m 2s
Rendered 13948/18000, time remaining: 8m 4s
Rendered 13949/18000, time remaining: 8m 0s
Rendered 13950/18000, time remaining: 8m 0s
Rendered 13951/18000, time remaining: 7m 57s
Rendered 13952/18000, time remaining: 7m 41s
Rendered 13953/18000, time remaining: 7m 40s
Rendered 13954/18000, time remaining: 7m 40s
Rendered 13955/18000, time remaining: 7m 38s
Rendered 13956/18000, time remaining: 7m 27s
Rendered 13957/18000, time remaining: 7m 26s
Rendered 13958/18000, time remaining: 7m 26s
Rendered 13959/18000, time remaining: 7m 25s
Rendered 13960/18000, time remaining: 7m 31s
Rendered 13961/18000, time remaining: 7m 28s
Rendered 13962/18000, time remaining: 7m 27s
Rendered 13963/18000, time remaining: 7m 28s
Rendered 13964/18000, time remaining: 7m 25s
Rendered 13965/18000, time remaining: 7m 32s
Rendered 13966/18000, time remaining: 7m 32s
Rendered 13967/18000, time remaining: 7m 29s
Rendered 13968/18000, time remaining: 7m 25s
Rendered 13969/18000, time remaining: 7m 33s
Rendered 13970/18000, time remaining: 7m 35s
Rendered 13971/18000, time remaining: 7m 33s
Rendered 13972/18000, time remaining: 7m 27s
Rendered 13973/18000, time remaining: 7m 28s
Rendered 13974/18000, time remaining: 7m 29s
Rendered 13975/18000, time remaining: 7m 29s
Rendered 13976/18000, time remaining: 7m 27s
Rendered 13977/18000, time remaining: 7m 26s
Rendered 13978/18000, time remaining: 7m 30s
Rendered 13979/18000, time remaining: 7m 31s
Rendered 13980/18000, time remaining: 7m 27s
Rendered 13981/18000, time remaining: 7m 27s
Rendered 13982/18000, time remaining: 7m 33s
Rendered 13983/18000, time remaining: 7m 31s
Rendered 13984/18000, time remaining: 7m 28s
Rendered 13985/18000, time remaining: 7m 27s
Rendered 13986/18000, time remaining: 7m 35s
Rendered 13987/18000, time remaining: 7m 34s
Rendered 13988/18000, time remaining: 7m 30s
Rendered 13989/18000, time remaining: 7m 28s
Rendered 13990/18000, time remaining: 7m 36s
Rendered 13991/18000, time remaining: 7m 35s
Rendered 13992/18000, time remaining: 7m 32s
Rendered 13993/18000, time remaining: 7m 29s
Rendered 13994/18000, time remaining: 7m 35s
Rendered 13995/18000, time remaining: 7m 37s
Rendered 13996/18000, time remaining: 7m 36s
Rendered 13997/18000, time remaining: 7m 33s
Rendered 13998/18000, time remaining: 7m 33s
Rendered 13999/18000, time remaining: 7m 38s
Rendered 14000/18000, time remaining: 7m 38s
Rendered 14001/18000, time remaining: 7m 36s
Rendered 14002/18000, time remaining: 7m 34s
Rendered 14003/18000, time remaining: 7m 35s
Rendered 14004/18000, time remaining: 7m 37s
Rendered 14005/18000, time remaining: 7m 35s
Rendered 14006/18000, time remaining: 7m 26s
Rendered 14007/18000, time remaining: 7m 27s
Rendered 14008/18000, time remaining: 7m 31s
Rendered 14009/18000, time remaining: 7m 34s
Rendered 14010/18000, time remaining: 7m 24s
Rendered 14011/18000, time remaining: 7m 24s
Rendered 14012/18000, time remaining: 7m 31s
Rendered 14013/18000, time remaining: 7m 33s
Rendered 14014/18000, time remaining: 7m 24s
Rendered 14015/18000, time remaining: 7m 25s
Rendered 14016/18000, time remaining: 7m 28s
Rendered 14017/18000, time remaining: 7m 34s
Rendered 14018/18000, time remaining: 7m 29s
Rendered 14019/18000, time remaining: 7m 29s
Rendered 14020/18000, time remaining: 7m 28s
Rendered 14021/18000, time remaining: 7m 34s
Rendered 14022/18000, time remaining: 7m 32s
Rendered 14023/18000, time remaining: 7m 32s
Rendered 14024/18000, time remaining: 7m 32s
Rendered 14025/18000, time remaining: 7m 37s
Rendered 14026/18000, time remaining: 7m 36s
Rendered 14027/18000, time remaining: 7m 38s
Rendered 14028/18000, time remaining: 7m 37s
Rendered 14029/18000, time remaining: 7m 33s
Rendered 14030/18000, time remaining: 7m 33s
Rendered 14031/18000, time remaining: 7m 42s
Rendered 14032/18000, time remaining: 7m 40s
Rendered 14033/18000, time remaining: 7m 37s
Rendered 14034/18000, time remaining: 7m 34s
Rendered 14035/18000, time remaining: 7m 43s
Rendered 14036/18000, time remaining: 7m 42s
Rendered 14037/18000, time remaining: 7m 40s
Rendered 14038/18000, time remaining: 7m 39s
Rendered 14039/18000, time remaining: 7m 42s
Rendered 14040/18000, time remaining: 7m 43s
Rendered 14041/18000, time remaining: 7m 43s
Rendered 14042/18000, time remaining: 7m 38s
Rendered 14043/18000, time remaining: 7m 40s
Rendered 14044/18000, time remaining: 7m 42s
Rendered 14045/18000, time remaining: 7m 43s
Rendered 14046/18000, time remaining: 7m 40s
Rendered 14047/18000, time remaining: 7m 39s
Rendered 14048/18000, time remaining: 7m 39s
Rendered 14049/18000, time remaining: 7m 42s
Rendered 14050/18000, time remaining: 7m 43s
Rendered 14051/18000, time remaining: 7m 41s
Rendered 14052/18000, time remaining: 7m 42s
Rendered 14053/18000, time remaining: 7m 42s
Rendered 14054/18000, time remaining: 7m 45s
Rendered 14055/18000, time remaining: 7m 43s
Rendered 14056/18000, time remaining: 7m 43s
Rendered 14057/18000, time remaining: 7m 42s
Rendered 14058/18000, time remaining: 7m 44s
Rendered 14059/18000, time remaining: 7m 43s
Rendered 14060/18000, time remaining: 7m 44s
Rendered 14061/18000, time remaining: 7m 39s
Rendered 14062/18000, time remaining: 7m 42s
Rendered 14063/18000, time remaining: 7m 43s
Rendered 14064/18000, time remaining: 7m 45s
Rendered 14065/18000, time remaining: 7m 39s
Rendered 14066/18000, time remaining: 7m 39s
Rendered 14067/18000, time remaining: 7m 42s
Rendered 14068/18000, time remaining: 7m 42s
Rendered 14069/18000, time remaining: 7m 42s
Rendered 14070/18000, time remaining: 7m 37s
Rendered 14071/18000, time remaining: 7m 37s
Rendered 14072/18000, time remaining: 7m 41s
Rendered 14073/18000, time remaining: 7m 45s
Rendered 14074/18000, time remaining: 7m 40s
Rendered 14075/18000, time remaining: 7m 39s
Rendered 14076/18000, time remaining: 7m 40s
Rendered 14077/18000, time remaining: 7m 45s
Rendered 14078/18000, time remaining: 7m 44s
Rendered 14079/18000, time remaining: 7m 36s
Rendered 14080/18000, time remaining: 7m 37s
Rendered 14081/18000, time remaining: 7m 40s
Rendered 14082/18000, time remaining: 7m 39s
Rendered 14083/18000, time remaining: 7m 34s
Rendered 14084/18000, time remaining: 7m 33s
Rendered 14085/18000, time remaining: 7m 34s
Rendered 14086/18000, time remaining: 7m 33s
Rendered 14087/18000, time remaining: 7m 35s
Rendered 14088/18000, time remaining: 7m 33s
Rendered 14089/18000, time remaining: 7m 31s
Rendered 14090/18000, time remaining: 7m 30s
Rendered 14091/18000, time remaining: 7m 35s
Rendered 14092/18000, time remaining: 7m 33s
Rendered 14093/18000, time remaining: 7m 28s
Rendered 14094/18000, time remaining: 7m 29s
Rendered 14095/18000, time remaining: 7m 33s
Rendered 14096/18000, time remaining: 7m 32s
Rendered 14097/18000, time remaining: 7m 27s
Rendered 14098/18000, time remaining: 7m 27s
Rendered 14099/18000, time remaining: 7m 29s
Rendered 14100/18000, time remaining: 7m 29s
Rendered 14101/18000, time remaining: 7m 28s
Rendered 14102/18000, time remaining: 7m 22s
Rendered 14103/18000, time remaining: 7m 22s
Rendered 14104/18000, time remaining: 7m 24s
Rendered 14105/18000, time remaining: 7m 25s
Rendered 14106/18000, time remaining: 7m 17s
Rendered 14107/18000, time remaining: 7m 16s
Rendered 14108/18000, time remaining: 7m 17s
Rendered 14109/18000, time remaining: 7m 18s
Rendered 14110/18000, time remaining: 7m 14s
Rendered 14111/18000, time remaining: 7m 11s
Rendered 14112/18000, time remaining: 7m 12s
Rendered 14113/18000, time remaining: 7m 13s
Rendered 14114/18000, time remaining: 7m 13s
Rendered 14115/18000, time remaining: 7m 6s
Rendered 14116/18000, time remaining: 7m 7s
Rendered 14117/18000, time remaining: 7m 7s
Rendered 14118/18000, time remaining: 7m 11s
Rendered 14119/18000, time remaining: 7m 3s
Rendered 14120/18000, time remaining: 7m 2s
Rendered 14121/18000, time remaining: 7m 2s
Rendered 14122/18000, time remaining: 7m 3s
Rendered 14123/18000, time remaining: 6m 58s
Rendered 14124/18000, time remaining: 6m 57s
Rendered 14125/18000, time remaining: 6m 58s
Rendered 14126/18000, time remaining: 6m 59s
Rendered 14127/18000, time remaining: 6m 58s
Rendered 14128/18000, time remaining: 6m 53s
Rendered 14129/18000, time remaining: 6m 54s
Rendered 14130/18000, time remaining: 6m 53s
Rendered 14131/18000, time remaining: 6m 52s
Rendered 14132/18000, time remaining: 6m 49s
Rendered 14133/18000, time remaining: 6m 51s
Rendered 14134/18000, time remaining: 6m 50s
Rendered 14135/18000, time remaining: 6m 50s
Rendered 14136/18000, time remaining: 6m 42s
Rendered 14137/18000, time remaining: 6m 45s
Rendered 14138/18000, time remaining: 6m 45s
Rendered 14139/18000, time remaining: 6m 47s
Rendered 14140/18000, time remaining: 6m 39s
Rendered 14141/18000, time remaining: 6m 42s
Rendered 14142/18000, time remaining: 6m 43s
Rendered 14143/18000, time remaining: 6m 43s
Rendered 14144/18000, time remaining: 6m 37s
Rendered 14145/18000, time remaining: 6m 38s
Rendered 14146/18000, time remaining: 6m 38s
Rendered 14147/18000, time remaining: 6m 38s
Rendered 14148/18000, time remaining: 6m 36s
Rendered 14149/18000, time remaining: 6m 33s
Rendered 14150/18000, time remaining: 6m 33s
Rendered 14151/18000, time remaining: 6m 34s
Rendered 14152/18000, time remaining: 6m 32s
Rendered 14153/18000, time remaining: 6m 30s
Rendered 14154/18000, time remaining: 6m 29s
Rendered 14155/18000, time remaining: 6m 29s
Rendered 14156/18000, time remaining: 6m 30s
Rendered 14157/18000, time remaining: 6m 28s
Rendered 14158/18000, time remaining: 6m 25s
Rendered 14159/18000, time remaining: 6m 25s
Rendered 14160/18000, time remaining: 6m 26s
Rendered 14161/18000, time remaining: 6m 27s
Rendered 14162/18000, time remaining: 6m 20s
Rendered 14163/18000, time remaining: 6m 20s
Rendered 14164/18000, time remaining: 6m 23s
Rendered 14165/18000, time remaining: 6m 24s
Rendered 14166/18000, time remaining: 6m 20s
Rendered 14167/18000, time remaining: 6m 14s
Rendered 14168/18000, time remaining: 6m 17s
Rendered 14169/18000, time remaining: 6m 19s
Rendered 14170/18000, time remaining: 6m 19s
Rendered 14171/18000, time remaining: 6m 11s
Rendered 14172/18000, time remaining: 6m 10s
Rendered 14173/18000, time remaining: 6m 14s
Rendered 14174/18000, time remaining: 6m 13s
Rendered 14175/18000, time remaining: 6m 8s
Rendered 14176/18000, time remaining: 6m 4s
Rendered 14177/18000, time remaining: 6m 7s
Rendered 14178/18000, time remaining: 6m 6s
Rendered 14179/18000, time remaining: 6m 6s
Rendered 14180/18000, time remaining: 6m 5s
Rendered 14181/18000, time remaining: 6m 0s
Rendered 14182/18000, time remaining: 6m 0s
Rendered 14183/18000, time remaining: 6m 1s
Rendered 14184/18000, time remaining: 6m 1s
Rendered 14185/18000, time remaining: 5m 55s
Rendered 14186/18000, time remaining: 5m 55s
Rendered 14187/18000, time remaining: 5m 55s
Rendered 14188/18000, time remaining: 5m 55s
Rendered 14189/18000, time remaining: 5m 53s
Rendered 14190/18000, time remaining: 5m 53s
Rendered 14191/18000, time remaining: 5m 53s
Rendered 14192/18000, time remaining: 5m 53s
Rendered 14193/18000, time remaining: 5m 51s
Rendered 14194/18000, time remaining: 5m 52s
Rendered 14195/18000, time remaining: 5m 51s
Rendered 14196/18000, time remaining: 5m 51s
Rendered 14197/18000, time remaining: 5m 50s
Rendered 14198/18000, time remaining: 5m 49s
Rendered 14199/18000, time remaining: 5m 50s
Rendered 14200/18000, time remaining: 5m 47s
Rendered 14201/18000, time remaining: 5m 47s
Rendered 14202/18000, time remaining: 5m 43s
Rendered 14203/18000, time remaining: 5m 45s
Rendered 14204/18000, time remaining: 5m 43s
Rendered 14205/18000, time remaining: 5m 45s
Rendered 14206/18000, time remaining: 5m 42s
Rendered 14207/18000, time remaining: 5m 42s
Rendered 14208/18000, time remaining: 5m 41s
Rendered 14209/18000, time remaining: 5m 43s
Rendered 14210/18000, time remaining: 5m 42s
Rendered 14211/18000, time remaining: 5m 42s
Rendered 14212/18000, time remaining: 5m 39s
Rendered 14213/18000, time remaining: 5m 40s
Rendered 14214/18000, time remaining: 5m 40s
Rendered 14215/18000, time remaining: 5m 39s
Rendered 14216/18000, time remaining: 5m 40s
Rendered 14217/18000, time remaining: 5m 38s
Rendered 14218/18000, time remaining: 5m 38s
Rendered 14219/18000, time remaining: 5m 36s
Rendered 14220/18000, time remaining: 5m 38s
Rendered 14221/18000, time remaining: 5m 36s
Rendered 14222/18000, time remaining: 5m 36s
Rendered 14223/18000, time remaining: 5m 33s
Rendered 14224/18000, time remaining: 5m 32s
Rendered 14225/18000, time remaining: 5m 31s
Rendered 14226/18000, time remaining: 5m 31s
Rendered 14227/18000, time remaining: 5m 31s
Rendered 14228/18000, time remaining: 5m 30s
Rendered 14229/18000, time remaining: 5m 30s
Rendered 14230/18000, time remaining: 5m 29s
Rendered 14231/18000, time remaining: 5m 31s
Rendered 14232/18000, time remaining: 5m 31s
Rendered 14233/18000, time remaining: 5m 29s
Rendered 14234/18000, time remaining: 5m 29s
Rendered 14235/18000, time remaining: 5m 34s
Rendered 14236/18000, time remaining: 5m 34s
Rendered 14237/18000, time remaining: 5m 28s
Rendered 14238/18000, time remaining: 5m 30s
Rendered 14239/18000, time remaining: 5m 31s
Rendered 14240/18000, time remaining: 5m 34s
Rendered 14241/18000, time remaining: 5m 27s
Rendered 14242/18000, time remaining: 5m 28s
Rendered 14243/18000, time remaining: 5m 28s
Rendered 14244/18000, time remaining: 5m 32s
Rendered 14245/18000, time remaining: 5m 27s
Rendered 14246/18000, time remaining: 5m 28s
Rendered 14247/18000, time remaining: 5m 27s
Rendered 14248/18000, time remaining: 5m 30s
Rendered 14249/18000, time remaining: 5m 28s
Rendered 14250/18000, time remaining: 5m 29s
Rendered 14251/18000, time remaining: 5m 27s
Rendered 14252/18000, time remaining: 5m 29s
Rendered 14253/18000, time remaining: 5m 29s
Rendered 14254/18000, time remaining: 5m 29s
Rendered 14255/18000, time remaining: 5m 28s
Rendered 14256/18000, time remaining: 5m 28s
Rendered 14257/18000, time remaining: 5m 30s
Rendered 14258/18000, time remaining: 5m 31s
Rendered 14259/18000, time remaining: 5m 29s
Rendered 14260/18000, time remaining: 5m 30s
Rendered 14261/18000, time remaining: 5m 32s
Rendered 14262/18000, time remaining: 5m 33s
Rendered 14263/18000, time remaining: 5m 31s
Rendered 14264/18000, time remaining: 5m 32s
Rendered 14265/18000, time remaining: 5m 33s
Rendered 14266/18000, time remaining: 5m 33s
Rendered 14267/18000, time remaining: 5m 33s
Rendered 14268/18000, time remaining: 5m 32s
Rendered 14269/18000, time remaining: 5m 33s
Rendered 14270/18000, time remaining: 5m 35s
Rendered 14271/18000, time remaining: 5m 36s
Rendered 14272/18000, time remaining: 5m 34s
Rendered 14273/18000, time remaining: 5m 33s
Rendered 14274/18000, time remaining: 5m 36s
Rendered 14275/18000, time remaining: 5m 39s
Rendered 14276/18000, time remaining: 5m 37s
Rendered 14277/18000, time remaining: 5m 36s
Rendered 14278/18000, time remaining: 5m 36s
Rendered 14279/18000, time remaining: 5m 41s
Rendered 14280/18000, time remaining: 5m 42s
Rendered 14281/18000, time remaining: 5m 41s
Rendered 14282/18000, time remaining: 5m 39s
Rendered 14283/18000, time remaining: 5m 43s
Rendered 14284/18000, time remaining: 5m 44s
Rendered 14285/18000, time remaining: 5m 45s
Rendered 14286/18000, time remaining: 5m 45s
Rendered 14287/18000, time remaining: 5m 43s
Rendered 14288/18000, time remaining: 5m 45s
Rendered 14289/18000, time remaining: 5m 44s
Rendered 14290/18000, time remaining: 5m 47s
Rendered 14291/18000, time remaining: 5m 44s
Rendered 14292/18000, time remaining: 5m 43s
Rendered 14293/18000, time remaining: 5m 45s
Rendered 14294/18000, time remaining: 5m 46s
Rendered 14295/18000, time remaining: 5m 47s
Rendered 14296/18000, time remaining: 5m 46s
Rendered 14297/18000, time remaining: 5m 46s
Rendered 14298/18000, time remaining: 5m 47s
Rendered 14299/18000, time remaining: 5m 47s
Rendered 14300/18000, time remaining: 5m 47s
Rendered 14301/18000, time remaining: 5m 45s
Rendered 14302/18000, time remaining: 5m 50s
Rendered 14303/18000, time remaining: 5m 52s
Rendered 14304/18000, time remaining: 5m 50s
Rendered 14305/18000, time remaining: 5m 48s
Rendered 14306/18000, time remaining: 5m 49s
Rendered 14307/18000, time remaining: 5m 52s
Rendered 14308/18000, time remaining: 5m 53s
Rendered 14309/18000, time remaining: 5m 50s
Rendered 14310/18000, time remaining: 5m 51s
Rendered 14311/18000, time remaining: 5m 52s
Rendered 14312/18000, time remaining: 5m 53s
Rendered 14313/18000, time remaining: 5m 52s
Rendered 14314/18000, time remaining: 5m 49s
Rendered 14315/18000, time remaining: 5m 54s
Rendered 14316/18000, time remaining: 5m 56s
Rendered 14317/18000, time remaining: 5m 56s
Rendered 14318/18000, time remaining: 5m 53s
Rendered 14319/18000, time remaining: 5m 54s
Rendered 14320/18000, time remaining: 5m 56s
Rendered 14321/18000, time remaining: 5m 55s
Rendered 14322/18000, time remaining: 5m 55s
Rendered 14323/18000, time remaining: 5m 56s
Rendered 14324/18000, time remaining: 5m 58s
Rendered 14325/18000, time remaining: 5m 57s
Rendered 14326/18000, time remaining: 5m 57s
Rendered 14327/18000, time remaining: 6m 0s
Rendered 14328/18000, time remaining: 6m 0s
Rendered 14329/18000, time remaining: 5m 59s
Rendered 14330/18000, time remaining: 5m 59s
Rendered 14331/18000, time remaining: 6m 3s
Rendered 14332/18000, time remaining: 6m 3s
Rendered 14333/18000, time remaining: 6m 4s
Rendered 14334/18000, time remaining: 6m 3s
Rendered 14335/18000, time remaining: 6m 6s
Rendered 14336/18000, time remaining: 6m 5s
Rendered 14337/18000, time remaining: 6m 7s
Rendered 14338/18000, time remaining: 6m 5s
Rendered 14339/18000, time remaining: 6m 8s
Rendered 14340/18000, time remaining: 6m 7s
Rendered 14341/18000, time remaining: 6m 6s
Rendered 14342/18000, time remaining: 6m 9s
Rendered 14343/18000, time remaining: 6m 14s
Rendered 14344/18000, time remaining: 6m 14s
Rendered 14345/18000, time remaining: 6m 14s
Rendered 14346/18000, time remaining: 6m 16s
Rendered 14347/18000, time remaining: 6m 19s
Rendered 14348/18000, time remaining: 6m 25s
Rendered 14349/18000, time remaining: 6m 21s
Rendered 14350/18000, time remaining: 6m 22s
Rendered 14351/18000, time remaining: 6m 24s
Rendered 14352/18000, time remaining: 6m 27s
Rendered 14353/18000, time remaining: 6m 26s
Rendered 14354/18000, time remaining: 6m 25s
Rendered 14355/18000, time remaining: 6m 25s
Rendered 14356/18000, time remaining: 6m 28s
Rendered 14357/18000, time remaining: 6m 32s
Rendered 14358/18000, time remaining: 6m 32s
Rendered 14359/18000, time remaining: 6m 30s
Rendered 14360/18000, time remaining: 6m 32s
Rendered 14361/18000, time remaining: 6m 36s
Rendered 14362/18000, time remaining: 6m 38s
Rendered 14363/18000, time remaining: 6m 35s
Rendered 14364/18000, time remaining: 6m 34s
Rendered 14365/18000, time remaining: 6m 39s
Rendered 14366/18000, time remaining: 6m 40s
Rendered 14367/18000, time remaining: 6m 39s
Rendered 14368/18000, time remaining: 6m 37s
Rendered 14369/18000, time remaining: 6m 40s
Rendered 14370/18000, time remaining: 6m 40s
Rendered 14371/18000, time remaining: 6m 42s
Rendered 14372/18000, time remaining: 6m 40s
Rendered 14373/18000, time remaining: 6m 42s
Rendered 14374/18000, time remaining: 6m 43s
Rendered 14375/18000, time remaining: 6m 44s
Rendered 14376/18000, time remaining: 6m 44s
Rendered 14377/18000, time remaining: 6m 42s
Rendered 14378/18000, time remaining: 6m 43s
Rendered 14379/18000, time remaining: 6m 44s
Rendered 14380/18000, time remaining: 6m 46s
Rendered 14381/18000, time remaining: 6m 42s
Rendered 14382/18000, time remaining: 6m 42s
Rendered 14383/18000, time remaining: 6m 45s
Rendered 14384/18000, time remaining: 6m 49s
Rendered 14385/18000, time remaining: 6m 43s
Rendered 14386/18000, time remaining: 6m 44s
Rendered 14387/18000, time remaining: 6m 47s
Rendered 14388/18000, time remaining: 6m 51s
Rendered 14389/18000, time remaining: 6m 50s
Rendered 14390/18000, time remaining: 6m 48s
Rendered 14391/18000, time remaining: 6m 48s
Rendered 14392/18000, time remaining: 6m 55s
Rendered 14393/18000, time remaining: 6m 55s
Rendered 14394/18000, time remaining: 6m 51s
Rendered 14395/18000, time remaining: 6m 51s
Rendered 14396/18000, time remaining: 6m 54s
Rendered 14397/18000, time remaining: 6m 58s
Rendered 14398/18000, time remaining: 6m 54s
Rendered 14399/18000, time remaining: 6m 53s
Rendered 14400/18000, time remaining: 6m 58s
Rendered 14401/18000, time remaining: 6m 59s
Rendered 14402/18000, time remaining: 6m 58s
Rendered 14403/18000, time remaining: 6m 56s
Rendered 14404/18000, time remaining: 6m 59s
Rendered 14405/18000, time remaining: 6m 59s
Rendered 14406/18000, time remaining: 6m 59s
Rendered 14407/18000, time remaining: 6m 57s
Rendered 14408/18000, time remaining: 6m 58s
Rendered 14409/18000, time remaining: 7m 0s
Rendered 14410/18000, time remaining: 6m 58s
Rendered 14411/18000, time remaining: 7m 0s
Rendered 14412/18000, time remaining: 7m 0s
Rendered 14413/18000, time remaining: 7m 0s
Rendered 14414/18000, time remaining: 6m 57s
Rendered 14415/18000, time remaining: 7m 0s
Rendered 14416/18000, time remaining: 7m 0s
Rendered 14417/18000, time remaining: 7m 0s
Rendered 14418/18000, time remaining: 6m 58s
Rendered 14419/18000, time remaining: 6m 59s
Rendered 14420/18000, time remaining: 6m 58s
Rendered 14421/18000, time remaining: 7m 0s
Rendered 14422/18000, time remaining: 7m 1s
Rendered 14423/18000, time remaining: 7m 1s
Rendered 14424/18000, time remaining: 6m 57s
Rendered 14425/18000, time remaining: 6m 57s
Rendered 14426/18000, time remaining: 6m 58s
Rendered 14427/18000, time remaining: 6m 58s
Rendered 14428/18000, time remaining: 7m 2s
Rendered 14429/18000, time remaining: 6m 56s
Rendered 14430/18000, time remaining: 6m 56s
Rendered 14431/18000, time remaining: 6m 56s
Rendered 14432/18000, time remaining: 7m 3s
Rendered 14433/18000, time remaining: 6m 57s
Rendered 14434/18000, time remaining: 6m 56s
Rendered 14435/18000, time remaining: 6m 55s
Rendered 14436/18000, time remaining: 6m 59s
Rendered 14437/18000, time remaining: 6m 58s
Rendered 14438/18000, time remaining: 6m 57s
Rendered 14439/18000, time remaining: 6m 56s
Rendered 14440/18000, time remaining: 6m 59s
Rendered 14441/18000, time remaining: 6m 57s
Rendered 14442/18000, time remaining: 6m 59s
Rendered 14443/18000, time remaining: 6m 58s
Rendered 14444/18000, time remaining: 6m 59s
Rendered 14445/18000, time remaining: 6m 55s
Rendered 14446/18000, time remaining: 6m 58s
Rendered 14447/18000, time remaining: 6m 58s
Rendered 14448/18000, time remaining: 6m 59s
Rendered 14449/18000, time remaining: 6m 58s
Rendered 14450/18000, time remaining: 6m 59s
Rendered 14451/18000, time remaining: 7m 3s
Rendered 14452/18000, time remaining: 6m 58s
Rendered 14453/18000, time remaining: 6m 57s
Rendered 14454/18000, time remaining: 6m 56s
Rendered 14455/18000, time remaining: 7m 1s
Rendered 14456/18000, time remaining: 7m 0s
Rendered 14457/18000, time remaining: 6m 58s
Rendered 14458/18000, time remaining: 6m 57s
Rendered 14459/18000, time remaining: 7m 1s
Rendered 14460/18000, time remaining: 7m 0s
Rendered 14461/18000, time remaining: 6m 58s
Rendered 14462/18000, time remaining: 6m 57s
Rendered 14463/18000, time remaining: 7m 0s
Rendered 14464/18000, time remaining: 7m 3s
Rendered 14465/18000, time remaining: 6m 58s
Rendered 14466/18000, time remaining: 6m 56s
Rendered 14467/18000, time remaining: 6m 57s
Rendered 14468/18000, time remaining: 6m 59s
Rendered 14469/18000, time remaining: 6m 56s
Rendered 14470/18000, time remaining: 6m 58s
Rendered 14471/18000, time remaining: 6m 57s
Rendered 14472/18000, time remaining: 6m 58s
Rendered 14473/18000, time remaining: 6m 55s
Rendered 14474/18000, time remaining: 6m 57s
Rendered 14475/18000, time remaining: 6m 58s
Rendered 14476/18000, time remaining: 6m 57s
Rendered 14477/18000, time remaining: 6m 52s
Rendered 14478/18000, time remaining: 6m 53s
Rendered 14479/18000, time remaining: 6m 57s
Rendered 14480/18000, time remaining: 6m 58s
Rendered 14481/18000, time remaining: 6m 50s
Rendered 14482/18000, time remaining: 6m 52s
Rendered 14483/18000, time remaining: 6m 55s
Rendered 14484/18000, time remaining: 6m 56s
Rendered 14485/18000, time remaining: 6m 50s
Rendered 14486/18000, time remaining: 6m 50s
Rendered 14487/18000, time remaining: 6m 54s
Rendered 14488/18000, time remaining: 6m 56s
Rendered 14489/18000, time remaining: 6m 52s
Rendered 14490/18000, time remaining: 6m 51s
Rendered 14491/18000, time remaining: 6m 51s
Rendered 14492/18000, time remaining: 6m 53s
Rendered 14493/18000, time remaining: 6m 48s
Rendered 14494/18000, time remaining: 6m 47s
Rendered 14495/18000, time remaining: 6m 47s
Rendered 14496/18000, time remaining: 6m 45s
Rendered 14497/18000, time remaining: 6m 44s
Rendered 14498/18000, time remaining: 6m 40s
Rendered 14499/18000, time remaining: 6m 42s
Rendered 14500/18000, time remaining: 6m 40s
Rendered 14501/18000, time remaining: 6m 38s
Rendered 14502/18000, time remaining: 6m 39s
Rendered 14503/18000, time remaining: 6m 39s
Rendered 14504/18000, time remaining: 6m 39s
Rendered 14505/18000, time remaining: 6m 39s
Rendered 14506/18000, time remaining: 6m 38s
Rendered 14507/18000, time remaining: 6m 36s
Rendered 14508/18000, time remaining: 6m 38s
Rendered 14509/18000, time remaining: 6m 39s
Rendered 14510/18000, time remaining: 6m 38s
Rendered 14511/18000, time remaining: 6m 33s
Rendered 14512/18000, time remaining: 6m 34s
Rendered 14513/18000, time remaining: 6m 36s
Rendered 14514/18000, time remaining: 6m 35s
Rendered 14515/18000, time remaining: 6m 31s
Rendered 14516/18000, time remaining: 6m 31s
Rendered 14517/18000, time remaining: 6m 32s
Rendered 14518/18000, time remaining: 6m 32s
Rendered 14519/18000, time remaining: 6m 30s
Rendered 14520/18000, time remaining: 6m 29s
Rendered 14521/18000, time remaining: 6m 32s
Rendered 14522/18000, time remaining: 6m 29s
Rendered 14523/18000, time remaining: 6m 28s
Rendered 14524/18000, time remaining: 6m 28s
Rendered 14525/18000, time remaining: 6m 32s
Rendered 14526/18000, time remaining: 6m 31s
Rendered 14527/18000, time remaining: 6m 30s
Rendered 14528/18000, time remaining: 6m 30s
Rendered 14529/18000, time remaining: 6m 32s
Rendered 14530/18000, time remaining: 6m 32s
Rendered 14531/18000, time remaining: 6m 31s
Rendered 14532/18000, time remaining: 6m 31s
Rendered 14533/18000, time remaining: 6m 30s
Rendered 14534/18000, time remaining: 6m 29s
Rendered 14535/18000, time remaining: 6m 29s
Rendered 14536/18000, time remaining: 6m 29s
Rendered 14537/18000, time remaining: 6m 29s
Rendered 14538/18000, time remaining: 6m 25s
Rendered 14539/18000, time remaining: 6m 25s
Rendered 14540/18000, time remaining: 6m 27s
Rendered 14541/18000, time remaining: 6m 29s
Rendered 14542/18000, time remaining: 6m 21s
Rendered 14543/18000, time remaining: 6m 21s
Rendered 14544/18000, time remaining: 6m 23s
Rendered 14545/18000, time remaining: 6m 27s
Rendered 14546/18000, time remaining: 6m 24s
Rendered 14547/18000, time remaining: 6m 20s
Rendered 14548/18000, time remaining: 6m 24s
Rendered 14549/18000, time remaining: 6m 27s
Rendered 14550/18000, time remaining: 6m 20s
Rendered 14551/18000, time remaining: 6m 22s
Rendered 14552/18000, time remaining: 6m 22s
Rendered 14553/18000, time remaining: 6m 27s
Rendered 14554/18000, time remaining: 6m 22s
Rendered 14555/18000, time remaining: 6m 22s
Rendered 14556/18000, time remaining: 6m 21s
Rendered 14557/18000, time remaining: 6m 26s
Rendered 14558/18000, time remaining: 6m 25s
Rendered 14559/18000, time remaining: 6m 25s
Rendered 14560/18000, time remaining: 6m 24s
Rendered 14561/18000, time remaining: 6m 21s
Rendered 14562/18000, time remaining: 6m 23s
Rendered 14563/18000, time remaining: 6m 24s
Rendered 14564/18000, time remaining: 6m 24s
Rendered 14565/18000, time remaining: 6m 19s
Rendered 14566/18000, time remaining: 6m 22s
Rendered 14567/18000, time remaining: 6m 23s
Rendered 14568/18000, time remaining: 6m 24s
Rendered 14569/18000, time remaining: 6m 20s
Rendered 14570/18000, time remaining: 6m 21s
Rendered 14571/18000, time remaining: 6m 23s
Rendered 14572/18000, time remaining: 6m 22s
Rendered 14573/18000, time remaining: 6m 21s
Rendered 14574/18000, time remaining: 6m 21s
Rendered 14575/18000, time remaining: 6m 24s
Rendered 14576/18000, time remaining: 6m 24s
Rendered 14577/18000, time remaining: 6m 23s
Rendered 14578/18000, time remaining: 6m 19s
Rendered 14579/18000, time remaining: 6m 23s
Rendered 14580/18000, time remaining: 6m 23s
Rendered 14581/18000, time remaining: 6m 24s
Rendered 14582/18000, time remaining: 6m 18s
Rendered 14583/18000, time remaining: 6m 21s
Rendered 14584/18000, time remaining: 6m 23s
Rendered 14585/18000, time remaining: 6m 22s
Rendered 14586/18000, time remaining: 6m 19s
Rendered 14587/18000, time remaining: 6m 21s
Rendered 14588/18000, time remaining: 6m 21s
Rendered 14589/18000, time remaining: 6m 21s
Rendered 14590/18000, time remaining: 6m 20s
Rendered 14591/18000, time remaining: 6m 20s
Rendered 14592/18000, time remaining: 6m 21s
Rendered 14593/18000, time remaining: 6m 20s
Rendered 14594/18000, time remaining: 6m 18s
Rendered 14595/18000, time remaining: 6m 19s
Rendered 14596/18000, time remaining: 6m 21s
Rendered 14597/18000, time remaining: 6m 20s
Rendered 14598/18000, time remaining: 6m 18s
Rendered 14599/18000, time remaining: 6m 17s
Rendered 14600/18000, time remaining: 6m 22s
Rendered 14601/18000, time remaining: 6m 18s
Rendered 14602/18000, time remaining: 6m 18s
Rendered 14603/18000, time remaining: 6m 16s
Rendered 14604/18000, time remaining: 6m 25s
Rendered 14605/18000, time remaining: 6m 19s
Rendered 14606/18000, time remaining: 6m 18s
Rendered 14607/18000, time remaining: 6m 17s
Rendered 14608/18000, time remaining: 6m 26s
Rendered 14609/18000, time remaining: 6m 22s
Rendered 14610/18000, time remaining: 6m 21s
Rendered 14611/18000, time remaining: 6m 20s
Rendered 14612/18000, time remaining: 6m 26s
Rendered 14613/18000, time remaining: 6m 24s
Rendered 14614/18000, time remaining: 6m 22s
Rendered 14615/18000, time remaining: 6m 21s
Rendered 14616/18000, time remaining: 6m 24s
Rendered 14617/18000, time remaining: 6m 23s
Rendered 14618/18000, time remaining: 6m 25s
Rendered 14619/18000, time remaining: 6m 24s
Rendered 14620/18000, time remaining: 6m 21s
Rendered 14621/18000, time remaining: 6m 22s
Rendered 14622/18000, time remaining: 6m 26s
Rendered 14623/18000, time remaining: 6m 24s
Rendered 14624/18000, time remaining: 6m 20s
Rendered 14625/18000, time remaining: 6m 20s
Rendered 14626/18000, time remaining: 6m 25s
Rendered 14627/18000, time remaining: 6m 25s
Rendered 14628/18000, time remaining: 6m 24s
Rendered 14629/18000, time remaining: 6m 20s
Rendered 14630/18000, time remaining: 6m 22s
Rendered 14631/18000, time remaining: 6m 25s
Rendered 14632/18000, time remaining: 6m 25s
Rendered 14633/18000, time remaining: 6m 22s
Rendered 14634/18000, time remaining: 6m 22s
Rendered 14635/18000, time remaining: 6m 22s
Rendered 14636/18000, time remaining: 6m 24s
Rendered 14637/18000, time remaining: 6m 22s
Rendered 14638/18000, time remaining: 6m 21s
Rendered 14639/18000, time remaining: 6m 22s
Rendered 14640/18000, time remaining: 6m 22s
Rendered 14641/18000, time remaining: 6m 23s
Rendered 14642/18000, time remaining: 6m 20s
Rendered 14643/18000, time remaining: 6m 22s
Rendered 14644/18000, time remaining: 6m 22s
Rendered 14645/18000, time remaining: 6m 22s
Rendered 14646/18000, time remaining: 6m 21s
Rendered 14647/18000, time remaining: 6m 21s
Rendered 14648/18000, time remaining: 6m 19s
Rendered 14649/18000, time remaining: 6m 21s
Rendered 14650/18000, time remaining: 6m 21s
Rendered 14651/18000, time remaining: 6m 21s
Rendered 14652/18000, time remaining: 6m 17s
Rendered 14653/18000, time remaining: 6m 17s
Rendered 14654/18000, time remaining: 6m 17s
Rendered 14655/18000, time remaining: 6m 18s
Rendered 14656/18000, time remaining: 6m 17s
Rendered 14657/18000, time remaining: 6m 17s
Rendered 14658/18000, time remaining: 6m 14s
Rendered 14659/18000, time remaining: 6m 14s
Rendered 14660/18000, time remaining: 6m 13s
Rendered 14661/18000, time remaining: 6m 17s
Rendered 14662/18000, time remaining: 6m 14s
Rendered 14663/18000, time remaining: 6m 12s
Rendered 14664/18000, time remaining: 6m 11s
Rendered 14665/18000, time remaining: 6m 16s
Rendered 14666/18000, time remaining: 6m 15s
Rendered 14667/18000, time remaining: 6m 13s
Rendered 14668/18000, time remaining: 6m 12s
Rendered 14669/18000, time remaining: 6m 14s
Rendered 14670/18000, time remaining: 6m 15s
Rendered 14671/18000, time remaining: 6m 12s
Rendered 14672/18000, time remaining: 6m 12s
Rendered 14673/18000, time remaining: 6m 12s
Rendered 14674/18000, time remaining: 6m 13s
Rendered 14675/18000, time remaining: 6m 8s
Rendered 14676/18000, time remaining: 6m 7s
Rendered 14677/18000, time remaining: 6m 9s
Rendered 14678/18000, time remaining: 6m 7s
Rendered 14679/18000, time remaining: 6m 6s
Rendered 14680/18000, time remaining: 6m 5s
Rendered 14681/18000, time remaining: 6m 6s
Rendered 14682/18000, time remaining: 6m 5s
Rendered 14683/18000, time remaining: 6m 5s
Rendered 14684/18000, time remaining: 6m 4s
Rendered 14685/18000, time remaining: 6m 3s
Rendered 14686/18000, time remaining: 6m 4s
Rendered 14687/18000, time remaining: 6m 4s
Rendered 14688/18000, time remaining: 6m 2s
Rendered 14689/18000, time remaining: 6m 1s
Rendered 14690/18000, time remaining: 6m 0s
Rendered 14691/18000, time remaining: 6m 3s
Rendered 14692/18000, time remaining: 6m 3s
Rendered 14693/18000, time remaining: 6m 2s
Rendered 14694/18000, time remaining: 6m 0s
Rendered 14695/18000, time remaining: 5m 59s
Rendered 14696/18000, time remaining: 5m 59s
Rendered 14697/18000, time remaining: 6m 1s
Rendered 14698/18000, time remaining: 5m 57s
Rendered 14699/18000, time remaining: 5m 55s
Rendered 14700/18000, time remaining: 5m 55s
Rendered 14701/18000, time remaining: 5m 57s
Rendered 14702/18000, time remaining: 6m 1s
Rendered 14703/18000, time remaining: 5m 56s
Rendered 14704/18000, time remaining: 5m 55s
Rendered 14705/18000, time remaining: 5m 58s
Rendered 14706/18000, time remaining: 6m 4s
Rendered 14707/18000, time remaining: 6m 0s
Rendered 14708/18000, time remaining: 5m 59s
Rendered 14709/18000, time remaining: 5m 56s
Rendered 14710/18000, time remaining: 5m 59s
Rendered 14711/18000, time remaining: 5m 59s
Rendered 14712/18000, time remaining: 5m 56s
Rendered 14713/18000, time remaining: 5m 55s
Rendered 14714/18000, time remaining: 5m 55s
Rendered 14715/18000, time remaining: 5m 57s
Rendered 14716/18000, time remaining: 5m 53s
Rendered 14717/18000, time remaining: 5m 53s
Rendered 14718/18000, time remaining: 5m 52s
Rendered 14719/18000, time remaining: 5m 53s
Rendered 14720/18000, time remaining: 5m 52s
Rendered 14721/18000, time remaining: 5m 49s
Rendered 14722/18000, time remaining: 5m 48s
Rendered 14723/18000, time remaining: 5m 49s
Rendered 14724/18000, time remaining: 5m 50s
Rendered 14725/18000, time remaining: 5m 45s
Rendered 14726/18000, time remaining: 5m 45s
Rendered 14727/18000, time remaining: 5m 46s
Rendered 14728/18000, time remaining: 5m 46s
Rendered 14729/18000, time remaining: 5m 42s
Rendered 14730/18000, time remaining: 5m 42s
Rendered 14731/18000, time remaining: 5m 41s
Rendered 14732/18000, time remaining: 5m 44s
Rendered 14733/18000, time remaining: 5m 41s
Rendered 14734/18000, time remaining: 5m 39s
Rendered 14735/18000, time remaining: 5m 39s
Rendered 14736/18000, time remaining: 5m 41s
Rendered 14737/18000, time remaining: 5m 39s
Rendered 14738/18000, time remaining: 5m 37s
Rendered 14739/18000, time remaining: 5m 38s
Rendered 14740/18000, time remaining: 5m 36s
Rendered 14741/18000, time remaining: 5m 36s
Rendered 14742/18000, time remaining: 5m 34s
Rendered 14743/18000, time remaining: 5m 34s
Rendered 14744/18000, time remaining: 5m 34s
Rendered 14745/18000, time remaining: 5m 35s
Rendered 14746/18000, time remaining: 5m 30s
Rendered 14747/18000, time remaining: 5m 31s
Rendered 14748/18000, time remaining: 5m 32s
Rendered 14749/18000, time remaining: 5m 32s
Rendered 14750/18000, time remaining: 5m 26s
Rendered 14751/18000, time remaining: 5m 27s
Rendered 14752/18000, time remaining: 5m 28s
Rendered 14753/18000, time remaining: 5m 29s
Rendered 14754/18000, time remaining: 5m 21s
Rendered 14755/18000, time remaining: 5m 22s
Rendered 14756/18000, time remaining: 5m 23s
Rendered 14757/18000, time remaining: 5m 25s
Rendered 14758/18000, time remaining: 5m 16s
Rendered 14759/18000, time remaining: 5m 17s
Rendered 14760/18000, time remaining: 5m 17s
Rendered 14761/18000, time remaining: 5m 18s
Rendered 14762/18000, time remaining: 5m 12s
Rendered 14763/18000, time remaining: 5m 12s
Rendered 14764/18000, time remaining: 5m 11s
Rendered 14765/18000, time remaining: 5m 14s
Rendered 14766/18000, time remaining: 5m 12s
Rendered 14767/18000, time remaining: 5m 13s
Rendered 14768/18000, time remaining: 5m 10s
Rendered 14769/18000, time remaining: 5m 11s
Rendered 14770/18000, time remaining: 5m 12s
Rendered 14771/18000, time remaining: 5m 11s
Rendered 14772/18000, time remaining: 5m 8s
Rendered 14773/18000, time remaining: 5m 8s
Rendered 14774/18000, time remaining: 5m 10s
Rendered 14775/18000, time remaining: 5m 10s
Rendered 14776/18000, time remaining: 5m 8s
Rendered 14777/18000, time remaining: 5m 8s
Rendered 14778/18000, time remaining: 5m 6s
Rendered 14779/18000, time remaining: 5m 6s
Rendered 14780/18000, time remaining: 5m 7s
Rendered 14781/18000, time remaining: 5m 6s
Rendered 14782/18000, time remaining: 5m 5s
Rendered 14783/18000, time remaining: 5m 3s
Rendered 14784/18000, time remaining: 5m 3s
Rendered 14785/18000, time remaining: 5m 7s
Rendered 14786/18000, time remaining: 5m 5s
Rendered 14787/18000, time remaining: 5m 1s
Rendered 14788/18000, time remaining: 5m 1s
Rendered 14789/18000, time remaining: 5m 4s
Rendered 14790/18000, time remaining: 5m 3s
Rendered 14791/18000, time remaining: 5m 0s
Rendered 14792/18000, time remaining: 5m 1s
Rendered 14793/18000, time remaining: 5m 1s
Rendered 14794/18000, time remaining: 5m 0s
Rendered 14795/18000, time remaining: 4m 58s
Rendered 14796/18000, time remaining: 4m 57s
Rendered 14797/18000, time remaining: 5m 0s
Rendered 14798/18000, time remaining: 5m 1s
Rendered 14799/18000, time remaining: 4m 58s
Rendered 14800/18000, time remaining: 4m 57s
Rendered 14801/18000, time remaining: 4m 57s
Rendered 14802/18000, time remaining: 4m 59s
Rendered 14803/18000, time remaining: 4m 58s
Rendered 14804/18000, time remaining: 4m 57s
Rendered 14805/18000, time remaining: 4m 57s
Rendered 14806/18000, time remaining: 4m 57s
Rendered 14807/18000, time remaining: 4m 55s
Rendered 14808/18000, time remaining: 4m 56s
Rendered 14809/18000, time remaining: 4m 56s
Rendered 14810/18000, time remaining: 4m 56s
Rendered 14811/18000, time remaining: 4m 52s
Rendered 14812/18000, time remaining: 4m 54s
Rendered 14813/18000, time remaining: 4m 55s
Rendered 14814/18000, time remaining: 4m 55s
Rendered 14815/18000, time remaining: 4m 50s
Rendered 14816/18000, time remaining: 4m 50s
Rendered 14817/18000, time remaining: 4m 53s
Rendered 14818/18000, time remaining: 4m 54s
Rendered 14819/18000, time remaining: 4m 51s
Rendered 14820/18000, time remaining: 4m 50s
Rendered 14821/18000, time remaining: 4m 51s
Rendered 14822/18000, time remaining: 4m 53s
Rendered 14823/18000, time remaining: 4m 52s
Rendered 14824/18000, time remaining: 4m 50s
Rendered 14825/18000, time remaining: 4m 51s
Rendered 14826/18000, time remaining: 4m 54s
Rendered 14827/18000, time remaining: 4m 51s
Rendered 14828/18000, time remaining: 4m 50s
Rendered 14829/18000, time remaining: 4m 49s
Rendered 14830/18000, time remaining: 4m 51s
Rendered 14831/18000, time remaining: 4m 51s
Rendered 14832/18000, time remaining: 4m 52s
Rendered 14833/18000, time remaining: 4m 51s
Rendered 14834/18000, time remaining: 4m 50s
Rendered 14835/18000, time remaining: 4m 52s
Rendered 14836/18000, time remaining: 4m 51s
Rendered 14837/18000, time remaining: 4m 51s
Rendered 14838/18000, time remaining: 4m 51s
Rendered 14839/18000, time remaining: 4m 51s
Rendered 14840/18000, time remaining: 4m 50s
Rendered 14841/18000, time remaining: 4m 49s
Rendered 14842/18000, time remaining: 4m 49s
Rendered 14843/18000, time remaining: 4m 49s
Rendered 14844/18000, time remaining: 4m 48s
Rendered 14845/18000, time remaining: 4m 50s
Rendered 14846/18000, time remaining: 4m 49s
Rendered 14847/18000, time remaining: 4m 48s
Rendered 14848/18000, time remaining: 4m 49s
Rendered 14849/18000, time remaining: 4m 50s
Rendered 14850/18000, time remaining: 4m 51s
Rendered 14851/18000, time remaining: 4m 48s
Rendered 14852/18000, time remaining: 4m 44s
Rendered 14853/18000, time remaining: 4m 44s
Rendered 14854/18000, time remaining: 4m 48s
Rendered 14855/18000, time remaining: 4m 45s
Rendered 14856/18000, time remaining: 4m 40s
Rendered 14857/18000, time remaining: 4m 39s
Rendered 14858/18000, time remaining: 4m 42s
Rendered 14859/18000, time remaining: 4m 42s
Rendered 14860/18000, time remaining: 4m 40s
Rendered 14861/18000, time remaining: 4m 39s
Rendered 14862/18000, time remaining: 4m 43s
Rendered 14863/18000, time remaining: 4m 44s
Rendered 14864/18000, time remaining: 4m 43s
Rendered 14865/18000, time remaining: 4m 41s
Rendered 14866/18000, time remaining: 4m 43s
Rendered 14867/18000, time remaining: 4m 43s
Rendered 14868/18000, time remaining: 4m 44s
Rendered 14869/18000, time remaining: 4m 44s
Rendered 14870/18000, time remaining: 4m 43s
Rendered 14871/18000, time remaining: 4m 46s
Rendered 14872/18000, time remaining: 4m 47s
Rendered 14873/18000, time remaining: 4m 46s
Rendered 14874/18000, time remaining: 4m 45s
Rendered 14875/18000, time remaining: 4m 46s
Rendered 14876/18000, time remaining: 4m 46s
Rendered 14877/18000, time remaining: 4m 46s
Rendered 14878/18000, time remaining: 4m 45s
Rendered 14879/18000, time remaining: 4m 47s
Rendered 14880/18000, time remaining: 4m 48s
Rendered 14881/18000, time remaining: 4m 49s
Rendered 14882/18000, time remaining: 4m 45s
Rendered 14883/18000, time remaining: 4m 48s
Rendered 14884/18000, time remaining: 4m 48s
Rendered 14885/18000, time remaining: 4m 48s
Rendered 14886/18000, time remaining: 4m 46s
Rendered 14887/18000, time remaining: 4m 51s
Rendered 14888/18000, time remaining: 4m 50s
Rendered 14889/18000, time remaining: 4m 48s
Rendered 14890/18000, time remaining: 4m 48s
Rendered 14891/18000, time remaining: 4m 52s
Rendered 14892/18000, time remaining: 4m 52s
Rendered 14893/18000, time remaining: 4m 51s
Rendered 14894/18000, time remaining: 4m 51s
Rendered 14895/18000, time remaining: 4m 54s
Rendered 14896/18000, time remaining: 4m 53s
Rendered 14897/18000, time remaining: 4m 53s
Rendered 14898/18000, time remaining: 4m 52s
Rendered 14899/18000, time remaining: 4m 56s
Rendered 14900/18000, time remaining: 4m 55s
Rendered 14901/18000, time remaining: 4m 54s
Rendered 14902/18000, time remaining: 4m 53s
Rendered 14903/18000, time remaining: 4m 54s
Rendered 14904/18000, time remaining: 4m 58s
Rendered 14905/18000, time remaining: 4m 58s
Rendered 14906/18000, time remaining: 4m 56s
Rendered 14907/18000, time remaining: 4m 55s
Rendered 14908/18000, time remaining: 4m 57s
Rendered 14909/18000, time remaining: 4m 59s
Rendered 14910/18000, time remaining: 4m 58s
Rendered 14911/18000, time remaining: 4m 57s
Rendered 14912/18000, time remaining: 4m 58s
Rendered 14913/18000, time remaining: 4m 59s
Rendered 14914/18000, time remaining: 4m 59s
Rendered 14915/18000, time remaining: 4m 58s
Rendered 14916/18000, time remaining: 4m 59s
Rendered 14917/18000, time remaining: 4m 58s
Rendered 14918/18000, time remaining: 4m 58s
Rendered 14919/18000, time remaining: 4m 58s
Rendered 14920/18000, time remaining: 4m 57s
Rendered 14921/18000, time remaining: 4m 58s
Rendered 14922/18000, time remaining: 4m 57s
Rendered 14923/18000, time remaining: 4m 59s
Rendered 14924/18000, time remaining: 4m 58s
Rendered 14925/18000, time remaining: 4m 57s
Rendered 14926/18000, time remaining: 4m 55s
Rendered 14927/18000, time remaining: 4m 59s
Rendered 14928/18000, time remaining: 4m 59s
Rendered 14929/18000, time remaining: 5m 0s
Rendered 14930/18000, time remaining: 4m 56s
Rendered 14931/18000, time remaining: 4m 57s
Rendered 14932/18000, time remaining: 4m 58s
Rendered 14933/18000, time remaining: 5m 0s
Rendered 14934/18000, time remaining: 4m 58s
Rendered 14935/18000, time remaining: 4m 55s
Rendered 14936/18000, time remaining: 4m 56s
Rendered 14937/18000, time remaining: 4m 59s
Rendered 14938/18000, time remaining: 4m 59s
Rendered 14939/18000, time remaining: 4m 57s
Rendered 14940/18000, time remaining: 4m 57s
Rendered 14941/18000, time remaining: 4m 58s
Rendered 14942/18000, time remaining: 5m 15s
Rendered 14943/18000, time remaining: 5m 12s
Rendered 14944/18000, time remaining: 5m 13s
Rendered 14945/18000, time remaining: 5m 13s
Rendered 14946/18000, time remaining: 5m 21s
Rendered 14947/18000, time remaining: 5m 20s
Rendered 14948/18000, time remaining: 5m 22s
Rendered 14949/18000, time remaining: 5m 22s
Rendered 14950/18000, time remaining: 5m 25s
Rendered 14951/18000, time remaining: 5m 24s
Rendered 14952/18000, time remaining: 5m 24s
Rendered 14953/18000, time remaining: 5m 23s
Rendered 14954/18000, time remaining: 5m 24s
Rendered 14955/18000, time remaining: 5m 23s
Rendered 14956/18000, time remaining: 5m 25s
Rendered 14957/18000, time remaining: 5m 24s
Rendered 14958/18000, time remaining: 5m 23s
Rendered 14959/18000, time remaining: 5m 24s
Rendered 14960/18000, time remaining: 5m 26s
Rendered 14961/18000, time remaining: 5m 26s
Rendered 14962/18000, time remaining: 5m 24s
Rendered 14963/18000, time remaining: 5m 27s
Rendered 14964/18000, time remaining: 5m 31s
Rendered 14965/18000, time remaining: 5m 33s
Rendered 14966/18000, time remaining: 5m 32s
Rendered 14967/18000, time remaining: 5m 29s
Rendered 14968/18000, time remaining: 5m 30s
Rendered 14969/18000, time remaining: 5m 33s
Rendered 14970/18000, time remaining: 5m 33s
Rendered 14971/18000, time remaining: 5m 33s
Rendered 14972/18000, time remaining: 5m 31s
Rendered 14973/18000, time remaining: 5m 33s
Rendered 14974/18000, time remaining: 5m 34s
Rendered 14975/18000, time remaining: 5m 33s
Rendered 14976/18000, time remaining: 5m 31s
Rendered 14977/18000, time remaining: 5m 36s
Rendered 14978/18000, time remaining: 5m 35s
Rendered 14979/18000, time remaining: 5m 35s
Rendered 14980/18000, time remaining: 5m 32s
Rendered 14981/18000, time remaining: 5m 35s
Rendered 14982/18000, time remaining: 5m 35s
Rendered 14983/18000, time remaining: 5m 35s
Rendered 14984/18000, time remaining: 5m 35s
Rendered 14985/18000, time remaining: 5m 34s
Rendered 14986/18000, time remaining: 5m 35s
Rendered 14987/18000, time remaining: 5m 35s
Rendered 14988/18000, time remaining: 5m 36s
Rendered 14989/18000, time remaining: 5m 35s
Rendered 14990/18000, time remaining: 5m 36s
Rendered 14991/18000, time remaining: 5m 35s
Rendered 14992/18000, time remaining: 5m 36s
Rendered 14993/18000, time remaining: 5m 36s
Rendered 14994/18000, time remaining: 5m 37s
Rendered 14995/18000, time remaining: 5m 36s
Rendered 14996/18000, time remaining: 5m 42s
Rendered 14997/18000, time remaining: 5m 43s
Rendered 14998/18000, time remaining: 5m 43s
Rendered 14999/18000, time remaining: 5m 43s
Rendered 15000/18000, time remaining: 5m 44s
Rendered 15001/18000, time remaining: 5m 45s
Rendered 15002/18000, time remaining: 5m 44s
Rendered 15003/18000, time remaining: 5m 45s
Rendered 15004/18000, time remaining: 5m 44s
Rendered 15005/18000, time remaining: 5m 46s
Rendered 15006/18000, time remaining: 5m 44s
Rendered 15007/18000, time remaining: 5m 46s
Rendered 15008/18000, time remaining: 5m 46s
Rendered 15009/18000, time remaining: 5m 46s
Rendered 15010/18000, time remaining: 5m 44s
Rendered 15011/18000, time remaining: 5m 46s
Rendered 15012/18000, time remaining: 5m 46s
Rendered 15013/18000, time remaining: 5m 47s
Rendered 15014/18000, time remaining: 5m 47s
Rendered 15015/18000, time remaining: 5m 47s
Rendered 15016/18000, time remaining: 5m 46s
Rendered 15017/18000, time remaining: 5m 47s
Rendered 15018/18000, time remaining: 5m 47s
Rendered 15019/18000, time remaining: 5m 47s
Rendered 15020/18000, time remaining: 5m 47s
Rendered 15021/18000, time remaining: 5m 44s
Rendered 15022/18000, time remaining: 5m 45s
Rendered 15023/18000, time remaining: 5m 46s
Rendered 15024/18000, time remaining: 5m 46s
Rendered 15025/18000, time remaining: 5m 44s
Rendered 15026/18000, time remaining: 5m 44s
Rendered 15027/18000, time remaining: 5m 46s
Rendered 15028/18000, time remaining: 5m 46s
Rendered 15029/18000, time remaining: 5m 45s
Rendered 15030/18000, time remaining: 5m 43s
Rendered 15031/18000, time remaining: 5m 44s
Rendered 15032/18000, time remaining: 5m 47s
Rendered 15033/18000, time remaining: 5m 44s
Rendered 15034/18000, time remaining: 5m 45s
Rendered 15035/18000, time remaining: 5m 45s
Rendered 15036/18000, time remaining: 5m 45s
Rendered 15037/18000, time remaining: 5m 43s
Rendered 15038/18000, time remaining: 5m 44s
Rendered 15039/18000, time remaining: 5m 45s
Rendered 15040/18000, time remaining: 5m 45s
Rendered 15041/18000, time remaining: 5m 41s
Rendered 15042/18000, time remaining: 5m 43s
Rendered 15043/18000, time remaining: 5m 44s
Rendered 15044/18000, time remaining: 5m 43s
Rendered 15045/18000, time remaining: 5m 40s
Rendered 15046/18000, time remaining: 5m 42s
Rendered 15047/18000, time remaining: 5m 44s
Rendered 15048/18000, time remaining: 5m 44s
Rendered 15049/18000, time remaining: 5m 40s
Rendered 15050/18000, time remaining: 5m 43s
Rendered 15051/18000, time remaining: 5m 44s
Rendered 15052/18000, time remaining: 5m 45s
Rendered 15053/18000, time remaining: 5m 43s
Rendered 15054/18000, time remaining: 5m 43s
Rendered 15055/18000, time remaining: 5m 42s
Rendered 15056/18000, time remaining: 5m 44s
Rendered 15057/18000, time remaining: 5m 42s
Rendered 15058/18000, time remaining: 5m 45s
Rendered 15059/18000, time remaining: 5m 44s
Rendered 15060/18000, time remaining: 5m 44s
Rendered 15061/18000, time remaining: 5m 43s
Rendered 15062/18000, time remaining: 5m 46s
Rendered 15063/18000, time remaining: 5m 47s
Rendered 15064/18000, time remaining: 5m 47s
Rendered 15065/18000, time remaining: 5m 45s
Rendered 15066/18000, time remaining: 5m 46s
Rendered 15067/18000, time remaining: 5m 47s
Rendered 15068/18000, time remaining: 5m 48s
Rendered 15069/18000, time remaining: 5m 45s
Rendered 15070/18000, time remaining: 5m 46s
Rendered 15071/18000, time remaining: 5m 48s
Rendered 15072/18000, time remaining: 5m 50s
Rendered 15073/18000, time remaining: 5m 46s
Rendered 15074/18000, time remaining: 5m 47s
Rendered 15075/18000, time remaining: 5m 50s
Rendered 15076/18000, time remaining: 5m 52s
Rendered 15077/18000, time remaining: 5m 49s
Rendered 15078/18000, time remaining: 5m 48s
Rendered 15079/18000, time remaining: 5m 50s
Rendered 15080/18000, time remaining: 5m 51s
Rendered 15081/18000, time remaining: 5m 50s
Rendered 15082/18000, time remaining: 5m 49s
Rendered 15083/18000, time remaining: 5m 49s
Rendered 15084/18000, time remaining: 5m 52s
Rendered 15085/18000, time remaining: 5m 53s
Rendered 15086/18000, time remaining: 5m 51s
Rendered 15087/18000, time remaining: 5m 50s
Rendered 15088/18000, time remaining: 5m 51s
Rendered 15089/18000, time remaining: 5m 51s
Rendered 15090/18000, time remaining: 5m 52s
Rendered 15091/18000, time remaining: 5m 51s
Rendered 15092/18000, time remaining: 5m 35s
Rendered 15093/18000, time remaining: 5m 37s
Rendered 15094/18000, time remaining: 5m 39s
Rendered 15095/18000, time remaining: 5m 39s
Rendered 15096/18000, time remaining: 5m 31s
Rendered 15097/18000, time remaining: 5m 29s
Rendered 15098/18000, time remaining: 5m 31s
Rendered 15099/18000, time remaining: 5m 30s
Rendered 15100/18000, time remaining: 5m 28s
Rendered 15101/18000, time remaining: 5m 29s
Rendered 15102/18000, time remaining: 5m 29s
Rendered 15103/18000, time remaining: 5m 31s
Rendered 15104/18000, time remaining: 5m 30s
Rendered 15105/18000, time remaining: 5m 30s
Rendered 15106/18000, time remaining: 5m 28s
Rendered 15107/18000, time remaining: 5m 31s
Rendered 15108/18000, time remaining: 5m 32s
Rendered 15109/18000, time remaining: 5m 32s
Rendered 15110/18000, time remaining: 5m 29s
Rendered 15111/18000, time remaining: 5m 31s
Rendered 15112/18000, time remaining: 5m 32s
Rendered 15113/18000, time remaining: 5m 29s
Rendered 15114/18000, time remaining: 5m 25s
Rendered 15115/18000, time remaining: 5m 29s
Rendered 15116/18000, time remaining: 5m 27s
Rendered 15117/18000, time remaining: 5m 27s
Rendered 15118/18000, time remaining: 5m 25s
Rendered 15119/18000, time remaining: 5m 29s
Rendered 15120/18000, time remaining: 5m 28s
Rendered 15121/18000, time remaining: 5m 26s
Rendered 15122/18000, time remaining: 5m 26s
Rendered 15123/18000, time remaining: 5m 29s
Rendered 15124/18000, time remaining: 5m 28s
Rendered 15125/18000, time remaining: 5m 26s
Rendered 15126/18000, time remaining: 5m 26s
Rendered 15127/18000, time remaining: 5m 27s
Rendered 15128/18000, time remaining: 5m 28s
Rendered 15129/18000, time remaining: 5m 28s
Rendered 15130/18000, time remaining: 5m 30s
Rendered 15131/18000, time remaining: 5m 27s
Rendered 15132/18000, time remaining: 5m 27s
Rendered 15133/18000, time remaining: 5m 28s
Rendered 15134/18000, time remaining: 5m 28s
Rendered 15135/18000, time remaining: 5m 27s
Rendered 15136/18000, time remaining: 5m 25s
Rendered 15137/18000, time remaining: 5m 28s
Rendered 15138/18000, time remaining: 5m 28s
Rendered 15139/18000, time remaining: 5m 29s
Rendered 15140/18000, time remaining: 5m 27s
Rendered 15141/18000, time remaining: 5m 27s
Rendered 15142/18000, time remaining: 5m 28s
Rendered 15143/18000, time remaining: 5m 28s
Rendered 15144/18000, time remaining: 5m 27s
Rendered 15145/18000, time remaining: 5m 24s
Rendered 15146/18000, time remaining: 5m 22s
Rendered 15147/18000, time remaining: 5m 21s
Rendered 15148/18000, time remaining: 5m 21s
Rendered 15149/18000, time remaining: 5m 20s
Rendered 15150/18000, time remaining: 5m 18s
Rendered 15151/18000, time remaining: 5m 18s
Rendered 15152/18000, time remaining: 5m 24s
Rendered 15153/18000, time remaining: 5m 24s
Rendered 15154/18000, time remaining: 5m 20s
Rendered 15155/18000, time remaining: 5m 18s
Rendered 15156/18000, time remaining: 5m 25s
Rendered 15157/18000, time remaining: 5m 23s
Rendered 15158/18000, time remaining: 5m 21s
Rendered 15159/18000, time remaining: 5m 21s
Rendered 15160/18000, time remaining: 5m 25s
Rendered 15161/18000, time remaining: 5m 24s
Rendered 15162/18000, time remaining: 5m 20s
Rendered 15163/18000, time remaining: 5m 20s
Rendered 15164/18000, time remaining: 5m 23s
Rendered 15165/18000, time remaining: 5m 23s
Rendered 15166/18000, time remaining: 5m 23s
Rendered 15167/18000, time remaining: 5m 20s
Rendered 15168/18000, time remaining: 5m 23s
Rendered 15169/18000, time remaining: 5m 23s
Rendered 15170/18000, time remaining: 5m 23s
Rendered 15171/18000, time remaining: 5m 21s
Rendered 15172/18000, time remaining: 5m 24s
Rendered 15173/18000, time remaining: 5m 23s
Rendered 15174/18000, time remaining: 5m 23s
Rendered 15175/18000, time remaining: 5m 22s
Rendered 15176/18000, time remaining: 5m 23s
Rendered 15177/18000, time remaining: 5m 25s
Rendered 15178/18000, time remaining: 5m 24s
Rendered 15179/18000, time remaining: 5m 23s
Rendered 15180/18000, time remaining: 5m 24s
Rendered 15181/18000, time remaining: 5m 26s
Rendered 15182/18000, time remaining: 5m 23s
Rendered 15183/18000, time remaining: 5m 22s
Rendered 15184/18000, time remaining: 5m 24s
Rendered 15185/18000, time remaining: 5m 27s
Rendered 15186/18000, time remaining: 5m 26s
Rendered 15187/18000, time remaining: 5m 23s
Rendered 15188/18000, time remaining: 5m 23s
Rendered 15189/18000, time remaining: 5m 26s
Rendered 15190/18000, time remaining: 5m 25s
Rendered 15191/18000, time remaining: 5m 24s
Rendered 15192/18000, time remaining: 5m 23s
Rendered 15193/18000, time remaining: 5m 25s
Rendered 15194/18000, time remaining: 5m 25s
Rendered 15195/18000, time remaining: 5m 24s
Rendered 15196/18000, time remaining: 5m 23s
Rendered 15197/18000, time remaining: 5m 23s
Rendered 15198/18000, time remaining: 5m 23s
Rendered 15199/18000, time remaining: 5m 23s
Rendered 15200/18000, time remaining: 5m 20s
Rendered 15201/18000, time remaining: 5m 20s
Rendered 15202/18000, time remaining: 5m 22s
Rendered 15203/18000, time remaining: 5m 23s
Rendered 15204/18000, time remaining: 5m 19s
Rendered 15205/18000, time remaining: 5m 19s
Rendered 15206/18000, time remaining: 5m 21s
Rendered 15207/18000, time remaining: 5m 23s
Rendered 15208/18000, time remaining: 5m 19s
Rendered 15209/18000, time remaining: 5m 18s
Rendered 15210/18000, time remaining: 5m 19s
Rendered 15211/18000, time remaining: 5m 20s
Rendered 15212/18000, time remaining: 5m 20s
Rendered 15213/18000, time remaining: 5m 19s
Rendered 15214/18000, time remaining: 5m 20s
Rendered 15215/18000, time remaining: 5m 19s
Rendered 15216/18000, time remaining: 5m 23s
Rendered 15217/18000, time remaining: 5m 22s
Rendered 15218/18000, time remaining: 5m 21s
Rendered 15219/18000, time remaining: 5m 22s
Rendered 15220/18000, time remaining: 5m 22s
Rendered 15221/18000, time remaining: 5m 20s
Rendered 15222/18000, time remaining: 5m 22s
Rendered 15223/18000, time remaining: 5m 21s
Rendered 15224/18000, time remaining: 5m 20s
Rendered 15225/18000, time remaining: 5m 22s
Rendered 15226/18000, time remaining: 5m 19s
Rendered 15227/18000, time remaining: 5m 20s
Rendered 15228/18000, time remaining: 5m 21s
Rendered 15229/18000, time remaining: 5m 19s
Rendered 15230/18000, time remaining: 5m 18s
Rendered 15231/18000, time remaining: 5m 20s
Rendered 15232/18000, time remaining: 5m 21s
Rendered 15233/18000, time remaining: 5m 19s
Rendered 15234/18000, time remaining: 5m 16s
Rendered 15235/18000, time remaining: 5m 18s
Rendered 15236/18000, time remaining: 5m 20s
Rendered 15237/18000, time remaining: 5m 20s
Rendered 15238/18000, time remaining: 5m 19s
Rendered 15239/18000, time remaining: 5m 17s
Rendered 15240/18000, time remaining: 5m 16s
Rendered 15241/18000, time remaining: 5m 18s
Rendered 15242/18000, time remaining: 5m 19s
Rendered 15243/18000, time remaining: 5m 17s
Rendered 15244/18000, time remaining: 5m 16s
Rendered 15245/18000, time remaining: 5m 16s
Rendered 15246/18000, time remaining: 5m 18s
Rendered 15247/18000, time remaining: 5m 18s
Rendered 15248/18000, time remaining: 5m 14s
Rendered 15249/18000, time remaining: 5m 14s
Rendered 15250/18000, time remaining: 5m 16s
Rendered 15251/18000, time remaining: 5m 16s
Rendered 15252/18000, time remaining: 5m 16s
Rendered 15253/18000, time remaining: 5m 13s
Rendered 15254/18000, time remaining: 5m 16s
Rendered 15255/18000, time remaining: 5m 17s
Rendered 15256/18000, time remaining: 5m 17s
Rendered 15257/18000, time remaining: 5m 14s
Rendered 15258/18000, time remaining: 5m 14s
Rendered 15259/18000, time remaining: 5m 14s
Rendered 15260/18000, time remaining: 5m 15s
Rendered 15261/18000, time remaining: 5m 13s
Rendered 15262/18000, time remaining: 5m 14s
Rendered 15263/18000, time remaining: 5m 12s
Rendered 15264/18000, time remaining: 5m 15s
Rendered 15265/18000, time remaining: 5m 10s
Rendered 15266/18000, time remaining: 5m 12s
Rendered 15267/18000, time remaining: 5m 13s
Rendered 15268/18000, time remaining: 5m 15s
Rendered 15269/18000, time remaining: 5m 9s
Rendered 15270/18000, time remaining: 5m 10s
Rendered 15271/18000, time remaining: 5m 12s
Rendered 15272/18000, time remaining: 5m 12s
Rendered 15273/18000, time remaining: 5m 10s
Rendered 15274/18000, time remaining: 5m 9s
Rendered 15275/18000, time remaining: 5m 11s
Rendered 15276/18000, time remaining: 5m 15s
Rendered 15277/18000, time remaining: 5m 10s
Rendered 15278/18000, time remaining: 5m 9s
Rendered 15279/18000, time remaining: 5m 9s
Rendered 15280/18000, time remaining: 5m 12s
Rendered 15281/18000, time remaining: 5m 11s
Rendered 15282/18000, time remaining: 5m 10s
Rendered 15283/18000, time remaining: 5m 8s
Rendered 15284/18000, time remaining: 5m 12s
Rendered 15285/18000, time remaining: 5m 11s
Rendered 15286/18000, time remaining: 5m 11s
Rendered 15287/18000, time remaining: 5m 6s
Rendered 15288/18000, time remaining: 5m 9s
Rendered 15289/18000, time remaining: 5m 10s
Rendered 15290/18000, time remaining: 5m 10s
Rendered 15291/18000, time remaining: 5m 8s
Rendered 15292/18000, time remaining: 5m 8s
Rendered 15293/18000, time remaining: 5m 9s
Rendered 15294/18000, time remaining: 5m 10s
Rendered 15295/18000, time remaining: 5m 13s
Rendered 15296/18000, time remaining: 5m 8s
Rendered 15297/18000, time remaining: 5m 9s
Rendered 15298/18000, time remaining: 5m 9s
Rendered 15299/18000, time remaining: 5m 10s
Rendered 15300/18000, time remaining: 5m 8s
Rendered 15301/18000, time remaining: 5m 12s
Rendered 15302/18000, time remaining: 5m 6s
Rendered 15303/18000, time remaining: 5m 6s
Rendered 15304/18000, time remaining: 5m 6s
Rendered 15305/18000, time remaining: 5m 11s
Rendered 15306/18000, time remaining: 5m 5s
Rendered 15307/18000, time remaining: 5m 6s
Rendered 15308/18000, time remaining: 5m 5s
Rendered 15309/18000, time remaining: 5m 8s
Rendered 15310/18000, time remaining: 5m 4s
Rendered 15311/18000, time remaining: 5m 4s
Rendered 15312/18000, time remaining: 5m 6s
Rendered 15313/18000, time remaining: 5m 8s
Rendered 15314/18000, time remaining: 5m 6s
Rendered 15315/18000, time remaining: 5m 5s
Rendered 15316/18000, time remaining: 5m 7s
Rendered 15317/18000, time remaining: 5m 8s
Rendered 15318/18000, time remaining: 5m 6s
Rendered 15319/18000, time remaining: 5m 5s
Rendered 15320/18000, time remaining: 5m 5s
Rendered 15321/18000, time remaining: 5m 6s
Rendered 15322/18000, time remaining: 5m 7s
Rendered 15323/18000, time remaining: 5m 9s
Rendered 15324/18000, time remaining: 5m 8s
Rendered 15325/18000, time remaining: 5m 8s
Rendered 15326/18000, time remaining: 5m 8s
Rendered 15327/18000, time remaining: 5m 8s
Rendered 15328/18000, time remaining: 5m 7s
Rendered 15329/18000, time remaining: 5m 8s
Rendered 15330/18000, time remaining: 5m 8s
Rendered 15331/18000, time remaining: 5m 7s
Rendered 15332/18000, time remaining: 5m 9s
Rendered 15333/18000, time remaining: 5m 11s
Rendered 15334/18000, time remaining: 5m 8s
Rendered 15335/18000, time remaining: 5m 6s
Rendered 15336/18000, time remaining: 5m 7s
Rendered 15337/18000, time remaining: 5m 11s
Rendered 15338/18000, time remaining: 5m 10s
Rendered 15339/18000, time remaining: 5m 8s
Rendered 15340/18000, time remaining: 5m 7s
Rendered 15341/18000, time remaining: 5m 11s
Rendered 15342/18000, time remaining: 5m 10s
Rendered 15343/18000, time remaining: 5m 10s
Rendered 15344/18000, time remaining: 5m 9s
Rendered 15345/18000, time remaining: 5m 10s
Rendered 15346/18000, time remaining: 5m 10s
Rendered 15347/18000, time remaining: 5m 11s
Rendered 15348/18000, time remaining: 5m 11s
Rendered 15349/18000, time remaining: 5m 11s
Rendered 15350/18000, time remaining: 5m 11s
Rendered 15351/18000, time remaining: 5m 15s
Rendered 15352/18000, time remaining: 5m 12s
Rendered 15353/18000, time remaining: 5m 11s
Rendered 15354/18000, time remaining: 5m 11s
Rendered 15355/18000, time remaining: 5m 17s
Rendered 15356/18000, time remaining: 5m 14s
Rendered 15357/18000, time remaining: 5m 12s
Rendered 15358/18000, time remaining: 5m 11s
Rendered 15359/18000, time remaining: 5m 16s
Rendered 15360/18000, time remaining: 5m 17s
Rendered 15361/18000, time remaining: 5m 15s
Rendered 15362/18000, time remaining: 5m 11s
Rendered 15363/18000, time remaining: 5m 14s
Rendered 15364/18000, time remaining: 5m 14s
Rendered 15365/18000, time remaining: 5m 15s
Rendered 15366/18000, time remaining: 5m 8s
Rendered 15367/18000, time remaining: 5m 9s
Rendered 15368/18000, time remaining: 5m 11s
Rendered 15369/18000, time remaining: 5m 14s
Rendered 15370/18000, time remaining: 5m 13s
Rendered 15371/18000, time remaining: 5m 13s
Rendered 15372/18000, time remaining: 5m 10s
Rendered 15373/18000, time remaining: 5m 13s
Rendered 15374/18000, time remaining: 5m 13s
Rendered 15375/18000, time remaining: 5m 10s
Rendered 15376/18000, time remaining: 5m 12s
Rendered 15377/18000, time remaining: 5m 11s
Rendered 15378/18000, time remaining: 5m 12s
Rendered 15379/18000, time remaining: 5m 12s
Rendered 15380/18000, time remaining: 5m 13s
Rendered 15381/18000, time remaining: 5m 10s
Rendered 15382/18000, time remaining: 5m 12s
Rendered 15383/18000, time remaining: 5m 13s
Rendered 15384/18000, time remaining: 5m 14s
Rendered 15385/18000, time remaining: 5m 11s
Rendered 15386/18000, time remaining: 5m 12s
Rendered 15387/18000, time remaining: 5m 12s
Rendered 15388/18000, time remaining: 5m 12s
Rendered 15389/18000, time remaining: 5m 13s
Rendered 15390/18000, time remaining: 5m 14s
Rendered 15391/18000, time remaining: 5m 12s
Rendered 15392/18000, time remaining: 5m 11s
Rendered 15393/18000, time remaining: 5m 11s
Rendered 15394/18000, time remaining: 5m 13s
Rendered 15395/18000, time remaining: 5m 13s
Rendered 15396/18000, time remaining: 5m 13s
Rendered 15397/18000, time remaining: 5m 15s
Rendered 15398/18000, time remaining: 5m 15s
Rendered 15399/18000, time remaining: 5m 14s
Rendered 15400/18000, time remaining: 5m 13s
Rendered 15401/18000, time remaining: 5m 16s
Rendered 15402/18000, time remaining: 5m 14s
Rendered 15403/18000, time remaining: 5m 15s
Rendered 15404/18000, time remaining: 5m 12s
Rendered 15405/18000, time remaining: 5m 13s
Rendered 15406/18000, time remaining: 5m 14s
Rendered 15407/18000, time remaining: 5m 15s
Rendered 15408/18000, time remaining: 5m 13s
Rendered 15409/18000, time remaining: 5m 13s
Rendered 15410/18000, time remaining: 5m 15s
Rendered 15411/18000, time remaining: 5m 15s
Rendered 15412/18000, time remaining: 5m 14s
Rendered 15413/18000, time remaining: 5m 14s
Rendered 15414/18000, time remaining: 5m 13s
Rendered 15415/18000, time remaining: 5m 13s
Rendered 15416/18000, time remaining: 5m 14s
Rendered 15417/18000, time remaining: 5m 13s
Rendered 15418/18000, time remaining: 5m 14s
Rendered 15419/18000, time remaining: 5m 15s
Rendered 15420/18000, time remaining: 5m 15s
Rendered 15421/18000, time remaining: 5m 13s
Rendered 15422/18000, time remaining: 5m 16s
Rendered 15423/18000, time remaining: 5m 14s
Rendered 15424/18000, time remaining: 5m 15s
Rendered 15425/18000, time remaining: 5m 12s
Rendered 15426/18000, time remaining: 5m 13s
Rendered 15427/18000, time remaining: 5m 13s
Rendered 15428/18000, time remaining: 5m 14s
Rendered 15429/18000, time remaining: 5m 13s
Rendered 15430/18000, time remaining: 5m 11s
Rendered 15431/18000, time remaining: 5m 13s
Rendered 15432/18000, time remaining: 5m 13s
Rendered 15433/18000, time remaining: 5m 13s
Rendered 15434/18000, time remaining: 5m 10s
Rendered 15435/18000, time remaining: 5m 13s
Rendered 15436/18000, time remaining: 5m 14s
Rendered 15437/18000, time remaining: 5m 15s
Rendered 15438/18000, time remaining: 5m 11s
Rendered 15439/18000, time remaining: 5m 13s
Rendered 15440/18000, time remaining: 5m 14s
Rendered 15441/18000, time remaining: 5m 13s
Rendered 15442/18000, time remaining: 5m 11s
Rendered 15443/18000, time remaining: 5m 12s
Rendered 15444/18000, time remaining: 5m 13s
Rendered 15445/18000, time remaining: 5m 10s
Rendered 15446/18000, time remaining: 5m 10s
Rendered 15447/18000, time remaining: 5m 12s
Rendered 15448/18000, time remaining: 5m 12s
Rendered 15449/18000, time remaining: 5m 10s
Rendered 15450/18000, time remaining: 5m 10s
Rendered 15451/18000, time remaining: 5m 9s
Rendered 15452/18000, time remaining: 5m 10s
Rendered 15453/18000, time remaining: 5m 10s
Rendered 15454/18000, time remaining: 5m 10s
Rendered 15455/18000, time remaining: 5m 9s
Rendered 15456/18000, time remaining: 5m 9s
Rendered 15457/18000, time remaining: 5m 8s
Rendered 15458/18000, time remaining: 5m 9s
Rendered 15459/18000, time remaining: 5m 7s
Rendered 15460/18000, time remaining: 5m 9s
Rendered 15461/18000, time remaining: 5m 8s
Rendered 15462/18000, time remaining: 5m 8s
Rendered 15463/18000, time remaining: 5m 6s
Rendered 15464/18000, time remaining: 5m 7s
Rendered 15465/18000, time remaining: 5m 8s
Rendered 15466/18000, time remaining: 5m 4s
Rendered 15467/18000, time remaining: 5m 6s
Rendered 15468/18000, time remaining: 5m 4s
Rendered 15469/18000, time remaining: 5m 6s
Rendered 15470/18000, time remaining: 5m 5s
Rendered 15471/18000, time remaining: 5m 6s
Rendered 15472/18000, time remaining: 5m 2s
Rendered 15473/18000, time remaining: 5m 0s
Rendered 15474/18000, time remaining: 5m 2s
Rendered 15475/18000, time remaining: 5m 4s
Rendered 15476/18000, time remaining: 5m 2s
Rendered 15477/18000, time remaining: 4m 59s
Rendered 15478/18000, time remaining: 5m 0s
Rendered 15479/18000, time remaining: 5m 1s
Rendered 15480/18000, time remaining: 5m 1s
Rendered 15481/18000, time remaining: 5m 0s
Rendered 15482/18000, time remaining: 5m 2s
Rendered 15483/18000, time remaining: 5m 0s
Rendered 15484/18000, time remaining: 5m 0s
Rendered 15485/18000, time remaining: 4m 59s
Rendered 15486/18000, time remaining: 5m 3s
Rendered 15487/18000, time remaining: 4m 58s
Rendered 15488/18000, time remaining: 4m 58s
Rendered 15489/18000, time remaining: 4m 57s
Rendered 15490/18000, time remaining: 4m 57s
Rendered 15491/18000, time remaining: 4m 57s
Rendered 15492/18000, time remaining: 4m 56s
Rendered 15493/18000, time remaining: 4m 54s
Rendered 15494/18000, time remaining: 4m 54s
Rendered 15495/18000, time remaining: 4m 56s
Rendered 15496/18000, time remaining: 4m 54s
Rendered 15497/18000, time remaining: 4m 52s
Rendered 15498/18000, time remaining: 4m 52s
Rendered 15499/18000, time remaining: 4m 53s
Rendered 15500/18000, time remaining: 4m 52s
Rendered 15501/18000, time remaining: 4m 48s
Rendered 15502/18000, time remaining: 4m 49s
Rendered 15503/18000, time remaining: 4m 50s
Rendered 15504/18000, time remaining: 4m 50s
Rendered 15505/18000, time remaining: 4m 44s
Rendered 15506/18000, time remaining: 4m 47s
Rendered 15507/18000, time remaining: 4m 47s
Rendered 15508/18000, time remaining: 4m 47s
Rendered 15509/18000, time remaining: 4m 42s
Rendered 15510/18000, time remaining: 4m 45s
Rendered 15511/18000, time remaining: 4m 45s
Rendered 15512/18000, time remaining: 4m 44s
Rendered 15513/18000, time remaining: 4m 42s
Rendered 15514/18000, time remaining: 4m 43s
Rendered 15515/18000, time remaining: 4m 42s
Rendered 15516/18000, time remaining: 4m 42s
Rendered 15517/18000, time remaining: 4m 41s
Rendered 15518/18000, time remaining: 4m 40s
Rendered 15519/18000, time remaining: 4m 37s
Rendered 15520/18000, time remaining: 4m 36s
Rendered 15521/18000, time remaining: 4m 36s
Rendered 15522/18000, time remaining: 4m 38s
Rendered 15523/18000, time remaining: 4m 35s
Rendered 15524/18000, time remaining: 4m 35s
Rendered 15525/18000, time remaining: 4m 35s
Rendered 15526/18000, time remaining: 4m 34s
Rendered 15527/18000, time remaining: 4m 32s
Rendered 15528/18000, time remaining: 4m 31s
Rendered 15529/18000, time remaining: 4m 31s
Rendered 15530/18000, time remaining: 4m 32s
Rendered 15531/18000, time remaining: 4m 31s
Rendered 15532/18000, time remaining: 4m 28s
Rendered 15533/18000, time remaining: 4m 28s
Rendered 15534/18000, time remaining: 4m 28s
Rendered 15535/18000, time remaining: 4m 30s
Rendered 15536/18000, time remaining: 4m 27s
Rendered 15537/18000, time remaining: 4m 27s
Rendered 15538/18000, time remaining: 4m 25s
Rendered 15539/18000, time remaining: 4m 24s
Rendered 15540/18000, time remaining: 4m 25s
Rendered 15541/18000, time remaining: 4m 25s
Rendered 15542/18000, time remaining: 4m 24s
Rendered 15543/18000, time remaining: 4m 24s
Rendered 15544/18000, time remaining: 4m 22s
Rendered 15545/18000, time remaining: 4m 22s
Rendered 15546/18000, time remaining: 4m 21s
Rendered 15547/18000, time remaining: 4m 18s
Rendered 15548/18000, time remaining: 4m 17s
Rendered 15549/18000, time remaining: 4m 19s
Rendered 15550/18000, time remaining: 4m 18s
Rendered 15551/18000, time remaining: 4m 15s
Rendered 15552/18000, time remaining: 4m 15s
Rendered 15553/18000, time remaining: 4m 15s
Rendered 15554/18000, time remaining: 4m 16s
Rendered 15555/18000, time remaining: 4m 14s
Rendered 15556/18000, time remaining: 4m 13s
Rendered 15557/18000, time remaining: 4m 11s
Rendered 15558/18000, time remaining: 4m 12s
Rendered 15559/18000, time remaining: 4m 12s
Rendered 15560/18000, time remaining: 4m 11s
Rendered 15561/18000, time remaining: 4m 11s
Rendered 15562/18000, time remaining: 4m 9s
Rendered 15563/18000, time remaining: 4m 9s
Rendered 15564/18000, time remaining: 4m 10s
Rendered 15565/18000, time remaining: 4m 10s
Rendered 15566/18000, time remaining: 4m 7s
Rendered 15567/18000, time remaining: 4m 7s
Rendered 15568/18000, time remaining: 4m 5s
Rendered 15569/18000, time remaining: 4m 7s
Rendered 15570/18000, time remaining: 4m 6s
Rendered 15571/18000, time remaining: 4m 6s
Rendered 15572/18000, time remaining: 4m 2s
Rendered 15573/18000, time remaining: 4m 5s
Rendered 15574/18000, time remaining: 4m 5s
Rendered 15575/18000, time remaining: 4m 5s
Rendered 15576/18000, time remaining: 4m 0s
Rendered 15577/18000, time remaining: 4m 0s
Rendered 15578/18000, time remaining: 4m 3s
Rendered 15579/18000, time remaining: 4m 3s
Rendered 15580/18000, time remaining: 4m 1s
Rendered 15581/18000, time remaining: 3m 58s
Rendered 15582/18000, time remaining: 4m 1s
Rendered 15583/18000, time remaining: 4m 1s
Rendered 15584/18000, time remaining: 4m 0s
Rendered 15585/18000, time remaining: 3m 58s
Rendered 15586/18000, time remaining: 3m 58s
Rendered 15587/18000, time remaining: 3m 58s
Rendered 15588/18000, time remaining: 3m 58s
Rendered 15589/18000, time remaining: 3m 54s
Rendered 15590/18000, time remaining: 3m 56s
Rendered 15591/18000, time remaining: 3m 57s
Rendered 15592/18000, time remaining: 3m 57s
Rendered 15593/18000, time remaining: 3m 54s
Rendered 15594/18000, time remaining: 3m 54s
Rendered 15595/18000, time remaining: 3m 56s
Rendered 15596/18000, time remaining: 3m 56s
Rendered 15597/18000, time remaining: 3m 54s
Rendered 15598/18000, time remaining: 3m 52s
Rendered 15599/18000, time remaining: 3m 53s
Rendered 15600/18000, time remaining: 3m 54s
Rendered 15601/18000, time remaining: 3m 52s
Rendered 15602/18000, time remaining: 3m 51s
Rendered 15603/18000, time remaining: 3m 52s
Rendered 15604/18000, time remaining: 3m 52s
Rendered 15605/18000, time remaining: 3m 51s
Rendered 15606/18000, time remaining: 3m 51s
Rendered 15607/18000, time remaining: 3m 51s
Rendered 15608/18000, time remaining: 3m 51s
Rendered 15609/18000, time remaining: 3m 51s
Rendered 15610/18000, time remaining: 3m 49s
Rendered 15611/18000, time remaining: 3m 50s
Rendered 15612/18000, time remaining: 3m 49s
Rendered 15613/18000, time remaining: 3m 47s
Rendered 15614/18000, time remaining: 3m 47s
Rendered 15615/18000, time remaining: 3m 48s
Rendered 15616/18000, time remaining: 3m 48s
Rendered 15617/18000, time remaining: 3m 46s
Rendered 15618/18000, time remaining: 3m 47s
Rendered 15619/18000, time remaining: 3m 46s
Rendered 15620/18000, time remaining: 3m 46s
Rendered 15621/18000, time remaining: 3m 44s
Rendered 15622/18000, time remaining: 3m 46s
Rendered 15623/18000, time remaining: 3m 46s
Rendered 15624/18000, time remaining: 3m 44s
Rendered 15625/18000, time remaining: 3m 42s
Rendered 15626/18000, time remaining: 3m 43s
Rendered 15627/18000, time remaining: 3m 44s
Rendered 15628/18000, time remaining: 3m 44s
Rendered 15629/18000, time remaining: 3m 43s
Rendered 15630/18000, time remaining: 3m 42s
Rendered 15631/18000, time remaining: 3m 42s
Rendered 15632/18000, time remaining: 3m 39s
Rendered 15633/18000, time remaining: 3m 41s
Rendered 15634/18000, time remaining: 3m 40s
Rendered 15635/18000, time remaining: 3m 40s
Rendered 15636/18000, time remaining: 3m 37s
Rendered 15637/18000, time remaining: 3m 38s
Rendered 15638/18000, time remaining: 3m 38s
Rendered 15639/18000, time remaining: 3m 39s
Rendered 15640/18000, time remaining: 3m 38s
Rendered 15641/18000, time remaining: 3m 39s
Rendered 15642/18000, time remaining: 3m 39s
Rendered 15643/18000, time remaining: 3m 39s
Rendered 15644/18000, time remaining: 3m 40s
Rendered 15645/18000, time remaining: 3m 39s
Rendered 15646/18000, time remaining: 3m 39s
Rendered 15647/18000, time remaining: 3m 39s
Rendered 15648/18000, time remaining: 3m 39s
Rendered 15649/18000, time remaining: 3m 38s
Rendered 15650/18000, time remaining: 3m 41s
Rendered 15651/18000, time remaining: 3m 40s
Rendered 15652/18000, time remaining: 3m 39s
Rendered 15653/18000, time remaining: 3m 38s
Rendered 15654/18000, time remaining: 3m 41s
Rendered 15655/18000, time remaining: 3m 41s
Rendered 15656/18000, time remaining: 3m 38s
Rendered 15657/18000, time remaining: 3m 37s
Rendered 15658/18000, time remaining: 3m 40s
Rendered 15659/18000, time remaining: 3m 41s
Rendered 15660/18000, time remaining: 3m 38s
Rendered 15661/18000, time remaining: 3m 37s
Rendered 15662/18000, time remaining: 3m 38s
Rendered 15663/18000, time remaining: 3m 39s
Rendered 15664/18000, time remaining: 3m 37s
Rendered 15665/18000, time remaining: 3m 37s
Rendered 15666/18000, time remaining: 3m 37s
Rendered 15667/18000, time remaining: 3m 39s
Rendered 15668/18000, time remaining: 3m 38s
Rendered 15669/18000, time remaining: 3m 37s
Rendered 15670/18000, time remaining: 3m 37s
Rendered 15671/18000, time remaining: 3m 40s
Rendered 15672/18000, time remaining: 3m 39s
Rendered 15673/18000, time remaining: 3m 38s
Rendered 15674/18000, time remaining: 3m 39s
Rendered 15675/18000, time remaining: 3m 40s
Rendered 15676/18000, time remaining: 3m 40s
Rendered 15677/18000, time remaining: 3m 39s
Rendered 15678/18000, time remaining: 3m 39s
Rendered 15679/18000, time remaining: 3m 40s
Rendered 15680/18000, time remaining: 3m 38s
Rendered 15681/18000, time remaining: 3m 40s
Rendered 15682/18000, time remaining: 3m 40s
Rendered 15683/18000, time remaining: 3m 40s
Rendered 15684/18000, time remaining: 3m 39s
Rendered 15685/18000, time remaining: 3m 40s
Rendered 15686/18000, time remaining: 3m 40s
Rendered 15687/18000, time remaining: 3m 39s
Rendered 15688/18000, time remaining: 3m 39s
Rendered 15689/18000, time remaining: 3m 41s
Rendered 15690/18000, time remaining: 3m 39s
Rendered 15691/18000, time remaining: 3m 39s
Rendered 15692/18000, time remaining: 3m 39s
Rendered 15693/18000, time remaining: 3m 39s
Rendered 15694/18000, time remaining: 3m 41s
Rendered 15695/18000, time remaining: 3m 40s
Rendered 15696/18000, time remaining: 3m 40s
Rendered 15697/18000, time remaining: 3m 40s
Rendered 15698/18000, time remaining: 3m 42s
Rendered 15699/18000, time remaining: 3m 41s
Rendered 15700/18000, time remaining: 3m 40s
Rendered 15701/18000, time remaining: 3m 40s
Rendered 15702/18000, time remaining: 3m 40s
Rendered 15703/18000, time remaining: 3m 43s
Rendered 15704/18000, time remaining: 3m 41s
Rendered 15705/18000, time remaining: 3m 40s
Rendered 15706/18000, time remaining: 3m 39s
Rendered 15707/18000, time remaining: 3m 43s
Rendered 15708/18000, time remaining: 3m 43s
Rendered 15709/18000, time remaining: 3m 42s
Rendered 15710/18000, time remaining: 3m 40s
Rendered 15711/18000, time remaining: 3m 40s
Rendered 15712/18000, time remaining: 3m 43s
Rendered 15713/18000, time remaining: 3m 43s
Rendered 15714/18000, time remaining: 3m 40s
Rendered 15715/18000, time remaining: 3m 40s
Rendered 15716/18000, time remaining: 3m 44s
Rendered 15717/18000, time remaining: 3m 44s
Rendered 15718/18000, time remaining: 3m 44s
Rendered 15719/18000, time remaining: 3m 41s
Rendered 15720/18000, time remaining: 3m 42s
Rendered 15721/18000, time remaining: 3m 43s
Rendered 15722/18000, time remaining: 3m 43s
Rendered 15723/18000, time remaining: 3m 40s
Rendered 15724/18000, time remaining: 3m 42s
Rendered 15725/18000, time remaining: 3m 42s
Rendered 15726/18000, time remaining: 3m 43s
Rendered 15727/18000, time remaining: 3m 42s
Rendered 15728/18000, time remaining: 3m 42s
Rendered 15729/18000, time remaining: 3m 41s
Rendered 15730/18000, time remaining: 3m 41s
Rendered 15731/18000, time remaining: 3m 41s
Rendered 15732/18000, time remaining: 3m 41s
Rendered 15733/18000, time remaining: 3m 41s
Rendered 15734/18000, time remaining: 3m 40s
Rendered 15735/18000, time remaining: 3m 40s
Rendered 15736/18000, time remaining: 3m 38s
Rendered 15737/18000, time remaining: 3m 41s
Rendered 15738/18000, time remaining: 3m 41s
Rendered 15739/18000, time remaining: 3m 40s
Rendered 15740/18000, time remaining: 3m 38s
Rendered 15741/18000, time remaining: 3m 40s
Rendered 15742/18000, time remaining: 3m 40s
Rendered 15743/18000, time remaining: 3m 40s
Rendered 15744/18000, time remaining: 3m 38s
Rendered 15745/18000, time remaining: 3m 38s
Rendered 15746/18000, time remaining: 3m 38s
Rendered 15747/18000, time remaining: 3m 37s
Rendered 15748/18000, time remaining: 3m 37s
Rendered 15749/18000, time remaining: 3m 38s
Rendered 15750/18000, time remaining: 3m 38s
Rendered 15751/18000, time remaining: 3m 38s
Rendered 15752/18000, time remaining: 3m 38s
Rendered 15753/18000, time remaining: 3m 39s
Rendered 15754/18000, time remaining: 3m 40s
Rendered 15755/18000, time remaining: 3m 39s
Rendered 15756/18000, time remaining: 3m 39s
Rendered 15757/18000, time remaining: 3m 40s
Rendered 15758/18000, time remaining: 3m 40s
Rendered 15759/18000, time remaining: 3m 40s
Rendered 15760/18000, time remaining: 3m 39s
Rendered 15761/18000, time remaining: 3m 38s
Rendered 15762/18000, time remaining: 3m 39s
Rendered 15763/18000, time remaining: 3m 40s
Rendered 15764/18000, time remaining: 3m 39s
Rendered 15765/18000, time remaining: 3m 37s
Rendered 15766/18000, time remaining: 3m 37s
Rendered 15767/18000, time remaining: 3m 39s
Rendered 15768/18000, time remaining: 3m 37s
Rendered 15769/18000, time remaining: 3m 37s
Rendered 15770/18000, time remaining: 3m 37s
Rendered 15771/18000, time remaining: 3m 37s
Rendered 15772/18000, time remaining: 3m 37s
Rendered 15773/18000, time remaining: 3m 36s
Rendered 15774/18000, time remaining: 3m 36s
Rendered 15775/18000, time remaining: 3m 37s
Rendered 15776/18000, time remaining: 3m 36s
Rendered 15777/18000, time remaining: 3m 35s
Rendered 15778/18000, time remaining: 3m 36s
Rendered 15779/18000, time remaining: 3m 35s
Rendered 15780/18000, time remaining: 3m 34s
Rendered 15781/18000, time remaining: 3m 34s
Rendered 15782/18000, time remaining: 3m 34s
Rendered 15783/18000, time remaining: 3m 33s
Rendered 15784/18000, time remaining: 3m 33s
Rendered 15785/18000, time remaining: 3m 33s
Rendered 15786/18000, time remaining: 3m 33s
Rendered 15787/18000, time remaining: 3m 33s
Rendered 15788/18000, time remaining: 3m 32s
Rendered 15789/18000, time remaining: 3m 32s
Rendered 15790/18000, time remaining: 3m 32s
Rendered 15791/18000, time remaining: 3m 31s
Rendered 15792/18000, time remaining: 3m 30s
Rendered 15793/18000, time remaining: 3m 30s
Rendered 15794/18000, time remaining: 3m 30s
Rendered 15795/18000, time remaining: 3m 29s
Rendered 15796/18000, time remaining: 3m 29s
Rendered 15797/18000, time remaining: 3m 29s
Rendered 15798/18000, time remaining: 3m 29s
Rendered 15799/18000, time remaining: 3m 30s
Rendered 15800/18000, time remaining: 3m 26s
Rendered 15801/18000, time remaining: 3m 27s
Rendered 15802/18000, time remaining: 3m 28s
Rendered 15803/18000, time remaining: 3m 28s
Rendered 15804/18000, time remaining: 3m 25s
Rendered 15805/18000, time remaining: 3m 25s
Rendered 15806/18000, time remaining: 3m 25s
Rendered 15807/18000, time remaining: 3m 27s
Rendered 15808/18000, time remaining: 3m 25s
Rendered 15809/18000, time remaining: 3m 25s
Rendered 15810/18000, time remaining: 3m 24s
Rendered 15811/18000, time remaining: 3m 24s
Rendered 15812/18000, time remaining: 3m 26s
Rendered 15813/18000, time remaining: 3m 24s
Rendered 15814/18000, time remaining: 3m 23s
Rendered 15815/18000, time remaining: 3m 22s
Rendered 15816/18000, time remaining: 3m 26s
Rendered 15817/18000, time remaining: 3m 23s
Rendered 15818/18000, time remaining: 3m 22s
Rendered 15819/18000, time remaining: 3m 22s
Rendered 15820/18000, time remaining: 3m 24s
Rendered 15821/18000, time remaining: 3m 22s
Rendered 15822/18000, time remaining: 3m 20s
Rendered 15823/18000, time remaining: 3m 21s
Rendered 15824/18000, time remaining: 3m 21s
Rendered 15825/18000, time remaining: 3m 20s
Rendered 15826/18000, time remaining: 3m 19s
Rendered 15827/18000, time remaining: 3m 19s
Rendered 15828/18000, time remaining: 3m 19s
Rendered 15829/18000, time remaining: 3m 21s
Rendered 15830/18000, time remaining: 3m 20s
Rendered 15831/18000, time remaining: 3m 17s
Rendered 15832/18000, time remaining: 3m 17s
Rendered 15833/18000, time remaining: 3m 20s
Rendered 15834/18000, time remaining: 3m 20s
Rendered 15835/18000, time remaining: 3m 17s
Rendered 15836/18000, time remaining: 3m 17s
Rendered 15837/18000, time remaining: 3m 20s
Rendered 15838/18000, time remaining: 3m 20s
Rendered 15839/18000, time remaining: 3m 16s
Rendered 15840/18000, time remaining: 3m 15s
Rendered 15841/18000, time remaining: 3m 19s
Rendered 15842/18000, time remaining: 3m 18s
Rendered 15843/18000, time remaining: 3m 17s
Rendered 15844/18000, time remaining: 3m 14s
Rendered 15845/18000, time remaining: 3m 18s
Rendered 15846/18000, time remaining: 3m 18s
Rendered 15847/18000, time remaining: 3m 17s
Rendered 15848/18000, time remaining: 3m 15s
Rendered 15849/18000, time remaining: 3m 15s
Rendered 15850/18000, time remaining: 3m 17s
Rendered 15851/18000, time remaining: 3m 17s
Rendered 15852/18000, time remaining: 3m 16s
Rendered 15853/18000, time remaining: 3m 13s
Rendered 15854/18000, time remaining: 3m 15s
Rendered 15855/18000, time remaining: 3m 16s
Rendered 15856/18000, time remaining: 3m 16s
Rendered 15857/18000, time remaining: 3m 12s
Rendered 15858/18000, time remaining: 3m 13s
Rendered 15859/18000, time remaining: 3m 13s
Rendered 15860/18000, time remaining: 3m 13s
Rendered 15861/18000, time remaining: 3m 12s
Rendered 15862/18000, time remaining: 3m 10s
Rendered 15863/18000, time remaining: 3m 12s
Rendered 15864/18000, time remaining: 3m 12s
Rendered 15865/18000, time remaining: 3m 11s
Rendered 15866/18000, time remaining: 3m 7s
Rendered 15867/18000, time remaining: 3m 8s
Rendered 15868/18000, time remaining: 3m 9s
Rendered 15869/18000, time remaining: 3m 9s
Rendered 15870/18000, time remaining: 3m 7s
Rendered 15871/18000, time remaining: 3m 6s
Rendered 15872/18000, time remaining: 3m 9s
Rendered 15873/18000, time remaining: 3m 9s
Rendered 15874/18000, time remaining: 3m 7s
Rendered 15875/18000, time remaining: 3m 7s
Rendered 15876/18000, time remaining: 3m 9s
Rendered 15877/18000, time remaining: 3m 9s
Rendered 15878/18000, time remaining: 3m 6s
Rendered 15879/18000, time remaining: 3m 6s
Rendered 15880/18000, time remaining: 3m 6s
Rendered 15881/18000, time remaining: 3m 8s
Rendered 15882/18000, time remaining: 3m 6s
Rendered 15883/18000, time remaining: 3m 6s
Rendered 15884/18000, time remaining: 3m 5s
Rendered 15885/18000, time remaining: 3m 6s
Rendered 15886/18000, time remaining: 3m 7s
Rendered 15887/18000, time remaining: 3m 4s
Rendered 15888/18000, time remaining: 3m 4s
Rendered 15889/18000, time remaining: 3m 5s
Rendered 15890/18000, time remaining: 3m 5s
Rendered 15891/18000, time remaining: 3m 3s
Rendered 15892/18000, time remaining: 3m 4s
Rendered 15893/18000, time remaining: 3m 4s
Rendered 15894/18000, time remaining: 3m 5s
Rendered 15895/18000, time remaining: 3m 2s
Rendered 15896/18000, time remaining: 3m 2s
Rendered 15897/18000, time remaining: 3m 3s
Rendered 15898/18000, time remaining: 3m 4s
Rendered 15899/18000, time remaining: 3m 3s
Rendered 15900/18000, time remaining: 3m 1s
Rendered 15901/18000, time remaining: 3m 1s
Rendered 15902/18000, time remaining: 3m 2s
Rendered 15903/18000, time remaining: 3m 1s
Rendered 15904/18000, time remaining: 2m 59s
Rendered 15905/18000, time remaining: 2m 58s
Rendered 15906/18000, time remaining: 2m 58s
Rendered 15907/18000, time remaining: 2m 58s
Rendered 15908/18000, time remaining: 2m 58s
Rendered 15909/18000, time remaining: 2m 56s
Rendered 15910/18000, time remaining: 2m 57s
Rendered 15911/18000, time remaining: 2m 58s
Rendered 15912/18000, time remaining: 2m 58s
Rendered 15913/18000, time remaining: 2m 56s
Rendered 15914/18000, time remaining: 2m 56s
Rendered 15915/18000, time remaining: 2m 58s
Rendered 15916/18000, time remaining: 2m 58s
Rendered 15917/18000, time remaining: 2m 58s
Rendered 15918/18000, time remaining: 2m 57s
Rendered 15919/18000, time remaining: 2m 58s
Rendered 15920/18000, time remaining: 2m 58s
Rendered 15921/18000, time remaining: 2m 59s
Rendered 15922/18000, time remaining: 2m 56s
Rendered 15923/18000, time remaining: 2m 57s
Rendered 15924/18000, time remaining: 2m 57s
Rendered 15925/18000, time remaining: 2m 57s
Rendered 15926/18000, time remaining: 2m 57s
Rendered 15927/18000, time remaining: 2m 58s
Rendered 15928/18000, time remaining: 2m 56s
Rendered 15929/18000, time remaining: 2m 57s
Rendered 15930/18000, time remaining: 2m 56s
Rendered 15931/18000, time remaining: 2m 58s
Rendered 15932/18000, time remaining: 2m 57s
Rendered 15933/18000, time remaining: 2m 56s
Rendered 15934/18000, time remaining: 2m 56s
Rendered 15935/18000, time remaining: 2m 58s
Rendered 15936/18000, time remaining: 2m 56s
Rendered 15937/18000, time remaining: 2m 56s
Rendered 15938/18000, time remaining: 2m 56s
Rendered 15939/18000, time remaining: 2m 58s
Rendered 15940/18000, time remaining: 2m 57s
Rendered 15941/18000, time remaining: 2m 56s
Rendered 15942/18000, time remaining: 2m 56s
Rendered 15943/18000, time remaining: 2m 57s
Rendered 15944/18000, time remaining: 2m 57s
Rendered 15945/18000, time remaining: 2m 55s
Rendered 15946/18000, time remaining: 2m 56s
Rendered 15947/18000, time remaining: 2m 55s
Rendered 15948/18000, time remaining: 2m 57s
Rendered 15949/18000, time remaining: 2m 55s
Rendered 15950/18000, time remaining: 2m 56s
Rendered 15951/18000, time remaining: 2m 55s
Rendered 15952/18000, time remaining: 2m 57s
Rendered 15953/18000, time remaining: 2m 56s
Rendered 15954/18000, time remaining: 2m 56s
Rendered 15955/18000, time remaining: 2m 56s
Rendered 15956/18000, time remaining: 2m 56s
Rendered 15957/18000, time remaining: 2m 55s
Rendered 15958/18000, time remaining: 2m 55s
Rendered 15959/18000, time remaining: 2m 55s
Rendered 15960/18000, time remaining: 2m 56s
Rendered 15961/18000, time remaining: 2m 57s
Rendered 15962/18000, time remaining: 2m 55s
Rendered 15963/18000, time remaining: 2m 55s
Rendered 15964/18000, time remaining: 2m 55s
Rendered 15965/18000, time remaining: 2m 57s
Rendered 15966/18000, time remaining: 2m 54s
Rendered 15967/18000, time remaining: 2m 54s
Rendered 15968/18000, time remaining: 2m 54s
Rendered 15969/18000, time remaining: 2m 55s
Rendered 15970/18000, time remaining: 2m 55s
Rendered 15971/18000, time remaining: 2m 54s
Rendered 15972/18000, time remaining: 2m 54s
Rendered 15973/18000, time remaining: 2m 53s
Rendered 15974/18000, time remaining: 2m 56s
Rendered 15975/18000, time remaining: 2m 55s
Rendered 15976/18000, time remaining: 2m 56s
Rendered 15977/18000, time remaining: 2m 56s
Rendered 15978/18000, time remaining: 2m 58s
Rendered 15979/18000, time remaining: 2m 55s
Rendered 15980/18000, time remaining: 2m 55s
Rendered 15981/18000, time remaining: 2m 55s
Rendered 15982/18000, time remaining: 2m 58s
Rendered 15983/18000, time remaining: 2m 54s
Rendered 15984/18000, time remaining: 2m 55s
Rendered 15985/18000, time remaining: 2m 54s
Rendered 15986/18000, time remaining: 2m 55s
Rendered 15987/18000, time remaining: 2m 53s
Rendered 15988/18000, time remaining: 2m 54s
Rendered 15989/18000, time remaining: 2m 55s
Rendered 15990/18000, time remaining: 2m 55s
Rendered 15991/18000, time remaining: 2m 52s
Rendered 15992/18000, time remaining: 2m 52s
Rendered 15993/18000, time remaining: 2m 54s
Rendered 15994/18000, time remaining: 2m 55s
Rendered 15995/18000, time remaining: 2m 51s
Rendered 15996/18000, time remaining: 2m 51s
Rendered 15997/18000, time remaining: 2m 52s
Rendered 15998/18000, time remaining: 2m 53s
Rendered 15999/18000, time remaining: 2m 52s
Rendered 16000/18000, time remaining: 2m 50s
Rendered 16001/18000, time remaining: 2m 51s
Rendered 16002/18000, time remaining: 2m 52s
Rendered 16003/18000, time remaining: 2m 52s
Rendered 16004/18000, time remaining: 2m 50s
Rendered 16005/18000, time remaining: 2m 50s
Rendered 16006/18000, time remaining: 2m 51s
Rendered 16007/18000, time remaining: 2m 51s
Rendered 16008/18000, time remaining: 2m 51s
Rendered 16009/18000, time remaining: 2m 50s
Rendered 16010/18000, time remaining: 2m 49s
Rendered 16011/18000, time remaining: 2m 51s
Rendered 16012/18000, time remaining: 2m 52s
Rendered 16013/18000, time remaining: 2m 51s
Rendered 16014/18000, time remaining: 2m 50s
Rendered 16015/18000, time remaining: 2m 50s
Rendered 16016/18000, time remaining: 2m 52s
Rendered 16017/18000, time remaining: 2m 52s
Rendered 16018/18000, time remaining: 2m 50s
Rendered 16019/18000, time remaining: 2m 50s
Rendered 16020/18000, time remaining: 2m 51s
Rendered 16021/18000, time remaining: 2m 54s
Rendered 16022/18000, time remaining: 2m 52s
Rendered 16023/18000, time remaining: 2m 53s
Rendered 16024/18000, time remaining: 2m 55s
Rendered 16025/18000, time remaining: 2m 55s
Rendered 16026/18000, time remaining: 2m 54s
Rendered 16027/18000, time remaining: 2m 54s
Rendered 16028/18000, time remaining: 2m 55s
Rendered 16029/18000, time remaining: 2m 55s
Rendered 16030/18000, time remaining: 2m 55s
Rendered 16031/18000, time remaining: 2m 54s
Rendered 16032/18000, time remaining: 2m 54s
Rendered 16033/18000, time remaining: 2m 55s
Rendered 16034/18000, time remaining: 2m 56s
Rendered 16035/18000, time remaining: 2m 55s
Rendered 16036/18000, time remaining: 2m 54s
Rendered 16037/18000, time remaining: 2m 54s
Rendered 16038/18000, time remaining: 2m 57s
Rendered 16039/18000, time remaining: 2m 56s
Rendered 16040/18000, time remaining: 2m 55s
Rendered 16041/18000, time remaining: 2m 55s
Rendered 16042/18000, time remaining: 2m 56s
Rendered 16043/18000, time remaining: 2m 56s
Rendered 16044/18000, time remaining: 2m 55s
Rendered 16045/18000, time remaining: 2m 55s
Rendered 16046/18000, time remaining: 2m 57s
Rendered 16047/18000, time remaining: 2m 57s
Rendered 16048/18000, time remaining: 2m 57s
Rendered 16049/18000, time remaining: 2m 56s
Rendered 16050/18000, time remaining: 2m 57s
Rendered 16051/18000, time remaining: 2m 57s
Rendered 16052/18000, time remaining: 2m 59s
Rendered 16053/18000, time remaining: 2m 58s
Rendered 16054/18000, time remaining: 2m 58s
Rendered 16055/18000, time remaining: 2m 58s
Rendered 16056/18000, time remaining: 2m 59s
Rendered 16057/18000, time remaining: 2m 58s
Rendered 16058/18000, time remaining: 2m 58s
Rendered 16059/18000, time remaining: 2m 58s
Rendered 16060/18000, time remaining: 2m 59s
Rendered 16061/18000, time remaining: 2m 59s
Rendered 16062/18000, time remaining: 2m 58s
Rendered 16063/18000, time remaining: 2m 58s
Rendered 16064/18000, time remaining: 2m 59s
Rendered 16065/18000, time remaining: 2m 59s
Rendered 16066/18000, time remaining: 2m 58s
Rendered 16067/18000, time remaining: 2m 58s
Rendered 16068/18000, time remaining: 2m 58s
Rendered 16069/18000, time remaining: 2m 59s
Rendered 16070/18000, time remaining: 2m 58s
Rendered 16071/18000, time remaining: 2m 58s
Rendered 16072/18000, time remaining: 2m 58s
Rendered 16073/18000, time remaining: 2m 57s
Rendered 16074/18000, time remaining: 2m 58s
Rendered 16075/18000, time remaining: 2m 57s
Rendered 16076/18000, time remaining: 2m 57s
Rendered 16077/18000, time remaining: 2m 56s
Rendered 16078/18000, time remaining: 2m 56s
Rendered 16079/18000, time remaining: 2m 57s
Rendered 16080/18000, time remaining: 2m 58s
Rendered 16081/18000, time remaining: 2m 56s
Rendered 16082/18000, time remaining: 2m 56s
Rendered 16083/18000, time remaining: 2m 57s
Rendered 16084/18000, time remaining: 2m 58s
Rendered 16085/18000, time remaining: 2m 56s
Rendered 16086/18000, time remaining: 2m 56s
Rendered 16087/18000, time remaining: 2m 58s
Rendered 16088/18000, time remaining: 2m 58s
Rendered 16089/18000, time remaining: 2m 57s
Rendered 16090/18000, time remaining: 2m 57s
Rendered 16091/18000, time remaining: 2m 57s
Rendered 16092/18000, time remaining: 2m 58s
Rendered 16093/18000, time remaining: 2m 57s
Rendered 16094/18000, time remaining: 2m 57s
Rendered 16095/18000, time remaining: 2m 57s
Rendered 16096/18000, time remaining: 2m 57s
Rendered 16097/18000, time remaining: 2m 58s
Rendered 16098/18000, time remaining: 2m 56s
Rendered 16099/18000, time remaining: 2m 56s
Rendered 16100/18000, time remaining: 2m 56s
Rendered 16101/18000, time remaining: 2m 57s
Rendered 16102/18000, time remaining: 2m 56s
Rendered 16103/18000, time remaining: 2m 56s
Rendered 16104/18000, time remaining: 2m 56s
Rendered 16105/18000, time remaining: 2m 57s
Rendered 16106/18000, time remaining: 2m 56s
Rendered 16107/18000, time remaining: 2m 55s
Rendered 16108/18000, time remaining: 2m 55s
Rendered 16109/18000, time remaining: 2m 56s
Rendered 16110/18000, time remaining: 2m 56s
Rendered 16111/18000, time remaining: 2m 55s
Rendered 16112/18000, time remaining: 2m 54s
Rendered 16113/18000, time remaining: 2m 55s
Rendered 16114/18000, time remaining: 2m 55s
Rendered 16115/18000, time remaining: 2m 54s
Rendered 16116/18000, time remaining: 2m 53s
Rendered 16117/18000, time remaining: 2m 55s
Rendered 16118/18000, time remaining: 2m 56s
Rendered 16119/18000, time remaining: 2m 55s
Rendered 16120/18000, time remaining: 2m 52s
Rendered 16121/18000, time remaining: 2m 55s
Rendered 16122/18000, time remaining: 2m 56s
Rendered 16123/18000, time remaining: 2m 55s
Rendered 16124/18000, time remaining: 2m 52s
Rendered 16125/18000, time remaining: 2m 52s
Rendered 16126/18000, time remaining: 2m 54s
Rendered 16127/18000, time remaining: 2m 54s
Rendered 16128/18000, time remaining: 2m 52s
Rendered 16129/18000, time remaining: 2m 52s
Rendered 16130/18000, time remaining: 2m 52s
Rendered 16131/18000, time remaining: 2m 53s
Rendered 16132/18000, time remaining: 2m 52s
Rendered 16133/18000, time remaining: 2m 51s
Rendered 16134/18000, time remaining: 2m 51s
Rendered 16135/18000, time remaining: 2m 53s
Rendered 16136/18000, time remaining: 2m 53s
Rendered 16137/18000, time remaining: 2m 52s
Rendered 16138/18000, time remaining: 2m 51s
Rendered 16139/18000, time remaining: 2m 50s
Rendered 16140/18000, time remaining: 2m 53s
Rendered 16141/18000, time remaining: 2m 52s
Rendered 16142/18000, time remaining: 2m 52s
Rendered 16143/18000, time remaining: 2m 50s
Rendered 16144/18000, time remaining: 2m 52s
Rendered 16145/18000, time remaining: 2m 52s
Rendered 16146/18000, time remaining: 2m 51s
Rendered 16147/18000, time remaining: 2m 51s
Rendered 16148/18000, time remaining: 2m 51s
Rendered 16149/18000, time remaining: 2m 51s
Rendered 16150/18000, time remaining: 2m 51s
Rendered 16151/18000, time remaining: 2m 51s
Rendered 16152/18000, time remaining: 2m 50s
Rendered 16153/18000, time remaining: 2m 51s
Rendered 16154/18000, time remaining: 2m 50s
Rendered 16155/18000, time remaining: 2m 51s
Rendered 16156/18000, time remaining: 2m 50s
Rendered 16157/18000, time remaining: 2m 49s
Rendered 16158/18000, time remaining: 2m 50s
Rendered 16159/18000, time remaining: 2m 50s
Rendered 16160/18000, time remaining: 2m 50s
Rendered 16161/18000, time remaining: 2m 50s
Rendered 16162/18000, time remaining: 2m 48s
Rendered 16163/18000, time remaining: 2m 49s
Rendered 16164/18000, time remaining: 2m 50s
Rendered 16165/18000, time remaining: 2m 50s
Rendered 16166/18000, time remaining: 2m 48s
Rendered 16167/18000, time remaining: 2m 48s
Rendered 16168/18000, time remaining: 2m 49s
Rendered 16169/18000, time remaining: 2m 49s
Rendered 16170/18000, time remaining: 2m 48s
Rendered 16171/18000, time remaining: 2m 46s
Rendered 16172/18000, time remaining: 2m 47s
Rendered 16173/18000, time remaining: 2m 46s
Rendered 16174/18000, time remaining: 2m 44s
Rendered 16175/18000, time remaining: 2m 43s
Rendered 16176/18000, time remaining: 2m 46s
Rendered 16177/18000, time remaining: 2m 45s
Rendered 16178/18000, time remaining: 2m 44s
Rendered 16179/18000, time remaining: 2m 43s
Rendered 16180/18000, time remaining: 2m 45s
Rendered 16181/18000, time remaining: 2m 45s
Rendered 16182/18000, time remaining: 2m 44s
Rendered 16183/18000, time remaining: 2m 43s
Rendered 16184/18000, time remaining: 2m 42s
Rendered 16185/18000, time remaining: 2m 44s
Rendered 16186/18000, time remaining: 2m 45s
Rendered 16187/18000, time remaining: 2m 45s
Rendered 16188/18000, time remaining: 2m 42s
Rendered 16189/18000, time remaining: 2m 43s
Rendered 16190/18000, time remaining: 2m 43s
Rendered 16191/18000, time remaining: 2m 43s
Rendered 16192/18000, time remaining: 2m 42s
Rendered 16193/18000, time remaining: 2m 42s
Rendered 16194/18000, time remaining: 2m 42s
Rendered 16195/18000, time remaining: 2m 44s
Rendered 16196/18000, time remaining: 2m 42s
Rendered 16197/18000, time remaining: 2m 42s
Rendered 16198/18000, time remaining: 2m 42s
Rendered 16199/18000, time remaining: 2m 42s
Rendered 16200/18000, time remaining: 2m 42s
Rendered 16201/18000, time remaining: 2m 42s
Rendered 16202/18000, time remaining: 2m 40s
Rendered 16203/18000, time remaining: 2m 40s
Rendered 16204/18000, time remaining: 2m 40s
Rendered 16205/18000, time remaining: 2m 40s
Rendered 16206/18000, time remaining: 2m 40s
Rendered 16207/18000, time remaining: 2m 40s
Rendered 16208/18000, time remaining: 2m 39s
Rendered 16209/18000, time remaining: 2m 40s
Rendered 16210/18000, time remaining: 2m 40s
Rendered 16211/18000, time remaining: 2m 39s
Rendered 16212/18000, time remaining: 2m 39s
Rendered 16213/18000, time remaining: 2m 40s
Rendered 16214/18000, time remaining: 2m 38s
Rendered 16215/18000, time remaining: 2m 37s
Rendered 16216/18000, time remaining: 2m 39s
Rendered 16217/18000, time remaining: 2m 39s
Rendered 16218/18000, time remaining: 2m 39s
Rendered 16219/18000, time remaining: 2m 37s
Rendered 16220/18000, time remaining: 2m 38s
Rendered 16221/18000, time remaining: 2m 38s
Rendered 16222/18000, time remaining: 2m 39s
Rendered 16223/18000, time remaining: 2m 38s
Rendered 16224/18000, time remaining: 2m 38s
Rendered 16225/18000, time remaining: 2m 38s
Rendered 16226/18000, time remaining: 2m 39s
Rendered 16227/18000, time remaining: 2m 39s
Rendered 16228/18000, time remaining: 2m 38s
Rendered 16229/18000, time remaining: 2m 37s
Rendered 16230/18000, time remaining: 2m 37s
Rendered 16231/18000, time remaining: 2m 37s
Rendered 16232/18000, time remaining: 2m 39s
Rendered 16233/18000, time remaining: 2m 37s
Rendered 16234/18000, time remaining: 2m 37s
Rendered 16235/18000, time remaining: 2m 37s
Rendered 16236/18000, time remaining: 2m 40s
Rendered 16237/18000, time remaining: 2m 37s
Rendered 16238/18000, time remaining: 2m 37s
Rendered 16239/18000, time remaining: 2m 36s
Rendered 16240/18000, time remaining: 2m 38s
Rendered 16241/18000, time remaining: 2m 38s
Rendered 16242/18000, time remaining: 2m 37s
Rendered 16243/18000, time remaining: 2m 36s
Rendered 16244/18000, time remaining: 2m 39s
Rendered 16245/18000, time remaining: 2m 39s
Rendered 16246/18000, time remaining: 2m 38s
Rendered 16247/18000, time remaining: 2m 37s
Rendered 16248/18000, time remaining: 2m 40s
Rendered 16249/18000, time remaining: 2m 40s
Rendered 16250/18000, time remaining: 2m 40s
Rendered 16251/18000, time remaining: 2m 39s
Rendered 16252/18000, time remaining: 2m 41s
Rendered 16253/18000, time remaining: 2m 40s
Rendered 16254/18000, time remaining: 2m 39s
Rendered 16255/18000, time remaining: 2m 41s
Rendered 16256/18000, time remaining: 2m 40s
Rendered 16257/18000, time remaining: 2m 41s
Rendered 16258/18000, time remaining: 2m 40s
Rendered 16259/18000, time remaining: 2m 41s
Rendered 16260/18000, time remaining: 2m 41s
Rendered 16261/18000, time remaining: 2m 41s
Rendered 16262/18000, time remaining: 2m 40s
Rendered 16263/18000, time remaining: 2m 41s
Rendered 16264/18000, time remaining: 2m 41s
Rendered 16265/18000, time remaining: 2m 41s
Rendered 16266/18000, time remaining: 2m 41s
Rendered 16267/18000, time remaining: 2m 39s
Rendered 16268/18000, time remaining: 2m 43s
Rendered 16269/18000, time remaining: 2m 43s
Rendered 16270/18000, time remaining: 2m 43s
Rendered 16271/18000, time remaining: 2m 40s
Rendered 16272/18000, time remaining: 2m 43s
Rendered 16273/18000, time remaining: 2m 44s
Rendered 16274/18000, time remaining: 2m 44s
Rendered 16275/18000, time remaining: 2m 43s
Rendered 16276/18000, time remaining: 2m 43s
Rendered 16277/18000, time remaining: 2m 45s
Rendered 16278/18000, time remaining: 2m 44s
Rendered 16279/18000, time remaining: 2m 44s
Rendered 16280/18000, time remaining: 2m 44s
Rendered 16281/18000, time remaining: 2m 45s
Rendered 16282/18000, time remaining: 2m 45s
Rendered 16283/18000, time remaining: 2m 45s
Rendered 16284/18000, time remaining: 2m 44s
Rendered 16285/18000, time remaining: 2m 44s
Rendered 16286/18000, time remaining: 2m 45s
Rendered 16287/18000, time remaining: 2m 46s
Rendered 16288/18000, time remaining: 2m 45s
Rendered 16289/18000, time remaining: 2m 45s
Rendered 16290/18000, time remaining: 2m 45s
Rendered 16291/18000, time remaining: 2m 47s
Rendered 16292/18000, time remaining: 2m 47s
Rendered 16293/18000, time remaining: 2m 47s
Rendered 16294/18000, time remaining: 2m 46s
Rendered 16295/18000, time remaining: 2m 47s
Rendered 16296/18000, time remaining: 2m 49s
Rendered 16297/18000, time remaining: 2m 48s
Rendered 16298/18000, time remaining: 2m 48s
Rendered 16299/18000, time remaining: 2m 49s
Rendered 16300/18000, time remaining: 2m 49s
Rendered 16301/18000, time remaining: 2m 49s
Rendered 16302/18000, time remaining: 2m 49s
Rendered 16303/18000, time remaining: 2m 48s
Rendered 16304/18000, time remaining: 2m 49s
Rendered 16305/18000, time remaining: 2m 48s
Rendered 16306/18000, time remaining: 2m 50s
Rendered 16307/18000, time remaining: 2m 49s
Rendered 16308/18000, time remaining: 2m 49s
Rendered 16309/18000, time remaining: 2m 48s
Rendered 16310/18000, time remaining: 2m 50s
Rendered 16311/18000, time remaining: 2m 49s
Rendered 16312/18000, time remaining: 2m 49s
Rendered 16313/18000, time remaining: 2m 48s
Rendered 16314/18000, time remaining: 2m 50s
Rendered 16315/18000, time remaining: 2m 50s
Rendered 16316/18000, time remaining: 2m 50s
Rendered 16317/18000, time remaining: 2m 48s
Rendered 16318/18000, time remaining: 2m 49s
Rendered 16319/18000, time remaining: 2m 50s
Rendered 16320/18000, time remaining: 2m 50s
Rendered 16321/18000, time remaining: 2m 49s
Rendered 16322/18000, time remaining: 2m 50s
Rendered 16323/18000, time remaining: 2m 50s
Rendered 16324/18000, time remaining: 2m 50s
Rendered 16325/18000, time remaining: 2m 50s
Rendered 16326/18000, time remaining: 2m 49s
Rendered 16327/18000, time remaining: 2m 49s
Rendered 16328/18000, time remaining: 2m 50s
Rendered 16329/18000, time remaining: 2m 50s
Rendered 16330/18000, time remaining: 2m 48s
Rendered 16331/18000, time remaining: 2m 49s
Rendered 16332/18000, time remaining: 2m 49s
Rendered 16333/18000, time remaining: 2m 49s
Rendered 16334/18000, time remaining: 2m 49s
Rendered 16335/18000, time remaining: 2m 48s
Rendered 16336/18000, time remaining: 2m 48s
Rendered 16337/18000, time remaining: 2m 48s
Rendered 16338/18000, time remaining: 2m 48s
Rendered 16339/18000, time remaining: 2m 47s
Rendered 16340/18000, time remaining: 2m 47s
Rendered 16341/18000, time remaining: 2m 48s
Rendered 16342/18000, time remaining: 2m 48s
Rendered 16343/18000, time remaining: 2m 48s
Rendered 16344/18000, time remaining: 2m 48s
Rendered 16345/18000, time remaining: 2m 48s
Rendered 16346/18000, time remaining: 2m 47s
Rendered 16347/18000, time remaining: 2m 46s
Rendered 16348/18000, time remaining: 2m 46s
Rendered 16349/18000, time remaining: 2m 49s
Rendered 16350/18000, time remaining: 2m 48s
Rendered 16351/18000, time remaining: 2m 47s
Rendered 16352/18000, time remaining: 2m 47s
Rendered 16353/18000, time remaining: 2m 49s
Rendered 16354/18000, time remaining: 2m 49s
Rendered 16355/18000, time remaining: 2m 48s
Rendered 16356/18000, time remaining: 2m 47s
Rendered 16357/18000, time remaining: 2m 48s
Rendered 16358/18000, time remaining: 2m 50s
Rendered 16359/18000, time remaining: 2m 49s
Rendered 16360/18000, time remaining: 2m 47s
Rendered 16361/18000, time remaining: 2m 47s
Rendered 16362/18000, time remaining: 2m 49s
Rendered 16363/18000, time remaining: 2m 49s
Rendered 16364/18000, time remaining: 2m 49s
Rendered 16365/18000, time remaining: 2m 48s
Rendered 16366/18000, time remaining: 2m 50s
Rendered 16367/18000, time remaining: 2m 49s
Rendered 16368/18000, time remaining: 2m 49s
Rendered 16369/18000, time remaining: 2m 49s
Rendered 16370/18000, time remaining: 2m 49s
Rendered 16371/18000, time remaining: 2m 49s
Rendered 16372/18000, time remaining: 2m 48s
Rendered 16373/18000, time remaining: 2m 49s
Rendered 16374/18000, time remaining: 2m 49s
Rendered 16375/18000, time remaining: 2m 49s
Rendered 16376/18000, time remaining: 2m 48s
Rendered 16377/18000, time remaining: 2m 48s
Rendered 16378/18000, time remaining: 2m 49s
Rendered 16379/18000, time remaining: 2m 49s
Rendered 16380/18000, time remaining: 2m 49s
Rendered 16381/18000, time remaining: 2m 49s
Rendered 16382/18000, time remaining: 2m 47s
Rendered 16383/18000, time remaining: 2m 49s
Rendered 16384/18000, time remaining: 2m 48s
Rendered 16385/18000, time remaining: 2m 49s
Rendered 16386/18000, time remaining: 2m 46s
Rendered 16387/18000, time remaining: 2m 48s
Rendered 16388/18000, time remaining: 2m 47s
Rendered 16389/18000, time remaining: 2m 48s
Rendered 16390/18000, time remaining: 2m 45s
Rendered 16391/18000, time remaining: 2m 47s
Rendered 16392/18000, time remaining: 2m 47s
Rendered 16393/18000, time remaining: 2m 47s
Rendered 16394/18000, time remaining: 2m 44s
Rendered 16395/18000, time remaining: 2m 45s
Rendered 16396/18000, time remaining: 2m 45s
Rendered 16397/18000, time remaining: 2m 45s
Rendered 16398/18000, time remaining: 2m 42s
Rendered 16399/18000, time remaining: 2m 42s
Rendered 16400/18000, time remaining: 2m 44s
Rendered 16401/18000, time remaining: 2m 44s
Rendered 16402/18000, time remaining: 2m 41s
Rendered 16403/18000, time remaining: 2m 41s
Rendered 16404/18000, time remaining: 2m 43s
Rendered 16405/18000, time remaining: 2m 42s
Rendered 16406/18000, time remaining: 2m 42s
Rendered 16407/18000, time remaining: 2m 42s
Rendered 16408/18000, time remaining: 2m 43s
Rendered 16409/18000, time remaining: 2m 41s
Rendered 16410/18000, time remaining: 2m 41s
Rendered 16411/18000, time remaining: 2m 42s
Rendered 16412/18000, time remaining: 2m 41s
Rendered 16413/18000, time remaining: 2m 42s
Rendered 16414/18000, time remaining: 2m 41s
Rendered 16415/18000, time remaining: 2m 41s
Rendered 16416/18000, time remaining: 2m 41s
Rendered 16417/18000, time remaining: 2m 41s
Rendered 16418/18000, time remaining: 2m 39s
Rendered 16419/18000, time remaining: 2m 39s
Rendered 16420/18000, time remaining: 2m 39s
Rendered 16421/18000, time remaining: 2m 40s
Rendered 16422/18000, time remaining: 2m 36s
Rendered 16423/18000, time remaining: 2m 37s
Rendered 16424/18000, time remaining: 2m 37s
Rendered 16425/18000, time remaining: 2m 37s
Rendered 16426/18000, time remaining: 2m 35s
Rendered 16427/18000, time remaining: 2m 35s
Rendered 16428/18000, time remaining: 2m 35s
Rendered 16429/18000, time remaining: 2m 35s
Rendered 16430/18000, time remaining: 2m 35s
Rendered 16431/18000, time remaining: 2m 34s
Rendered 16432/18000, time remaining: 2m 34s
Rendered 16433/18000, time remaining: 2m 34s
Rendered 16434/18000, time remaining: 2m 34s
Rendered 16435/18000, time remaining: 2m 35s
Rendered 16436/18000, time remaining: 2m 33s
Rendered 16437/18000, time remaining: 2m 33s
Rendered 16438/18000, time remaining: 2m 33s
Rendered 16439/18000, time remaining: 2m 34s
Rendered 16440/18000, time remaining: 2m 33s
Rendered 16441/18000, time remaining: 2m 31s
Rendered 16442/18000, time remaining: 2m 30s
Rendered 16443/18000, time remaining: 2m 30s
Rendered 16444/18000, time remaining: 2m 30s
Rendered 16445/18000, time remaining: 2m 30s
Rendered 16446/18000, time remaining: 2m 29s
Rendered 16447/18000, time remaining: 2m 29s
Rendered 16448/18000, time remaining: 2m 28s
Rendered 16449/18000, time remaining: 2m 28s
Rendered 16450/18000, time remaining: 2m 28s
Rendered 16451/18000, time remaining: 2m 29s
Rendered 16452/18000, time remaining: 2m 27s
Rendered 16453/18000, time remaining: 2m 27s
Rendered 16454/18000, time remaining: 2m 28s
Rendered 16455/18000, time remaining: 2m 28s
Rendered 16456/18000, time remaining: 2m 26s
Rendered 16457/18000, time remaining: 2m 27s
Rendered 16458/18000, time remaining: 2m 28s
Rendered 16459/18000, time remaining: 2m 28s
Rendered 16460/18000, time remaining: 2m 26s
Rendered 16461/18000, time remaining: 2m 26s
Rendered 16462/18000, time remaining: 2m 27s
Rendered 16463/18000, time remaining: 2m 28s
Rendered 16464/18000, time remaining: 2m 26s
Rendered 16465/18000, time remaining: 2m 26s
Rendered 16466/18000, time remaining: 2m 25s
Rendered 16467/18000, time remaining: 2m 27s
Rendered 16468/18000, time remaining: 2m 25s
Rendered 16469/18000, time remaining: 2m 24s
Rendered 16470/18000, time remaining: 2m 25s
Rendered 16471/18000, time remaining: 2m 26s
Rendered 16472/18000, time remaining: 2m 24s
Rendered 16473/18000, time remaining: 2m 24s
Rendered 16474/18000, time remaining: 2m 24s
Rendered 16475/18000, time remaining: 2m 24s
Rendered 16476/18000, time remaining: 2m 23s
Rendered 16477/18000, time remaining: 2m 23s
Rendered 16478/18000, time remaining: 2m 23s
Rendered 16479/18000, time remaining: 2m 23s
Rendered 16480/18000, time remaining: 2m 23s
Rendered 16481/18000, time remaining: 2m 23s
Rendered 16482/18000, time remaining: 2m 23s
Rendered 16483/18000, time remaining: 2m 24s
Rendered 16484/18000, time remaining: 2m 23s
Rendered 16485/18000, time remaining: 2m 23s
Rendered 16486/18000, time remaining: 2m 23s
Rendered 16487/18000, time remaining: 2m 23s
Rendered 16488/18000, time remaining: 2m 23s
Rendered 16489/18000, time remaining: 2m 22s
Rendered 16490/18000, time remaining: 2m 23s
Rendered 16491/18000, time remaining: 2m 22s
Rendered 16492/18000, time remaining: 2m 23s
Rendered 16493/18000, time remaining: 2m 22s
Rendered 16494/18000, time remaining: 2m 23s
Rendered 16495/18000, time remaining: 2m 21s
Rendered 16496/18000, time remaining: 2m 22s
Rendered 16497/18000, time remaining: 2m 22s
Rendered 16498/18000, time remaining: 2m 22s
Rendered 16499/18000, time remaining: 2m 20s
Rendered 16500/18000, time remaining: 2m 20s
Rendered 16501/18000, time remaining: 2m 20s
Rendered 16502/18000, time remaining: 2m 20s
Rendered 16503/18000, time remaining: 2m 19s
Rendered 16504/18000, time remaining: 2m 20s
Rendered 16505/18000, time remaining: 2m 20s
Rendered 16506/18000, time remaining: 2m 20s
Rendered 16507/18000, time remaining: 2m 18s
Rendered 16508/18000, time remaining: 2m 19s
Rendered 16509/18000, time remaining: 2m 19s
Rendered 16510/18000, time remaining: 2m 19s
Rendered 16511/18000, time remaining: 2m 18s
Rendered 16512/18000, time remaining: 2m 19s
Rendered 16513/18000, time remaining: 2m 19s
Rendered 16514/18000, time remaining: 2m 19s
Rendered 16515/18000, time remaining: 2m 19s
Rendered 16516/18000, time remaining: 2m 16s
Rendered 16517/18000, time remaining: 2m 18s
Rendered 16518/18000, time remaining: 2m 18s
Rendered 16519/18000, time remaining: 2m 17s
Rendered 16520/18000, time remaining: 2m 17s
Rendered 16521/18000, time remaining: 2m 18s
Rendered 16522/18000, time remaining: 2m 18s
Rendered 16523/18000, time remaining: 2m 17s
Rendered 16524/18000, time remaining: 2m 16s
Rendered 16525/18000, time remaining: 2m 18s
Rendered 16526/18000, time remaining: 2m 18s
Rendered 16527/18000, time remaining: 2m 18s
Rendered 16528/18000, time remaining: 2m 16s
Rendered 16529/18000, time remaining: 2m 18s
Rendered 16530/18000, time remaining: 2m 18s
Rendered 16531/18000, time remaining: 2m 17s
Rendered 16532/18000, time remaining: 2m 18s
Rendered 16533/18000, time remaining: 2m 17s
Rendered 16534/18000, time remaining: 2m 17s
Rendered 16535/18000, time remaining: 2m 17s
Rendered 16536/18000, time remaining: 2m 17s
Rendered 16537/18000, time remaining: 2m 16s
Rendered 16538/18000, time remaining: 2m 17s
Rendered 16539/18000, time remaining: 2m 17s
Rendered 16540/18000, time remaining: 2m 17s
Rendered 16541/18000, time remaining: 2m 16s
Rendered 16542/18000, time remaining: 2m 17s
Rendered 16543/18000, time remaining: 2m 17s
Rendered 16544/18000, time remaining: 2m 17s
Rendered 16545/18000, time remaining: 2m 16s
Rendered 16546/18000, time remaining: 2m 17s
Rendered 16547/18000, time remaining: 2m 17s
Rendered 16548/18000, time remaining: 2m 18s
Rendered 16549/18000, time remaining: 2m 18s
Rendered 16550/18000, time remaining: 2m 16s
Rendered 16551/18000, time remaining: 2m 16s
Rendered 16552/18000, time remaining: 2m 17s
Rendered 16553/18000, time remaining: 2m 17s
Rendered 16554/18000, time remaining: 2m 16s
Rendered 16555/18000, time remaining: 2m 16s
Rendered 16556/18000, time remaining: 2m 17s
Rendered 16557/18000, time remaining: 2m 16s
Rendered 16558/18000, time remaining: 2m 16s
Rendered 16559/18000, time remaining: 2m 16s
Rendered 16560/18000, time remaining: 2m 16s
Rendered 16561/18000, time remaining: 2m 16s
Rendered 16562/18000, time remaining: 2m 18s
Rendered 16563/18000, time remaining: 2m 17s
Rendered 16564/18000, time remaining: 2m 17s
Rendered 16565/18000, time remaining: 2m 18s
Rendered 16566/18000, time remaining: 2m 19s
Rendered 16567/18000, time remaining: 2m 18s
Rendered 16568/18000, time remaining: 2m 18s
Rendered 16569/18000, time remaining: 2m 18s
Rendered 16570/18000, time remaining: 2m 18s
Rendered 16571/18000, time remaining: 2m 20s
Rendered 16572/18000, time remaining: 2m 19s
Rendered 16573/18000, time remaining: 2m 18s
Rendered 16574/18000, time remaining: 2m 18s
Rendered 16575/18000, time remaining: 2m 19s
Rendered 16576/18000, time remaining: 2m 19s
Rendered 16577/18000, time remaining: 2m 18s
Rendered 16578/18000, time remaining: 2m 18s
Rendered 16579/18000, time remaining: 2m 18s
Rendered 16580/18000, time remaining: 2m 20s
Rendered 16581/18000, time remaining: 2m 18s
Rendered 16582/18000, time remaining: 2m 18s
Rendered 16583/18000, time remaining: 2m 17s
Rendered 16584/18000, time remaining: 2m 20s
Rendered 16585/18000, time remaining: 2m 18s
Rendered 16586/18000, time remaining: 2m 18s
Rendered 16587/18000, time remaining: 2m 18s
Rendered 16588/18000, time remaining: 2m 20s
Rendered 16589/18000, time remaining: 2m 19s
Rendered 16590/18000, time remaining: 2m 18s
Rendered 16591/18000, time remaining: 2m 18s
Rendered 16592/18000, time remaining: 2m 19s
Rendered 16593/18000, time remaining: 2m 20s
Rendered 16594/18000, time remaining: 2m 20s
Rendered 16595/18000, time remaining: 2m 18s
Rendered 16596/18000, time remaining: 2m 18s
Rendered 16597/18000, time remaining: 2m 19s
Rendered 16598/18000, time remaining: 2m 19s
Rendered 16599/18000, time remaining: 2m 19s
Rendered 16600/18000, time remaining: 2m 19s
Rendered 16601/18000, time remaining: 2m 18s
Rendered 16602/18000, time remaining: 2m 19s
Rendered 16603/18000, time remaining: 2m 19s
Rendered 16604/18000, time remaining: 2m 19s
Rendered 16605/18000, time remaining: 2m 18s
Rendered 16606/18000, time remaining: 2m 18s
Rendered 16607/18000, time remaining: 2m 19s
Rendered 16608/18000, time remaining: 2m 19s
Rendered 16609/18000, time remaining: 2m 18s
Rendered 16610/18000, time remaining: 2m 18s
Rendered 16611/18000, time remaining: 2m 19s
Rendered 16612/18000, time remaining: 2m 19s
Rendered 16613/18000, time remaining: 2m 19s
Rendered 16614/18000, time remaining: 2m 18s
Rendered 16615/18000, time remaining: 2m 18s
Rendered 16616/18000, time remaining: 2m 20s
Rendered 16617/18000, time remaining: 2m 19s
Rendered 16618/18000, time remaining: 2m 19s
Rendered 16619/18000, time remaining: 2m 19s
Rendered 16620/18000, time remaining: 2m 19s
Rendered 16621/18000, time remaining: 2m 18s
Rendered 16622/18000, time remaining: 2m 18s
Rendered 16623/18000, time remaining: 2m 18s
Rendered 16624/18000, time remaining: 2m 18s
Rendered 16625/18000, time remaining: 2m 19s
Rendered 16626/18000, time remaining: 2m 18s
Rendered 16627/18000, time remaining: 2m 18s
Rendered 16628/18000, time remaining: 2m 18s
Rendered 16629/18000, time remaining: 2m 18s
Rendered 16630/18000, time remaining: 2m 19s
Rendered 16631/18000, time remaining: 2m 18s
Rendered 16632/18000, time remaining: 2m 18s
Rendered 16633/18000, time remaining: 2m 17s
Rendered 16634/18000, time remaining: 2m 19s
Rendered 16635/18000, time remaining: 2m 19s
Rendered 16636/18000, time remaining: 2m 17s
Rendered 16637/18000, time remaining: 2m 17s
Rendered 16638/18000, time remaining: 2m 18s
Rendered 16639/18000, time remaining: 2m 18s
Rendered 16640/18000, time remaining: 2m 18s
Rendered 16641/18000, time remaining: 2m 17s
Rendered 16642/18000, time remaining: 2m 17s
Rendered 16643/18000, time remaining: 2m 18s
Rendered 16644/18000, time remaining: 2m 18s
Rendered 16645/18000, time remaining: 2m 16s
Rendered 16646/18000, time remaining: 2m 16s
Rendered 16647/18000, time remaining: 2m 17s
Rendered 16648/18000, time remaining: 2m 17s
Rendered 16649/18000, time remaining: 2m 17s
Rendered 16650/18000, time remaining: 2m 16s
Rendered 16651/18000, time remaining: 2m 16s
Rendered 16652/18000, time remaining: 2m 18s
Rendered 16653/18000, time remaining: 2m 17s
Rendered 16654/18000, time remaining: 2m 16s
Rendered 16655/18000, time remaining: 2m 16s
Rendered 16656/18000, time remaining: 2m 18s
Rendered 16657/18000, time remaining: 2m 18s
Rendered 16658/18000, time remaining: 2m 15s
Rendered 16659/18000, time remaining: 2m 15s
Rendered 16660/18000, time remaining: 2m 18s
Rendered 16661/18000, time remaining: 2m 18s
Rendered 16662/18000, time remaining: 2m 15s
Rendered 16663/18000, time remaining: 2m 15s
Rendered 16664/18000, time remaining: 2m 17s
Rendered 16665/18000, time remaining: 2m 17s
Rendered 16666/18000, time remaining: 2m 16s
Rendered 16667/18000, time remaining: 2m 14s
Rendered 16668/18000, time remaining: 2m 16s
Rendered 16669/18000, time remaining: 2m 17s
Rendered 16670/18000, time remaining: 2m 16s
Rendered 16671/18000, time remaining: 2m 14s
Rendered 16672/18000, time remaining: 2m 16s
Rendered 16673/18000, time remaining: 2m 16s
Rendered 16674/18000, time remaining: 2m 16s
Rendered 16675/18000, time remaining: 2m 14s
Rendered 16676/18000, time remaining: 2m 15s
Rendered 16677/18000, time remaining: 2m 15s
Rendered 16678/18000, time remaining: 2m 15s
Rendered 16679/18000, time remaining: 2m 13s
Rendered 16680/18000, time remaining: 2m 14s
Rendered 16681/18000, time remaining: 2m 15s
Rendered 16682/18000, time remaining: 2m 15s
Rendered 16683/18000, time remaining: 2m 14s
Rendered 16684/18000, time remaining: 2m 13s
Rendered 16685/18000, time remaining: 2m 13s
Rendered 16686/18000, time remaining: 2m 14s
Rendered 16687/18000, time remaining: 2m 14s
Rendered 16688/18000, time remaining: 2m 13s
Rendered 16689/18000, time remaining: 2m 13s
Rendered 16690/18000, time remaining: 2m 13s
Rendered 16691/18000, time remaining: 2m 13s
Rendered 16692/18000, time remaining: 2m 13s
Rendered 16693/18000, time remaining: 2m 12s
Rendered 16694/18000, time remaining: 2m 13s
Rendered 16695/18000, time remaining: 2m 13s
Rendered 16696/18000, time remaining: 2m 12s
Rendered 16697/18000, time remaining: 2m 11s
Rendered 16698/18000, time remaining: 2m 12s
Rendered 16699/18000, time remaining: 2m 12s
Rendered 16700/18000, time remaining: 2m 12s
Rendered 16701/18000, time remaining: 2m 12s
Rendered 16702/18000, time remaining: 2m 12s
Rendered 16703/18000, time remaining: 2m 13s
Rendered 16704/18000, time remaining: 2m 12s
Rendered 16705/18000, time remaining: 2m 12s
Rendered 16706/18000, time remaining: 2m 13s
Rendered 16707/18000, time remaining: 2m 13s
Rendered 16708/18000, time remaining: 2m 12s
Rendered 16709/18000, time remaining: 2m 12s
Rendered 16710/18000, time remaining: 2m 13s
Rendered 16711/18000, time remaining: 2m 13s
Rendered 16712/18000, time remaining: 2m 11s
Rendered 16713/18000, time remaining: 2m 10s
Rendered 16714/18000, time remaining: 2m 12s
Rendered 16715/18000, time remaining: 2m 11s
Rendered 16716/18000, time remaining: 2m 10s
Rendered 16717/18000, time remaining: 2m 10s
Rendered 16718/18000, time remaining: 2m 10s
Rendered 16719/18000, time remaining: 2m 11s
Rendered 16720/18000, time remaining: 2m 10s
Rendered 16721/18000, time remaining: 2m 9s
Rendered 16722/18000, time remaining: 2m 8s
Rendered 16723/18000, time remaining: 2m 9s
Rendered 16724/18000, time remaining: 2m 9s
Rendered 16725/18000, time remaining: 2m 9s
Rendered 16726/18000, time remaining: 2m 9s
Rendered 16727/18000, time remaining: 2m 9s
Rendered 16728/18000, time remaining: 2m 9s
Rendered 16729/18000, time remaining: 2m 9s
Rendered 16730/18000, time remaining: 2m 7s
Rendered 16731/18000, time remaining: 2m 7s
Rendered 16732/18000, time remaining: 2m 9s
Rendered 16733/18000, time remaining: 2m 9s
Rendered 16734/18000, time remaining: 2m 7s
Rendered 16735/18000, time remaining: 2m 6s
Rendered 16736/18000, time remaining: 2m 7s
Rendered 16737/18000, time remaining: 2m 8s
Rendered 16738/18000, time remaining: 2m 6s
Rendered 16739/18000, time remaining: 2m 5s
Rendered 16740/18000, time remaining: 2m 6s
Rendered 16741/18000, time remaining: 2m 6s
Rendered 16742/18000, time remaining: 2m 5s
Rendered 16743/18000, time remaining: 2m 5s
Rendered 16744/18000, time remaining: 2m 4s
Rendered 16745/18000, time remaining: 2m 6s
Rendered 16746/18000, time remaining: 2m 6s
Rendered 16747/18000, time remaining: 2m 5s
Rendered 16748/18000, time remaining: 2m 4s
Rendered 16749/18000, time remaining: 2m 4s
Rendered 16750/18000, time remaining: 2m 4s
Rendered 16751/18000, time remaining: 2m 4s
Rendered 16752/18000, time remaining: 2m 4s
Rendered 16753/18000, time remaining: 2m 4s
Rendered 16754/18000, time remaining: 2m 4s
Rendered 16755/18000, time remaining: 2m 4s
Rendered 16756/18000, time remaining: 2m 3s
Rendered 16757/18000, time remaining: 2m 2s
Rendered 16758/18000, time remaining: 2m 3s
Rendered 16759/18000, time remaining: 2m 3s
Rendered 16760/18000, time remaining: 2m 3s
Rendered 16761/18000, time remaining: 2m 2s
Rendered 16762/18000, time remaining: 2m 1s
Rendered 16763/18000, time remaining: 2m 2s
Rendered 16764/18000, time remaining: 2m 2s
Rendered 16765/18000, time remaining: 2m 2s
Rendered 16766/18000, time remaining: 2m 0s
Rendered 16767/18000, time remaining: 2m 1s
Rendered 16768/18000, time remaining: 2m 1s
Rendered 16769/18000, time remaining: 2m 1s
Rendered 16770/18000, time remaining: 2m 0s
Rendered 16771/18000, time remaining: 2m 0s
Rendered 16772/18000, time remaining: 2m 1s
Rendered 16773/18000, time remaining: 2m 1s
Rendered 16774/18000, time remaining: 2m 1s
Rendered 16775/18000, time remaining: 2m 0s
Rendered 16776/18000, time remaining: 2m 0s
Rendered 16777/18000, time remaining: 2m 0s
Rendered 16778/18000, time remaining: 2m 0s
Rendered 16779/18000, time remaining: 2m 0s
Rendered 16780/18000, time remaining: 1m 59s
Rendered 16781/18000, time remaining: 1m 59s
Rendered 16782/18000, time remaining: 1m 59s
Rendered 16783/18000, time remaining: 1m 59s
Rendered 16784/18000, time remaining: 1m 58s
Rendered 16785/18000, time remaining: 1m 58s
Rendered 16786/18000, time remaining: 1m 59s
Rendered 16787/18000, time remaining: 1m 58s
Rendered 16788/18000, time remaining: 1m 58s
Rendered 16789/18000, time remaining: 1m 58s
Rendered 16790/18000, time remaining: 1m 58s
Rendered 16791/18000, time remaining: 1m 58s
Rendered 16792/18000, time remaining: 1m 58s
Rendered 16793/18000, time remaining: 1m 57s
Rendered 16794/18000, time remaining: 1m 57s
Rendered 16795/18000, time remaining: 1m 57s
Rendered 16796/18000, time remaining: 1m 57s
Rendered 16797/18000, time remaining: 1m 57s
Rendered 16798/18000, time remaining: 1m 56s
Rendered 16799/18000, time remaining: 1m 56s
Rendered 16800/18000, time remaining: 1m 56s
Rendered 16801/18000, time remaining: 1m 56s
Rendered 16802/18000, time remaining: 1m 56s
Rendered 16803/18000, time remaining: 1m 57s
Rendered 16804/18000, time remaining: 1m 57s
Rendered 16805/18000, time remaining: 1m 57s
Rendered 16806/18000, time remaining: 1m 57s
Rendered 16807/18000, time remaining: 1m 57s
Rendered 16808/18000, time remaining: 1m 58s
Rendered 16809/18000, time remaining: 1m 58s
Rendered 16810/18000, time remaining: 1m 56s
Rendered 16811/18000, time remaining: 1m 57s
Rendered 16812/18000, time remaining: 1m 57s
Rendered 16813/18000, time remaining: 1m 57s
Rendered 16814/18000, time remaining: 1m 55s
Rendered 16815/18000, time remaining: 1m 55s
Rendered 16816/18000, time remaining: 1m 56s
Rendered 16817/18000, time remaining: 1m 56s
Rendered 16818/18000, time remaining: 1m 54s
Rendered 16819/18000, time remaining: 1m 55s
Rendered 16820/18000, time remaining: 1m 56s
Rendered 16821/18000, time remaining: 1m 55s
Rendered 16822/18000, time remaining: 1m 54s
Rendered 16823/18000, time remaining: 1m 54s
Rendered 16824/18000, time remaining: 1m 55s
Rendered 16825/18000, time remaining: 1m 55s
Rendered 16826/18000, time remaining: 1m 53s
Rendered 16827/18000, time remaining: 1m 54s
Rendered 16828/18000, time remaining: 1m 54s
Rendered 16829/18000, time remaining: 1m 54s
Rendered 16830/18000, time remaining: 1m 53s
Rendered 16831/18000, time remaining: 1m 53s
Rendered 16832/18000, time remaining: 1m 53s
Rendered 16833/18000, time remaining: 1m 53s
Rendered 16834/18000, time remaining: 1m 53s
Rendered 16835/18000, time remaining: 1m 52s
Rendered 16836/18000, time remaining: 1m 53s
Rendered 16837/18000, time remaining: 1m 52s
Rendered 16838/18000, time remaining: 1m 52s
Rendered 16839/18000, time remaining: 1m 52s
Rendered 16840/18000, time remaining: 1m 53s
Rendered 16841/18000, time remaining: 1m 52s
Rendered 16842/18000, time remaining: 1m 52s
Rendered 16843/18000, time remaining: 1m 52s
Rendered 16844/18000, time remaining: 1m 52s
Rendered 16845/18000, time remaining: 1m 52s
Rendered 16846/18000, time remaining: 1m 52s
Rendered 16847/18000, time remaining: 1m 52s
Rendered 16848/18000, time remaining: 1m 52s
Rendered 16849/18000, time remaining: 1m 52s
Rendered 16850/18000, time remaining: 1m 52s
Rendered 16851/18000, time remaining: 1m 51s
Rendered 16852/18000, time remaining: 1m 51s
Rendered 16853/18000, time remaining: 1m 51s
Rendered 16854/18000, time remaining: 1m 51s
Rendered 16855/18000, time remaining: 1m 51s
Rendered 16856/18000, time remaining: 1m 49s
Rendered 16857/18000, time remaining: 1m 50s
Rendered 16858/18000, time remaining: 1m 50s
Rendered 16859/18000, time remaining: 1m 51s
Rendered 16860/18000, time remaining: 1m 49s
Rendered 16861/18000, time remaining: 1m 49s
Rendered 16862/18000, time remaining: 1m 50s
Rendered 16863/18000, time remaining: 1m 50s
Rendered 16864/18000, time remaining: 1m 48s
Rendered 16865/18000, time remaining: 1m 48s
Rendered 16866/18000, time remaining: 1m 48s
Rendered 16867/18000, time remaining: 1m 49s
Rendered 16868/18000, time remaining: 1m 48s
Rendered 16869/18000, time remaining: 1m 47s
Rendered 16870/18000, time remaining: 1m 48s
Rendered 16871/18000, time remaining: 1m 48s
Rendered 16872/18000, time remaining: 1m 48s
Rendered 16873/18000, time remaining: 1m 47s
Rendered 16874/18000, time remaining: 1m 47s
Rendered 16875/18000, time remaining: 1m 47s
Rendered 16876/18000, time remaining: 1m 47s
Rendered 16877/18000, time remaining: 1m 47s
Rendered 16878/18000, time remaining: 1m 47s
Rendered 16879/18000, time remaining: 1m 46s
Rendered 16880/18000, time remaining: 1m 47s
Rendered 16881/18000, time remaining: 1m 48s
Rendered 16882/18000, time remaining: 1m 46s
Rendered 16883/18000, time remaining: 1m 46s
Rendered 16884/18000, time remaining: 1m 46s
Rendered 16885/18000, time remaining: 1m 47s
Rendered 16886/18000, time remaining: 1m 47s
Rendered 16887/18000, time remaining: 1m 46s
Rendered 16888/18000, time remaining: 1m 46s
Rendered 16889/18000, time remaining: 1m 47s
Rendered 16890/18000, time remaining: 1m 47s
Rendered 16891/18000, time remaining: 1m 46s
Rendered 16892/18000, time remaining: 1m 46s
Rendered 16893/18000, time remaining: 1m 46s
Rendered 16894/18000, time remaining: 1m 47s
Rendered 16895/18000, time remaining: 1m 45s
Rendered 16896/18000, time remaining: 1m 45s
Rendered 16897/18000, time remaining: 1m 46s
Rendered 16898/18000, time remaining: 1m 46s
Rendered 16899/18000, time remaining: 1m 45s
Rendered 16900/18000, time remaining: 1m 45s
Rendered 16901/18000, time remaining: 1m 45s
Rendered 16902/18000, time remaining: 1m 46s
Rendered 16903/18000, time remaining: 1m 45s
Rendered 16904/18000, time remaining: 1m 45s
Rendered 16905/18000, time remaining: 1m 45s
Rendered 16906/18000, time remaining: 1m 45s
Rendered 16907/18000, time remaining: 1m 46s
Rendered 16908/18000, time remaining: 1m 45s
Rendered 16909/18000, time remaining: 1m 45s
Rendered 16910/18000, time remaining: 1m 45s
Rendered 16911/18000, time remaining: 1m 47s
Rendered 16912/18000, time remaining: 1m 46s
Rendered 16913/18000, time remaining: 1m 45s
Rendered 16914/18000, time remaining: 1m 45s
Rendered 16915/18000, time remaining: 1m 47s
Rendered 16916/18000, time remaining: 1m 47s
Rendered 16917/18000, time remaining: 1m 45s
Rendered 16918/18000, time remaining: 1m 45s
Rendered 16919/18000, time remaining: 1m 47s
Rendered 16920/18000, time remaining: 1m 47s
Rendered 16921/18000, time remaining: 1m 47s
Rendered 16922/18000, time remaining: 1m 45s
Rendered 16923/18000, time remaining: 1m 47s
Rendered 16924/18000, time remaining: 1m 47s
Rendered 16925/18000, time remaining: 1m 47s
Rendered 16926/18000, time remaining: 1m 46s
Rendered 16927/18000, time remaining: 1m 47s
Rendered 16928/18000, time remaining: 1m 47s
Rendered 16929/18000, time remaining: 1m 47s
Rendered 16930/18000, time remaining: 1m 46s
Rendered 16931/18000, time remaining: 1m 47s
Rendered 16932/18000, time remaining: 1m 46s
Rendered 16933/18000, time remaining: 1m 47s
Rendered 16934/18000, time remaining: 1m 46s
Rendered 16935/18000, time remaining: 1m 47s
Rendered 16936/18000, time remaining: 1m 47s
Rendered 16937/18000, time remaining: 1m 47s
Rendered 16938/18000, time remaining: 1m 46s
Rendered 16939/18000, time remaining: 1m 47s
Rendered 16940/18000, time remaining: 1m 47s
Rendered 16941/18000, time remaining: 1m 47s
Rendered 16942/18000, time remaining: 1m 46s
Rendered 16943/18000, time remaining: 1m 47s
Rendered 16944/18000, time remaining: 1m 47s
Rendered 16945/18000, time remaining: 1m 47s
Rendered 16946/18000, time remaining: 1m 47s
Rendered 16947/18000, time remaining: 1m 47s
Rendered 16948/18000, time remaining: 1m 48s
Rendered 16949/18000, time remaining: 1m 48s
Rendered 16950/18000, time remaining: 1m 47s
Rendered 16951/18000, time remaining: 1m 48s
Rendered 16952/18000, time remaining: 1m 47s
Rendered 16953/18000, time remaining: 1m 46s
Rendered 16954/18000, time remaining: 1m 46s
Rendered 16955/18000, time remaining: 1m 46s
Rendered 16956/18000, time remaining: 1m 45s
Rendered 16957/18000, time remaining: 1m 45s
Rendered 16958/18000, time remaining: 1m 44s
Rendered 16959/18000, time remaining: 1m 44s
Rendered 16960/18000, time remaining: 1m 45s
Rendered 16961/18000, time remaining: 1m 45s
Rendered 16962/18000, time remaining: 1m 44s
Rendered 16963/18000, time remaining: 1m 44s
Rendered 16964/18000, time remaining: 1m 46s
Rendered 16965/18000, time remaining: 1m 45s
Rendered 16966/18000, time remaining: 1m 45s
Rendered 16967/18000, time remaining: 1m 45s
Rendered 16968/18000, time remaining: 1m 47s
Rendered 16969/18000, time remaining: 1m 46s
Rendered 16970/18000, time remaining: 1m 45s
Rendered 16971/18000, time remaining: 1m 45s
Rendered 16972/18000, time remaining: 1m 46s
Rendered 16973/18000, time remaining: 1m 47s
Rendered 16974/18000, time remaining: 1m 46s
Rendered 16975/18000, time remaining: 1m 46s
Rendered 16976/18000, time remaining: 1m 46s
Rendered 16977/18000, time remaining: 1m 46s
Rendered 16978/18000, time remaining: 1m 46s
Rendered 16979/18000, time remaining: 1m 46s
Rendered 16980/18000, time remaining: 1m 46s
Rendered 16981/18000, time remaining: 1m 46s
Rendered 16982/18000, time remaining: 1m 46s
Rendered 16983/18000, time remaining: 1m 46s
Rendered 16984/18000, time remaining: 1m 46s
Rendered 16985/18000, time remaining: 1m 46s
Rendered 16986/18000, time remaining: 1m 46s
Rendered 16987/18000, time remaining: 1m 46s
Rendered 16988/18000, time remaining: 1m 46s
Rendered 16989/18000, time remaining: 1m 46s
Rendered 16990/18000, time remaining: 1m 46s
Rendered 16991/18000, time remaining: 1m 46s
Rendered 16992/18000, time remaining: 1m 46s
Rendered 16993/18000, time remaining: 1m 46s
Rendered 16994/18000, time remaining: 1m 46s
Rendered 16995/18000, time remaining: 1m 46s
Rendered 16996/18000, time remaining: 1m 46s
Rendered 16997/18000, time remaining: 1m 45s
Rendered 16998/18000, time remaining: 1m 45s
Rendered 16999/18000, time remaining: 1m 45s
Rendered 17000/18000, time remaining: 1m 45s
Rendered 17001/18000, time remaining: 1m 45s
Rendered 17002/18000, time remaining: 1m 44s
Rendered 17003/18000, time remaining: 1m 45s
Rendered 17004/18000, time remaining: 1m 45s
Rendered 17005/18000, time remaining: 1m 44s
Rendered 17006/18000, time remaining: 1m 44s
Rendered 17007/18000, time remaining: 1m 45s
Rendered 17008/18000, time remaining: 1m 45s
Rendered 17009/18000, time remaining: 1m 44s
Rendered 17010/18000, time remaining: 1m 44s
Rendered 17011/18000, time remaining: 1m 46s
Rendered 17012/18000, time remaining: 1m 45s
Rendered 17013/18000, time remaining: 1m 44s
Rendered 17014/18000, time remaining: 1m 44s
Rendered 17015/18000, time remaining: 1m 45s
Rendered 17016/18000, time remaining: 1m 45s
Rendered 17017/18000, time remaining: 1m 44s
Rendered 17018/18000, time remaining: 1m 44s
Rendered 17019/18000, time remaining: 1m 45s
Rendered 17020/18000, time remaining: 1m 45s
Rendered 17021/18000, time remaining: 1m 44s
Rendered 17022/18000, time remaining: 1m 44s
Rendered 17023/18000, time remaining: 1m 44s
Rendered 17024/18000, time remaining: 1m 45s
Rendered 17025/18000, time remaining: 1m 44s
Rendered 17026/18000, time remaining: 1m 44s
Rendered 17027/18000, time remaining: 1m 44s
Rendered 17028/18000, time remaining: 1m 44s
Rendered 17029/18000, time remaining: 1m 44s
Rendered 17030/18000, time remaining: 1m 44s
Rendered 17031/18000, time remaining: 1m 43s
Rendered 17032/18000, time remaining: 1m 43s
Rendered 17033/18000, time remaining: 1m 43s
Rendered 17034/18000, time remaining: 1m 43s
Rendered 17035/18000, time remaining: 1m 42s
Rendered 17036/18000, time remaining: 1m 42s
Rendered 17037/18000, time remaining: 1m 42s
Rendered 17038/18000, time remaining: 1m 42s
Rendered 17039/18000, time remaining: 1m 41s
Rendered 17040/18000, time remaining: 1m 41s
Rendered 17041/18000, time remaining: 1m 42s
Rendered 17042/18000, time remaining: 1m 42s
Rendered 17043/18000, time remaining: 1m 42s
Rendered 17044/18000, time remaining: 1m 42s
Rendered 17045/18000, time remaining: 1m 42s
Rendered 17046/18000, time remaining: 1m 42s
Rendered 17047/18000, time remaining: 1m 43s
Rendered 17048/18000, time remaining: 1m 43s
Rendered 17049/18000, time remaining: 1m 42s
Rendered 17050/18000, time remaining: 1m 42s
Rendered 17051/18000, time remaining: 1m 43s
Rendered 17052/18000, time remaining: 1m 43s
Rendered 17053/18000, time remaining: 1m 42s
Rendered 17054/18000, time remaining: 1m 42s
Rendered 17055/18000, time remaining: 1m 42s
Rendered 17056/18000, time remaining: 1m 42s
Rendered 17057/18000, time remaining: 1m 41s
Rendered 17058/18000, time remaining: 1m 41s
Rendered 17059/18000, time remaining: 1m 41s
Rendered 17060/18000, time remaining: 1m 41s
Rendered 17061/18000, time remaining: 1m 39s
Rendered 17062/18000, time remaining: 1m 39s
Rendered 17063/18000, time remaining: 1m 39s
Rendered 17064/18000, time remaining: 1m 40s
Rendered 17065/18000, time remaining: 1m 38s
Rendered 17066/18000, time remaining: 1m 38s
Rendered 17067/18000, time remaining: 1m 39s
Rendered 17068/18000, time remaining: 1m 38s
Rendered 17069/18000, time remaining: 1m 36s
Rendered 17070/18000, time remaining: 1m 37s
Rendered 17071/18000, time remaining: 1m 37s
Rendered 17072/18000, time remaining: 1m 38s
Rendered 17073/18000, time remaining: 1m 36s
Rendered 17074/18000, time remaining: 1m 36s
Rendered 17075/18000, time remaining: 1m 36s
Rendered 17076/18000, time remaining: 1m 37s
Rendered 17077/18000, time remaining: 1m 35s
Rendered 17078/18000, time remaining: 1m 35s
Rendered 17079/18000, time remaining: 1m 35s
Rendered 17080/18000, time remaining: 1m 35s
Rendered 17081/18000, time remaining: 1m 35s
Rendered 17082/18000, time remaining: 1m 35s
Rendered 17083/18000, time remaining: 1m 35s
Rendered 17084/18000, time remaining: 1m 35s
Rendered 17085/18000, time remaining: 1m 33s
Rendered 17086/18000, time remaining: 1m 34s
Rendered 17087/18000, time remaining: 1m 34s
Rendered 17088/18000, time remaining: 1m 33s
Rendered 17089/18000, time remaining: 1m 33s
Rendered 17090/18000, time remaining: 1m 33s
Rendered 17091/18000, time remaining: 1m 33s
Rendered 17092/18000, time remaining: 1m 33s
Rendered 17093/18000, time remaining: 1m 32s
Rendered 17094/18000, time remaining: 1m 32s
Rendered 17095/18000, time remaining: 1m 32s
Rendered 17096/18000, time remaining: 1m 32s
Rendered 17097/18000, time remaining: 1m 31s
Rendered 17098/18000, time remaining: 1m 31s
Rendered 17099/18000, time remaining: 1m 31s
Rendered 17100/18000, time remaining: 1m 32s
Rendered 17101/18000, time remaining: 1m 30s
Rendered 17102/18000, time remaining: 1m 30s
Rendered 17103/18000, time remaining: 1m 30s
Rendered 17104/18000, time remaining: 1m 30s
Rendered 17105/18000, time remaining: 1m 30s
Rendered 17106/18000, time remaining: 1m 29s
Rendered 17107/18000, time remaining: 1m 29s
Rendered 17108/18000, time remaining: 1m 29s
Rendered 17109/18000, time remaining: 1m 30s
Rendered 17110/18000, time remaining: 1m 28s
Rendered 17111/18000, time remaining: 1m 28s
Rendered 17112/18000, time remaining: 1m 28s
Rendered 17113/18000, time remaining: 1m 29s
Rendered 17114/18000, time remaining: 1m 28s
Rendered 17115/18000, time remaining: 1m 27s
Rendered 17116/18000, time remaining: 1m 27s
Rendered 17117/18000, time remaining: 1m 28s
Rendered 17118/18000, time remaining: 1m 27s
Rendered 17119/18000, time remaining: 1m 26s
Rendered 17120/18000, time remaining: 1m 26s
Rendered 17121/18000, time remaining: 1m 27s
Rendered 17122/18000, time remaining: 1m 26s
Rendered 17123/18000, time remaining: 1m 25s
Rendered 17124/18000, time remaining: 1m 25s
Rendered 17125/18000, time remaining: 1m 25s
Rendered 17126/18000, time remaining: 1m 25s
Rendered 17127/18000, time remaining: 1m 24s
Rendered 17128/18000, time remaining: 1m 24s
Rendered 17129/18000, time remaining: 1m 24s
Rendered 17130/18000, time remaining: 1m 25s
Rendered 17131/18000, time remaining: 1m 24s
Rendered 17132/18000, time remaining: 1m 24s
Rendered 17133/18000, time remaining: 1m 24s
Rendered 17134/18000, time remaining: 1m 24s
Rendered 17135/18000, time remaining: 1m 24s
Rendered 17136/18000, time remaining: 1m 23s
Rendered 17137/18000, time remaining: 1m 23s
Rendered 17138/18000, time remaining: 1m 23s
Rendered 17139/18000, time remaining: 1m 23s
Rendered 17140/18000, time remaining: 1m 23s
Rendered 17141/18000, time remaining: 1m 23s
Rendered 17142/18000, time remaining: 1m 23s
Rendered 17143/18000, time remaining: 1m 22s
Rendered 17144/18000, time remaining: 1m 22s
Rendered 17145/18000, time remaining: 1m 22s
Rendered 17146/18000, time remaining: 1m 22s
Rendered 17147/18000, time remaining: 1m 22s
Rendered 17148/18000, time remaining: 1m 22s
Rendered 17149/18000, time remaining: 1m 22s
Rendered 17150/18000, time remaining: 1m 22s
Rendered 17151/18000, time remaining: 1m 22s
Rendered 17152/18000, time remaining: 1m 23s
Rendered 17153/18000, time remaining: 1m 21s
Rendered 17154/18000, time remaining: 1m 21s
Rendered 17155/18000, time remaining: 1m 21s
Rendered 17156/18000, time remaining: 1m 22s
Rendered 17157/18000, time remaining: 1m 20s
Rendered 17158/18000, time remaining: 1m 20s
Rendered 17159/18000, time remaining: 1m 20s
Rendered 17160/18000, time remaining: 1m 21s
Rendered 17161/18000, time remaining: 1m 20s
Rendered 17162/18000, time remaining: 1m 19s
Rendered 17163/18000, time remaining: 1m 19s
Rendered 17164/18000, time remaining: 1m 20s
Rendered 17165/18000, time remaining: 1m 19s
Rendered 17166/18000, time remaining: 1m 19s
Rendered 17167/18000, time remaining: 1m 19s
Rendered 17168/18000, time remaining: 1m 19s
Rendered 17169/18000, time remaining: 1m 19s
Rendered 17170/18000, time remaining: 1m 18s
Rendered 17171/18000, time remaining: 1m 18s
Rendered 17172/18000, time remaining: 1m 18s
Rendered 17173/18000, time remaining: 1m 19s
Rendered 17174/18000, time remaining: 1m 18s
Rendered 17175/18000, time remaining: 1m 18s
Rendered 17176/18000, time remaining: 1m 17s
Rendered 17177/18000, time remaining: 1m 19s
Rendered 17178/18000, time remaining: 1m 18s
Rendered 17179/18000, time remaining: 1m 18s
Rendered 17180/18000, time remaining: 1m 17s
Rendered 17181/18000, time remaining: 1m 18s
Rendered 17182/18000, time remaining: 1m 18s
Rendered 17183/18000, time remaining: 1m 18s
Rendered 17184/18000, time remaining: 1m 17s
Rendered 17185/18000, time remaining: 1m 18s
Rendered 17186/18000, time remaining: 1m 18s
Rendered 17187/18000, time remaining: 1m 18s
Rendered 17188/18000, time remaining: 1m 18s
Rendered 17189/18000, time remaining: 1m 19s
Rendered 17190/18000, time remaining: 1m 18s
Rendered 17191/18000, time remaining: 1m 18s
Rendered 17192/18000, time remaining: 1m 17s
Rendered 17193/18000, time remaining: 1m 17s
Rendered 17194/18000, time remaining: 1m 18s
Rendered 17195/18000, time remaining: 1m 18s
Rendered 17196/18000, time remaining: 1m 17s
Rendered 17197/18000, time remaining: 1m 16s
Rendered 17198/18000, time remaining: 1m 17s
Rendered 17199/18000, time remaining: 1m 17s
Rendered 17200/18000, time remaining: 1m 17s
Rendered 17201/18000, time remaining: 1m 16s
Rendered 17202/18000, time remaining: 1m 16s
Rendered 17203/18000, time remaining: 1m 16s
Rendered 17204/18000, time remaining: 1m 16s
Rendered 17205/18000, time remaining: 1m 16s
Rendered 17206/18000, time remaining: 1m 16s
Rendered 17207/18000, time remaining: 1m 16s
Rendered 17208/18000, time remaining: 1m 16s
Rendered 17209/18000, time remaining: 1m 16s
Rendered 17210/18000, time remaining: 1m 17s
Rendered 17211/18000, time remaining: 1m 16s
Rendered 17212/18000, time remaining: 1m 16s
Rendered 17213/18000, time remaining: 1m 16s
Rendered 17214/18000, time remaining: 1m 17s
Rendered 17215/18000, time remaining: 1m 17s
Rendered 17216/18000, time remaining: 1m 16s
Rendered 17217/18000, time remaining: 1m 16s
Rendered 17218/18000, time remaining: 1m 17s
Rendered 17219/18000, time remaining: 1m 17s
Rendered 17220/18000, time remaining: 1m 16s
Rendered 17221/18000, time remaining: 1m 16s
Rendered 17222/18000, time remaining: 1m 17s
Rendered 17223/18000, time remaining: 1m 17s
Rendered 17224/18000, time remaining: 1m 16s
Rendered 17225/18000, time remaining: 1m 16s
Rendered 17226/18000, time remaining: 1m 17s
Rendered 17227/18000, time remaining: 1m 16s
Rendered 17228/18000, time remaining: 1m 17s
Rendered 17229/18000, time remaining: 1m 16s
Rendered 17230/18000, time remaining: 1m 17s
Rendered 17231/18000, time remaining: 1m 16s
Rendered 17232/18000, time remaining: 1m 16s
Rendered 17233/18000, time remaining: 1m 16s
Rendered 17234/18000, time remaining: 1m 17s
Rendered 17235/18000, time remaining: 1m 16s
Rendered 17236/18000, time remaining: 1m 17s
Rendered 17237/18000, time remaining: 1m 16s
Rendered 17238/18000, time remaining: 1m 16s
Rendered 17239/18000, time remaining: 1m 16s
Rendered 17240/18000, time remaining: 1m 16s
Rendered 17241/18000, time remaining: 1m 16s
Rendered 17242/18000, time remaining: 1m 16s
Rendered 17243/18000, time remaining: 1m 16s
Rendered 17244/18000, time remaining: 1m 16s
Rendered 17245/18000, time remaining: 1m 16s
Rendered 17246/18000, time remaining: 1m 16s
Rendered 17247/18000, time remaining: 1m 15s
Rendered 17248/18000, time remaining: 1m 16s
Rendered 17249/18000, time remaining: 1m 16s
Rendered 17250/18000, time remaining: 1m 16s
Rendered 17251/18000, time remaining: 1m 15s
Rendered 17252/18000, time remaining: 1m 16s
Rendered 17253/18000, time remaining: 1m 16s
Rendered 17254/18000, time remaining: 1m 16s
Rendered 17255/18000, time remaining: 1m 16s
Rendered 17256/18000, time remaining: 1m 16s
Rendered 17257/18000, time remaining: 1m 16s
Rendered 17258/18000, time remaining: 1m 16s
Rendered 17259/18000, time remaining: 1m 15s
Rendered 17260/18000, time remaining: 1m 16s
Rendered 17261/18000, time remaining: 1m 16s
Rendered 17262/18000, time remaining: 1m 16s
Rendered 17263/18000, time remaining: 1m 15s
Rendered 17264/18000, time remaining: 1m 15s
Rendered 17265/18000, time remaining: 1m 15s
Rendered 17266/18000, time remaining: 1m 16s
Rendered 17267/18000, time remaining: 1m 15s
Rendered 17268/18000, time remaining: 1m 15s
Rendered 17269/18000, time remaining: 1m 15s
Rendered 17270/18000, time remaining: 1m 15s
Rendered 17271/18000, time remaining: 1m 15s
Rendered 17272/18000, time remaining: 1m 14s
Rendered 17273/18000, time remaining: 1m 15s
Rendered 17274/18000, time remaining: 1m 15s
Rendered 17275/18000, time remaining: 1m 15s
Rendered 17276/18000, time remaining: 1m 14s
Rendered 17277/18000, time remaining: 1m 14s
Rendered 17278/18000, time remaining: 1m 14s
Rendered 17279/18000, time remaining: 1m 14s
Rendered 17280/18000, time remaining: 1m 14s
Rendered 17281/18000, time remaining: 1m 14s
Rendered 17282/18000, time remaining: 1m 13s
Rendered 17283/18000, time remaining: 1m 13s
Rendered 17284/18000, time remaining: 1m 13s
Rendered 17285/18000, time remaining: 1m 13s
Rendered 17286/18000, time remaining: 1m 13s
Rendered 17287/18000, time remaining: 1m 13s
Rendered 17288/18000, time remaining: 1m 13s
Rendered 17289/18000, time remaining: 1m 13s
Rendered 17290/18000, time remaining: 1m 12s
Rendered 17291/18000, time remaining: 1m 12s
Rendered 17292/18000, time remaining: 1m 12s
Rendered 17293/18000, time remaining: 1m 12s
Rendered 17294/18000, time remaining: 1m 11s
Rendered 17295/18000, time remaining: 1m 11s
Rendered 17296/18000, time remaining: 1m 11s
Rendered 17297/18000, time remaining: 1m 12s
Rendered 17298/18000, time remaining: 1m 11s
Rendered 17299/18000, time remaining: 1m 11s
Rendered 17300/18000, time remaining: 1m 10s
Rendered 17301/18000, time remaining: 1m 12s
Rendered 17302/18000, time remaining: 1m 10s
Rendered 17303/18000, time remaining: 1m 10s
Rendered 17304/18000, time remaining: 1m 10s
Rendered 17305/18000, time remaining: 1m 11s
Rendered 17306/18000, time remaining: 1m 10s
Rendered 17307/18000, time remaining: 1m 10s
Rendered 17308/18000, time remaining: 1m 10s
Rendered 17309/18000, time remaining: 1m 11s
Rendered 17310/18000, time remaining: 1m 10s
Rendered 17311/18000, time remaining: 1m 10s
Rendered 17312/18000, time remaining: 1m 14s
Rendered 17313/18000, time remaining: 1m 13s
Rendered 17314/18000, time remaining: 1m 13s
Rendered 17315/18000, time remaining: 1m 16s
Rendered 17316/18000, time remaining: 1m 16s
Rendered 17317/18000, time remaining: 1m 16s
Rendered 17318/18000, time remaining: 1m 16s
Rendered 17319/18000, time remaining: 1m 16s
Rendered 17320/18000, time remaining: 1m 16s
Rendered 17321/18000, time remaining: 1m 17s
Rendered 17322/18000, time remaining: 1m 16s
Rendered 17323/18000, time remaining: 1m 16s
Rendered 17324/18000, time remaining: 1m 16s
Rendered 17325/18000, time remaining: 1m 16s
Rendered 17326/18000, time remaining: 1m 17s
Rendered 17327/18000, time remaining: 1m 16s
Rendered 17328/18000, time remaining: 1m 16s
Rendered 17329/18000, time remaining: 1m 16s
Rendered 17330/18000, time remaining: 1m 16s
Rendered 17331/18000, time remaining: 1m 15s
Rendered 17332/18000, time remaining: 1m 15s
Rendered 17333/18000, time remaining: 1m 16s
Rendered 17334/18000, time remaining: 1m 17s
Rendered 17335/18000, time remaining: 1m 15s
Rendered 17336/18000, time remaining: 1m 15s
Rendered 17337/18000, time remaining: 1m 16s
Rendered 17338/18000, time remaining: 1m 16s
Rendered 17339/18000, time remaining: 1m 15s
Rendered 17340/18000, time remaining: 1m 15s
Rendered 17341/18000, time remaining: 1m 16s
Rendered 17342/18000, time remaining: 1m 16s
Rendered 17343/18000, time remaining: 1m 15s
Rendered 17344/18000, time remaining: 1m 14s
Rendered 17345/18000, time remaining: 1m 15s
Rendered 17346/18000, time remaining: 1m 15s
Rendered 17347/18000, time remaining: 1m 16s
Rendered 17348/18000, time remaining: 1m 15s
Rendered 17349/18000, time remaining: 1m 14s
Rendered 17350/18000, time remaining: 1m 15s
Rendered 17351/18000, time remaining: 1m 15s
Rendered 17352/18000, time remaining: 1m 14s
Rendered 17353/18000, time remaining: 1m 15s
Rendered 17354/18000, time remaining: 1m 15s
Rendered 17355/18000, time remaining: 1m 14s
Rendered 17356/18000, time remaining: 1m 14s
Rendered 17357/18000, time remaining: 1m 14s
Rendered 17358/18000, time remaining: 1m 14s
Rendered 17359/18000, time remaining: 1m 14s
Rendered 17360/18000, time remaining: 1m 13s
Rendered 17361/18000, time remaining: 1m 13s
Rendered 17362/18000, time remaining: 1m 14s
Rendered 17363/18000, time remaining: 1m 14s
Rendered 17364/18000, time remaining: 1m 13s
Rendered 17365/18000, time remaining: 1m 14s
Rendered 17366/18000, time remaining: 1m 14s
Rendered 17367/18000, time remaining: 1m 14s
Rendered 17368/18000, time remaining: 1m 13s
Rendered 17369/18000, time remaining: 1m 13s
Rendered 17370/18000, time remaining: 1m 14s
Rendered 17371/18000, time remaining: 1m 14s
Rendered 17372/18000, time remaining: 1m 13s
Rendered 17373/18000, time remaining: 1m 13s
Rendered 17374/18000, time remaining: 1m 13s
Rendered 17375/18000, time remaining: 1m 13s
Rendered 17376/18000, time remaining: 1m 12s
Rendered 17377/18000, time remaining: 1m 12s
Rendered 17378/18000, time remaining: 1m 12s
Rendered 17379/18000, time remaining: 1m 13s
Rendered 17380/18000, time remaining: 1m 12s
Rendered 17381/18000, time remaining: 1m 12s
Rendered 17382/18000, time remaining: 1m 12s
Rendered 17383/18000, time remaining: 1m 12s
Rendered 17384/18000, time remaining: 1m 11s
Rendered 17385/18000, time remaining: 1m 11s
Rendered 17386/18000, time remaining: 1m 11s
Rendered 17387/18000, time remaining: 1m 11s
Rendered 17388/18000, time remaining: 1m 11s
Rendered 17389/18000, time remaining: 1m 11s
Rendered 17390/18000, time remaining: 1m 10s
Rendered 17391/18000, time remaining: 1m 10s
Rendered 17392/18000, time remaining: 1m 10s
Rendered 17393/18000, time remaining: 1m 11s
Rendered 17394/18000, time remaining: 1m 11s
Rendered 17395/18000, time remaining: 1m 11s
Rendered 17396/18000, time remaining: 1m 11s
Rendered 17397/18000, time remaining: 1m 11s
Rendered 17398/18000, time remaining: 1m 11s
Rendered 17399/18000, time remaining: 1m 11s
Rendered 17400/18000, time remaining: 1m 11s
Rendered 17401/18000, time remaining: 1m 10s
Rendered 17402/18000, time remaining: 1m 11s
Rendered 17403/18000, time remaining: 1m 10s
Rendered 17404/18000, time remaining: 1m 10s
Rendered 17405/18000, time remaining: 1m 10s
Rendered 17406/18000, time remaining: 1m 11s
Rendered 17407/18000, time remaining: 1m 11s
Rendered 17408/18000, time remaining: 1m 11s
Rendered 17409/18000, time remaining: 1m 10s
Rendered 17410/18000, time remaining: 1m 11s
Rendered 17411/18000, time remaining: 1m 10s
Rendered 17412/18000, time remaining: 1m 10s
Rendered 17413/18000, time remaining: 1m 10s
Rendered 17414/18000, time remaining: 1m 10s
Rendered 17415/18000, time remaining: 1m 11s
Rendered 17416/18000, time remaining: 1m 10s
Rendered 17417/18000, time remaining: 1m 10s
Rendered 17418/18000, time remaining: 1m 10s
Rendered 17419/18000, time remaining: 1m 10s
Rendered 17420/18000, time remaining: 1m 10s
Rendered 17421/18000, time remaining: 1m 10s
Rendered 17422/18000, time remaining: 1m 10s
Rendered 17423/18000, time remaining: 1m 10s
Rendered 17424/18000, time remaining: 1m 10s
Rendered 17425/18000, time remaining: 1m 10s
Rendered 17426/18000, time remaining: 1m 10s
Rendered 17427/18000, time remaining: 1m 10s
Rendered 17428/18000, time remaining: 1m 9s
Rendered 17429/18000, time remaining: 1m 10s
Rendered 17430/18000, time remaining: 1m 9s
Rendered 17431/18000, time remaining: 1m 9s
Rendered 17432/18000, time remaining: 1m 9s
Rendered 17433/18000, time remaining: 1m 10s
Rendered 17434/18000, time remaining: 1m 9s
Rendered 17435/18000, time remaining: 1m 9s
Rendered 17436/18000, time remaining: 1m 9s
Rendered 17437/18000, time remaining: 1m 9s
Rendered 17438/18000, time remaining: 1m 9s
Rendered 17439/18000, time remaining: 1m 9s
Rendered 17440/18000, time remaining: 1m 9s
Rendered 17441/18000, time remaining: 1m 9s
Rendered 17442/18000, time remaining: 1m 9s
Rendered 17443/18000, time remaining: 1m 9s
Rendered 17444/18000, time remaining: 1m 9s
Rendered 17445/18000, time remaining: 1m 8s
Rendered 17446/18000, time remaining: 1m 8s
Rendered 17447/18000, time remaining: 1m 8s
Rendered 17448/18000, time remaining: 1m 9s
Rendered 17449/18000, time remaining: 1m 8s
Rendered 17450/18000, time remaining: 1m 8s
Rendered 17451/18000, time remaining: 1m 8s
Rendered 17452/18000, time remaining: 1m 8s
Rendered 17453/18000, time remaining: 1m 8s
Rendered 17454/18000, time remaining: 1m 8s
Rendered 17455/18000, time remaining: 1m 7s
Rendered 17456/18000, time remaining: 1m 8s
Rendered 17457/18000, time remaining: 1m 8s
Rendered 17458/18000, time remaining: 1m 8s
Rendered 17459/18000, time remaining: 1m 7s
Rendered 17460/18000, time remaining: 1m 8s
Rendered 17461/18000, time remaining: 1m 8s
Rendered 17462/18000, time remaining: 1m 4s
Rendered 17463/18000, time remaining: 1m 4s
Rendered 17464/18000, time remaining: 1m 5s
Rendered 17465/18000, time remaining: 1m 2s
Rendered 17466/18000, time remaining: 1m 2s
Rendered 17467/18000, time remaining: 1m 2s
Rendered 17468/18000, time remaining: 1m 3s
Rendered 17469/18000, time remaining: 1m 2s
Rendered 17470/18000, time remaining: 1m 1s
Rendered 17471/18000, time remaining: 1m 1s
Rendered 17472/18000, time remaining: 1m 2s
Rendered 17473/18000, time remaining: 1m 1s
Rendered 17474/18000, time remaining: 1m 1s
Rendered 17475/18000, time remaining: 1m 1s
Rendered 17476/18000, time remaining: 1m 1s
Rendered 17477/18000, time remaining: 1m 1s
Rendered 17478/18000, time remaining: 1m 1s
Rendered 17479/18000, time remaining: 1m 1s
Rendered 17480/18000, time remaining: 1m 1s
Rendered 17481/18000, time remaining: 1m 1s
Rendered 17482/18000, time remaining: 1m 0s
Rendered 17483/18000, time remaining: 59s
Rendered 17484/18000, time remaining: 1m 0s
Rendered 17485/18000, time remaining: 59s
Rendered 17486/18000, time remaining: 59s
Rendered 17487/18000, time remaining: 58s
Rendered 17488/18000, time remaining: 59s
Rendered 17489/18000, time remaining: 59s
Rendered 17490/18000, time remaining: 59s
Rendered 17491/18000, time remaining: 58s
Rendered 17492/18000, time remaining: 59s
Rendered 17493/18000, time remaining: 59s
Rendered 17494/18000, time remaining: 59s
Rendered 17495/18000, time remaining: 58s
Rendered 17496/18000, time remaining: 58s
Rendered 17497/18000, time remaining: 58s
Rendered 17498/18000, time remaining: 58s
Rendered 17499/18000, time remaining: 58s
Rendered 17500/18000, time remaining: 58s
Rendered 17501/18000, time remaining: 57s
Rendered 17502/18000, time remaining: 58s
Rendered 17503/18000, time remaining: 57s
Rendered 17504/18000, time remaining: 57s
Rendered 17505/18000, time remaining: 57s
Rendered 17506/18000, time remaining: 57s
Rendered 17507/18000, time remaining: 57s
Rendered 17508/18000, time remaining: 57s
Rendered 17509/18000, time remaining: 57s
Rendered 17510/18000, time remaining: 57s
Rendered 17511/18000, time remaining: 57s
Rendered 17512/18000, time remaining: 56s
Rendered 17513/18000, time remaining: 56s
Rendered 17514/18000, time remaining: 56s
Rendered 17515/18000, time remaining: 55s
Rendered 17516/18000, time remaining: 55s
Rendered 17517/18000, time remaining: 55s
Rendered 17518/18000, time remaining: 55s
Rendered 17519/18000, time remaining: 55s
Rendered 17520/18000, time remaining: 55s
Rendered 17521/18000, time remaining: 54s
Rendered 17522/18000, time remaining: 55s
Rendered 17523/18000, time remaining: 55s
Rendered 17524/18000, time remaining: 55s
Rendered 17525/18000, time remaining: 54s
Rendered 17526/18000, time remaining: 54s
Rendered 17527/18000, time remaining: 54s
Rendered 17528/18000, time remaining: 54s
Rendered 17529/18000, time remaining: 54s
Rendered 17530/18000, time remaining: 54s
Rendered 17531/18000, time remaining: 53s
Rendered 17532/18000, time remaining: 54s
Rendered 17533/18000, time remaining: 54s
Rendered 17534/18000, time remaining: 54s
Rendered 17535/18000, time remaining: 54s
Rendered 17536/18000, time remaining: 54s
Rendered 17537/18000, time remaining: 54s
Rendered 17538/18000, time remaining: 53s
Rendered 17539/18000, time remaining: 53s
Rendered 17540/18000, time remaining: 53s
Rendered 17541/18000, time remaining: 53s
Rendered 17542/18000, time remaining: 53s
Rendered 17543/18000, time remaining: 52s
Rendered 17544/18000, time remaining: 52s
Rendered 17545/18000, time remaining: 52s
Rendered 17546/18000, time remaining: 52s
Rendered 17547/18000, time remaining: 53s
Rendered 17548/18000, time remaining: 51s
Rendered 17549/18000, time remaining: 52s
Rendered 17550/18000, time remaining: 51s
Rendered 17551/18000, time remaining: 52s
Rendered 17552/18000, time remaining: 51s
Rendered 17553/18000, time remaining: 51s
Rendered 17554/18000, time remaining: 51s
Rendered 17555/18000, time remaining: 51s
Rendered 17556/18000, time remaining: 50s
Rendered 17557/18000, time remaining: 50s
Rendered 17558/18000, time remaining: 50s
Rendered 17559/18000, time remaining: 50s
Rendered 17560/18000, time remaining: 49s
Rendered 17561/18000, time remaining: 49s
Rendered 17562/18000, time remaining: 49s
Rendered 17563/18000, time remaining: 50s
Rendered 17564/18000, time remaining: 49s
Rendered 17565/18000, time remaining: 49s
Rendered 17566/18000, time remaining: 49s
Rendered 17567/18000, time remaining: 49s
Rendered 17568/18000, time remaining: 49s
Rendered 17569/18000, time remaining: 48s
Rendered 17570/18000, time remaining: 48s
Rendered 17571/18000, time remaining: 49s
Rendered 17572/18000, time remaining: 49s
Rendered 17573/18000, time remaining: 48s
Rendered 17574/18000, time remaining: 48s
Rendered 17575/18000, time remaining: 48s
Rendered 17576/18000, time remaining: 48s
Rendered 17577/18000, time remaining: 48s
Rendered 17578/18000, time remaining: 48s
Rendered 17579/18000, time remaining: 47s
Rendered 17580/18000, time remaining: 48s
Rendered 17581/18000, time remaining: 48s
Rendered 17582/18000, time remaining: 48s
Rendered 17583/18000, time remaining: 47s
Rendered 17584/18000, time remaining: 47s
Rendered 17585/18000, time remaining: 47s
Rendered 17586/18000, time remaining: 47s
Rendered 17587/18000, time remaining: 47s
Rendered 17588/18000, time remaining: 47s
Rendered 17589/18000, time remaining: 47s
Rendered 17590/18000, time remaining: 47s
Rendered 17591/18000, time remaining: 47s
Rendered 17592/18000, time remaining: 47s
Rendered 17593/18000, time remaining: 47s
Rendered 17594/18000, time remaining: 46s
Rendered 17595/18000, time remaining: 46s
Rendered 17596/18000, time remaining: 46s
Rendered 17597/18000, time remaining: 46s
Rendered 17598/18000, time remaining: 46s
Rendered 17599/18000, time remaining: 46s
Rendered 17600/18000, time remaining: 46s
Rendered 17601/18000, time remaining: 45s
Rendered 17602/18000, time remaining: 45s
Rendered 17603/18000, time remaining: 45s
Rendered 17604/18000, time remaining: 45s
Rendered 17605/18000, time remaining: 45s
Rendered 17606/18000, time remaining: 44s
Rendered 17607/18000, time remaining: 45s
Rendered 17608/18000, time remaining: 45s
Rendered 17609/18000, time remaining: 45s
Rendered 17610/18000, time remaining: 44s
Rendered 17611/18000, time remaining: 44s
Rendered 17612/18000, time remaining: 44s
Rendered 17613/18000, time remaining: 44s
Rendered 17614/18000, time remaining: 43s
Rendered 17615/18000, time remaining: 43s
Rendered 17616/18000, time remaining: 43s
Rendered 17617/18000, time remaining: 43s
Rendered 17618/18000, time remaining: 42s
Rendered 17619/18000, time remaining: 42s
Rendered 17620/18000, time remaining: 42s
Rendered 17621/18000, time remaining: 42s
Rendered 17622/18000, time remaining: 42s
Rendered 17623/18000, time remaining: 42s
Rendered 17624/18000, time remaining: 42s
Rendered 17625/18000, time remaining: 41s
Rendered 17626/18000, time remaining: 41s
Rendered 17627/18000, time remaining: 41s
Rendered 17628/18000, time remaining: 41s
Rendered 17629/18000, time remaining: 41s
Rendered 17630/18000, time remaining: 40s
Rendered 17631/18000, time remaining: 41s
Rendered 17632/18000, time remaining: 41s
Rendered 17633/18000, time remaining: 41s
Rendered 17634/18000, time remaining: 40s
Rendered 17635/18000, time remaining: 40s
Rendered 17636/18000, time remaining: 40s
Rendered 17637/18000, time remaining: 40s
Rendered 17638/18000, time remaining: 39s
Rendered 17639/18000, time remaining: 40s
Rendered 17640/18000, time remaining: 39s
Rendered 17641/18000, time remaining: 39s
Rendered 17642/18000, time remaining: 39s
Rendered 17643/18000, time remaining: 39s
Rendered 17644/18000, time remaining: 39s
Rendered 17645/18000, time remaining: 39s
Rendered 17646/18000, time remaining: 38s
Rendered 17647/18000, time remaining: 39s
Rendered 17648/18000, time remaining: 38s
Rendered 17649/18000, time remaining: 38s
Rendered 17650/18000, time remaining: 38s
Rendered 17651/18000, time remaining: 38s
Rendered 17652/18000, time remaining: 38s
Rendered 17653/18000, time remaining: 37s
Rendered 17654/18000, time remaining: 37s
Rendered 17655/18000, time remaining: 37s
Rendered 17656/18000, time remaining: 37s
Rendered 17657/18000, time remaining: 37s
Rendered 17658/18000, time remaining: 37s
Rendered 17659/18000, time remaining: 37s
Rendered 17660/18000, time remaining: 36s
Rendered 17661/18000, time remaining: 36s
Rendered 17662/18000, time remaining: 36s
Rendered 17663/18000, time remaining: 36s
Rendered 17664/18000, time remaining: 36s
Rendered 17665/18000, time remaining: 36s
Rendered 17666/18000, time remaining: 36s
Rendered 17667/18000, time remaining: 36s
Rendered 17668/18000, time remaining: 35s
Rendered 17669/18000, time remaining: 35s
Rendered 17670/18000, time remaining: 35s
Rendered 17671/18000, time remaining: 35s
Rendered 17672/18000, time remaining: 35s
Rendered 17673/18000, time remaining: 35s
Rendered 17674/18000, time remaining: 35s
Rendered 17675/18000, time remaining: 35s
Rendered 17676/18000, time remaining: 35s
Rendered 17677/18000, time remaining: 34s
Rendered 17678/18000, time remaining: 34s
Rendered 17679/18000, time remaining: 34s
Rendered 17680/18000, time remaining: 34s
Rendered 17681/18000, time remaining: 34s
Rendered 17682/18000, time remaining: 33s
Rendered 17683/18000, time remaining: 33s
Rendered 17684/18000, time remaining: 33s
Rendered 17685/18000, time remaining: 33s
Rendered 17686/18000, time remaining: 33s
Rendered 17687/18000, time remaining: 33s
Rendered 17688/18000, time remaining: 33s
Rendered 17689/18000, time remaining: 33s
Rendered 17690/18000, time remaining: 33s
Rendered 17691/18000, time remaining: 32s
Rendered 17692/18000, time remaining: 32s
Rendered 17693/18000, time remaining: 32s
Rendered 17694/18000, time remaining: 32s
Rendered 17695/18000, time remaining: 32s
Rendered 17696/18000, time remaining: 32s
Rendered 17697/18000, time remaining: 31s
Rendered 17698/18000, time remaining: 31s
Rendered 17699/18000, time remaining: 31s
Rendered 17700/18000, time remaining: 31s
Rendered 17701/18000, time remaining: 31s
Rendered 17702/18000, time remaining: 31s
Rendered 17703/18000, time remaining: 31s
Rendered 17704/18000, time remaining: 31s
Rendered 17705/18000, time remaining: 31s
Rendered 17706/18000, time remaining: 31s
Rendered 17707/18000, time remaining: 31s
Rendered 17708/18000, time remaining: 31s
Rendered 17709/18000, time remaining: 30s
Rendered 17710/18000, time remaining: 30s
Rendered 17711/18000, time remaining: 30s
Rendered 17712/18000, time remaining: 30s
Rendered 17713/18000, time remaining: 30s
Rendered 17714/18000, time remaining: 29s
Rendered 17715/18000, time remaining: 30s
Rendered 17716/18000, time remaining: 30s
Rendered 17717/18000, time remaining: 29s
Rendered 17718/18000, time remaining: 29s
Rendered 17719/18000, time remaining: 29s
Rendered 17720/18000, time remaining: 29s
Rendered 17721/18000, time remaining: 29s
Rendered 17722/18000, time remaining: 29s
Rendered 17723/18000, time remaining: 29s
Rendered 17724/18000, time remaining: 29s
Rendered 17725/18000, time remaining: 28s
Rendered 17726/18000, time remaining: 28s
Rendered 17727/18000, time remaining: 28s
Rendered 17728/18000, time remaining: 28s
Rendered 17729/18000, time remaining: 28s
Rendered 17730/18000, time remaining: 28s
Rendered 17731/18000, time remaining: 28s
Rendered 17732/18000, time remaining: 27s
Rendered 17733/18000, time remaining: 28s
Rendered 17734/18000, time remaining: 27s
Rendered 17735/18000, time remaining: 27s
Rendered 17736/18000, time remaining: 27s
Rendered 17737/18000, time remaining: 27s
Rendered 17738/18000, time remaining: 26s
Rendered 17739/18000, time remaining: 26s
Rendered 17740/18000, time remaining: 26s
Rendered 17741/18000, time remaining: 27s
Rendered 17742/18000, time remaining: 26s
Rendered 17743/18000, time remaining: 26s
Rendered 17744/18000, time remaining: 26s
Rendered 17745/18000, time remaining: 26s
Rendered 17746/18000, time remaining: 26s
Rendered 17747/18000, time remaining: 26s
Rendered 17748/18000, time remaining: 26s
Rendered 17749/18000, time remaining: 26s
Rendered 17750/18000, time remaining: 26s
Rendered 17751/18000, time remaining: 25s
Rendered 17752/18000, time remaining: 25s
Rendered 17753/18000, time remaining: 25s
Rendered 17754/18000, time remaining: 25s
Rendered 17755/18000, time remaining: 25s
Rendered 17756/18000, time remaining: 25s
Rendered 17757/18000, time remaining: 25s
Rendered 17758/18000, time remaining: 25s
Rendered 17759/18000, time remaining: 25s
Rendered 17760/18000, time remaining: 25s
Rendered 17761/18000, time remaining: 24s
Rendered 17762/18000, time remaining: 24s
Rendered 17763/18000, time remaining: 24s
Rendered 17764/18000, time remaining: 24s
Rendered 17765/18000, time remaining: 24s
Rendered 17766/18000, time remaining: 24s
Rendered 17767/18000, time remaining: 24s
Rendered 17768/18000, time remaining: 24s
Rendered 17769/18000, time remaining: 24s
Rendered 17770/18000, time remaining: 24s
Rendered 17771/18000, time remaining: 24s
Rendered 17772/18000, time remaining: 23s
Rendered 17773/18000, time remaining: 23s
Rendered 17774/18000, time remaining: 23s
Rendered 17775/18000, time remaining: 23s
Rendered 17776/18000, time remaining: 23s
Rendered 17777/18000, time remaining: 23s
Rendered 17778/18000, time remaining: 23s
Rendered 17779/18000, time remaining: 23s
Rendered 17780/18000, time remaining: 23s
Rendered 17781/18000, time remaining: 22s
Rendered 17782/18000, time remaining: 22s
Rendered 17783/18000, time remaining: 22s
Rendered 17784/18000, time remaining: 22s
Rendered 17785/18000, time remaining: 22s
Rendered 17786/18000, time remaining: 22s
Rendered 17787/18000, time remaining: 22s
Rendered 17788/18000, time remaining: 22s
Rendered 17789/18000, time remaining: 22s
Rendered 17790/18000, time remaining: 22s
Rendered 17791/18000, time remaining: 22s
Rendered 17792/18000, time remaining: 21s
Rendered 17793/18000, time remaining: 21s
Rendered 17794/18000, time remaining: 21s
Rendered 17795/18000, time remaining: 21s
Rendered 17796/18000, time remaining: 21s
Rendered 17797/18000, time remaining: 21s
Rendered 17798/18000, time remaining: 21s
Rendered 17799/18000, time remaining: 21s
Rendered 17800/18000, time remaining: 21s
Rendered 17801/18000, time remaining: 20s
Rendered 17802/18000, time remaining: 20s
Rendered 17803/18000, time remaining: 20s
Rendered 17804/18000, time remaining: 20s
Rendered 17805/18000, time remaining: 20s
Rendered 17806/18000, time remaining: 20s
Rendered 17807/18000, time remaining: 20s
Rendered 17808/18000, time remaining: 20s
Rendered 17809/18000, time remaining: 20s
Rendered 17810/18000, time remaining: 20s
Rendered 17811/18000, time remaining: 20s
Rendered 17812/18000, time remaining: 19s
Rendered 17813/18000, time remaining: 20s
Rendered 17814/18000, time remaining: 20s
Rendered 17815/18000, time remaining: 19s
Rendered 17816/18000, time remaining: 19s
Rendered 17817/18000, time remaining: 19s
Rendered 17818/18000, time remaining: 19s
Rendered 17819/18000, time remaining: 19s
Rendered 17820/18000, time remaining: 19s
Rendered 17821/18000, time remaining: 19s
Rendered 17822/18000, time remaining: 19s
Rendered 17823/18000, time remaining: 19s
Rendered 17824/18000, time remaining: 19s
Rendered 17825/18000, time remaining: 19s
Rendered 17826/18000, time remaining: 19s
Rendered 17827/18000, time remaining: 19s
Rendered 17828/18000, time remaining: 18s
Rendered 17829/18000, time remaining: 18s
Rendered 17830/18000, time remaining: 18s
Rendered 17831/18000, time remaining: 18s
Rendered 17832/18000, time remaining: 18s
Rendered 17833/18000, time remaining: 18s
Rendered 17834/18000, time remaining: 18s
Rendered 17835/18000, time remaining: 18s
Rendered 17836/18000, time remaining: 17s
Rendered 17837/18000, time remaining: 17s
Rendered 17838/18000, time remaining: 17s
Rendered 17839/18000, time remaining: 17s
Rendered 17840/18000, time remaining: 17s
Rendered 17841/18000, time remaining: 17s
Rendered 17842/18000, time remaining: 17s
Rendered 17843/18000, time remaining: 17s
Rendered 17844/18000, time remaining: 16s
Rendered 17845/18000, time remaining: 16s
Rendered 17846/18000, time remaining: 16s
Rendered 17847/18000, time remaining: 16s
Rendered 17848/18000, time remaining: 16s
Rendered 17849/18000, time remaining: 16s
Rendered 17850/18000, time remaining: 16s
Rendered 17851/18000, time remaining: 16s
Rendered 17852/18000, time remaining: 15s
Rendered 17853/18000, time remaining: 15s
Rendered 17854/18000, time remaining: 15s
Rendered 17855/18000, time remaining: 15s
Rendered 17856/18000, time remaining: 15s
Rendered 17857/18000, time remaining: 15s
Rendered 17858/18000, time remaining: 15s
Rendered 17859/18000, time remaining: 14s
Rendered 17860/18000, time remaining: 14s
Rendered 17861/18000, time remaining: 14s
Rendered 17862/18000, time remaining: 14s
Rendered 17863/18000, time remaining: 14s
Rendered 17864/18000, time remaining: 14s
Rendered 17865/18000, time remaining: 14s
Rendered 17866/18000, time remaining: 14s
Rendered 17867/18000, time remaining: 14s
Rendered 17868/18000, time remaining: 13s
Rendered 17869/18000, time remaining: 13s
Rendered 17870/18000, time remaining: 13s
Rendered 17871/18000, time remaining: 13s
Rendered 17872/18000, time remaining: 13s
Rendered 17873/18000, time remaining: 13s
Rendered 17874/18000, time remaining: 12s
Rendered 17875/18000, time remaining: 12s
Rendered 17876/18000, time remaining: 12s
Rendered 17877/18000, time remaining: 12s
Rendered 17878/18000, time remaining: 12s
Rendered 17879/18000, time remaining: 12s
Rendered 17880/18000, time remaining: 12s
Rendered 17881/18000, time remaining: 12s
Rendered 17882/18000, time remaining: 12s
Rendered 17883/18000, time remaining: 12s
Rendered 17884/18000, time remaining: 11s
Rendered 17885/18000, time remaining: 11s
Rendered 17886/18000, time remaining: 11s
Rendered 17887/18000, time remaining: 11s
Rendered 17888/18000, time remaining: 11s
Rendered 17889/18000, time remaining: 11s
Rendered 17890/18000, time remaining: 11s
Rendered 17891/18000, time remaining: 11s
Rendered 17892/18000, time remaining: 10s
Rendered 17893/18000, time remaining: 10s
Rendered 17894/18000, time remaining: 10s
Rendered 17895/18000, time remaining: 10s
Rendered 17896/18000, time remaining: 10s
Rendered 17897/18000, time remaining: 10s
Rendered 17898/18000, time remaining: 10s
Rendered 17899/18000, time remaining: 10s
Rendered 17900/18000, time remaining: 9s
Rendered 17901/18000, time remaining: 9s
Rendered 17902/18000, time remaining: 9s
Rendered 17903/18000, time remaining: 9s
Rendered 17904/18000, time remaining: 9s
Rendered 17905/18000, time remaining: 9s
Rendered 17906/18000, time remaining: 9s
Rendered 17907/18000, time remaining: 9s
Rendered 17908/18000, time remaining: 9s
Rendered 17909/18000, time remaining: 9s
Rendered 17910/18000, time remaining: 8s
Rendered 17911/18000, time remaining: 8s
Rendered 17912/18000, time remaining: 8s
Rendered 17913/18000, time remaining: 8s
Rendered 17914/18000, time remaining: 8s
Rendered 17915/18000, time remaining: 8s
Rendered 17916/18000, time remaining: 8s
Rendered 17917/18000, time remaining: 8s
Rendered 17918/18000, time remaining: 8s
Rendered 17919/18000, time remaining: 8s
Rendered 17920/18000, time remaining: 7s
Rendered 17921/18000, time remaining: 7s
Rendered 17922/18000, time remaining: 7s
Rendered 17923/18000, time remaining: 7s
Rendered 17924/18000, time remaining: 7s
Rendered 17925/18000, time remaining: 7s
Rendered 17926/18000, time remaining: 7s
Rendered 17927/18000, time remaining: 7s
Rendered 17928/18000, time remaining: 7s
Rendered 17929/18000, time remaining: 6s
Rendered 17930/18000, time remaining: 6s
Rendered 17931/18000, time remaining: 6s
Rendered 17932/18000, time remaining: 6s
Rendered 17933/18000, time remaining: 6s
Rendered 17934/18000, time remaining: 6s
Rendered 17935/18000, time remaining: 6s
Rendered 17936/18000, time remaining: 6s
Rendered 17937/18000, time remaining: 6s
Rendered 17938/18000, time remaining: 6s
Rendered 17939/18000, time remaining: 5s
Rendered 17940/18000, time remaining: 5s
Rendered 17941/18000, time remaining: 5s
Rendered 17942/18000, time remaining: 5s
Rendered 17943/18000, time remaining: 5s
Rendered 17944/18000, time remaining: 5s
Rendered 17945/18000, time remaining: 5s
Rendered 17946/18000, time remaining: 5s
Rendered 17947/18000, time remaining: 5s
Rendered 17948/18000, time remaining: 5s
Rendered 17949/18000, time remaining: 4s
Rendered 17950/18000, time remaining: 4s
Rendered 17951/18000, time remaining: 4s
Rendered 17952/18000, time remaining: 4s
Rendered 17953/18000, time remaining: 4s
Rendered 17954/18000, time remaining: 4s
Rendered 17955/18000, time remaining: 4s
Rendered 17956/18000, time remaining: 4s
Rendered 17957/18000, time remaining: 4s
Rendered 17958/18000, time remaining: 4s
Rendered 17959/18000, time remaining: 3s
Rendered 17960/18000, time remaining: 3s
Rendered 17961/18000, time remaining: 3s
Rendered 17962/18000, time remaining: 3s
Rendered 17963/18000, time remaining: 3s
Rendered 17964/18000, time remaining: 3s
Rendered 17965/18000, time remaining: 3s
Rendered 17966/18000, time remaining: 3s
Rendered 17967/18000, time remaining: 3s
Rendered 17968/18000, time remaining: 2s
Rendered 17969/18000, time remaining: 2s
Rendered 17970/18000, time remaining: 2s
Rendered 17971/18000, time remaining: 2s
Rendered 17972/18000, time remaining: 2s
Rendered 17973/18000, time remaining: 2s
Rendered 17974/18000, time remaining: 2s
Rendered 17975/18000, time remaining: 2s
Rendered 17976/18000, time remaining: 2s
Rendered 17977/18000, time remaining: 2s
Rendered 17978/18000, time remaining: 1s
Rendered 17979/18000, time remaining: 1s
Rendered 17980/18000, time remaining: 1s
Rendered 17981/18000, time remaining: 1s
Rendered 17982/18000, time remaining: 1s
Rendered 17983/18000, time remaining: 1s
Rendered 17984/18000, time remaining: 1s
Rendered 17985/18000, time remaining: 1s
Rendered 17986/18000, time remaining: 1s
Rendered 17987/18000, time remaining: 1s
Rendered 17988/18000, time remaining: 1s
Rendered 17989/18000, time remaining: 0s
Rendered 17990/18000, time remaining: 0s
Rendered 17991/18000, time remaining: 0s
Rendered 17992/18000, time remaining: 0s
Rendered 17993/18000, time remaining: 0s
Rendered 17994/18000, time remaining: 0s
Rendered 17995/18000, time remaining: 0s
Rendered 17996/18000, time remaining: 0s
Rendered 17997/18000, time remaining: 0s
Rendered 17998/18000, time remaining: 0s
Rendered 17999/18000, time remaining: 0s
Rendered 18000/18000
Encoded 12/18000
Encoded 25/18000
Encoded 38/18000
Encoded 51/18000
Encoded 63/18000
Encoded 80/18000
Encoded 92/18000
Encoded 106/18000
Encoded 124/18000
Encoded 136/18000
Encoded 153/18000
Encoded 172/18000
Encoded 184/18000
Encoded 198/18000
Encoded 213/18000
Encoded 225/18000
Encoded 238/18000
Encoded 248/18000
Encoded 259/18000
Encoded 272/18000
Encoded 279/18000
Encoded 290/18000
Encoded 302/18000
Encoded 314/18000
Encoded 325/18000
Encoded 334/18000
Encoded 346/18000
Encoded 359/18000
Encoded 368/18000
Encoded 379/18000
Encoded 388/18000
Encoded 400/18000
Encoded 417/18000
Encoded 432/18000
Encoded 447/18000
Encoded 459/18000
Encoded 471/18000
Encoded 486/18000
Encoded 498/18000
Encoded 511/18000
Encoded 524/18000
Encoded 536/18000
Encoded 550/18000
Encoded 563/18000
Encoded 577/18000
Encoded 592/18000
Encoded 604/18000
Encoded 618/18000
Encoded 629/18000
Encoded 643/18000
Encoded 658/18000
Encoded 673/18000
Encoded 689/18000
Encoded 702/18000
Encoded 717/18000
Encoded 735/18000
Encoded 750/18000
Encoded 762/18000
Encoded 775/18000
Encoded 784/18000
Encoded 797/18000
Encoded 810/18000
Encoded 821/18000
Encoded 832/18000
Encoded 845/18000
Encoded 856/18000
Encoded 870/18000
Encoded 883/18000
Encoded 895/18000
Encoded 908/18000
Encoded 921/18000
Encoded 939/18000
Encoded 951/18000
Encoded 967/18000
Encoded 984/18000
Encoded 1000/18000
Encoded 1015/18000
Encoded 1026/18000
Encoded 1042/18000
Encoded 1054/18000
Encoded 1069/18000
Encoded 1086/18000
Encoded 1103/18000
Encoded 1117/18000
Encoded 1132/18000
Encoded 1143/18000
Encoded 1159/18000
Encoded 1173/18000
Encoded 1187/18000
Encoded 1202/18000
Encoded 1217/18000
Encoded 1232/18000
Encoded 1247/18000
Encoded 1260/18000
Encoded 1270/18000
Encoded 1284/18000
Encoded 1297/18000
Encoded 1310/18000
Encoded 1322/18000
Encoded 1336/18000
Encoded 1349/18000
Encoded 1360/18000
Encoded 1371/18000
Encoded 1383/18000
Encoded 1397/18000
Encoded 1410/18000
Encoded 1423/18000
Encoded 1435/18000
Encoded 1449/18000
Encoded 1461/18000
Encoded 1475/18000
Encoded 1488/18000
Encoded 1501/18000
Encoded 1512/18000
Encoded 1525/18000
Encoded 1540/18000
Encoded 1555/18000
Encoded 1567/18000
Encoded 1579/18000
Encoded 1591/18000
Encoded 1603/18000
Encoded 1615/18000
Encoded 1627/18000
Encoded 1639/18000
Encoded 1652/18000
Encoded 1666/18000
Encoded 1680/18000
Encoded 1695/18000
Encoded 1707/18000
Encoded 1719/18000
Encoded 1736/18000
Encoded 1742/18000
Encoded 1756/18000
Encoded 1770/18000
Encoded 1784/18000
Encoded 1793/18000
Encoded 1803/18000
Encoded 1812/18000
Encoded 1827/18000
Encoded 1838/18000
Encoded 1848/18000
Encoded 1860/18000
Encoded 1872/18000
Encoded 1884/18000
Encoded 1897/18000
Encoded 1908/18000
Encoded 1918/18000
Encoded 1930/18000
Encoded 1943/18000
Encoded 1955/18000
Encoded 1969/18000
Encoded 1980/18000
Encoded 1988/18000
Encoded 2000/18000
Encoded 2012/18000
Encoded 2021/18000
Encoded 2033/18000
Encoded 2045/18000
Encoded 2057/18000
Encoded 2065/18000
Encoded 2076/18000
Encoded 2088/18000
Encoded 2099/18000
Encoded 2111/18000
Encoded 2119/18000
Encoded 2131/18000
Encoded 2143/18000
Encoded 2155/18000
Encoded 2168/18000
Encoded 2179/18000
Encoded 2191/18000
Encoded 2202/18000
Encoded 2215/18000
Encoded 2226/18000
Encoded 2240/18000
Encoded 2251/18000
Encoded 2263/18000
Encoded 2275/18000
Encoded 2287/18000
Encoded 2305/18000
Encoded 2319/18000
Encoded 2335/18000
Encoded 2347/18000
Encoded 2362/18000
Encoded 2380/18000
Encoded 2395/18000
Encoded 2412/18000
Encoded 2431/18000
Encoded 2444/18000
Encoded 2461/18000
Encoded 2481/18000
Encoded 2494/18000
Encoded 2507/18000
Encoded 2519/18000
Encoded 2530/18000
Encoded 2543/18000
Encoded 2557/18000
Encoded 2570/18000
Encoded 2582/18000
Encoded 2595/18000
Encoded 2606/18000
Encoded 2617/18000
Encoded 2631/18000
Encoded 2642/18000
Encoded 2657/18000
Encoded 2669/18000
Encoded 2678/18000
Encoded 2690/18000
Encoded 2701/18000
Encoded 2710/18000
Encoded 2722/18000
Encoded 2730/18000
Encoded 2746/18000
Encoded 2761/18000
Encoded 2766/18000
Encoded 2780/18000
Encoded 2793/18000
Encoded 2806/18000
Encoded 2818/18000
Encoded 2829/18000
Encoded 2842/18000
Encoded 2854/18000
Encoded 2868/18000
Encoded 2882/18000
Encoded 2895/18000
Encoded 2909/18000
Encoded 2921/18000
Encoded 2936/18000
Encoded 2950/18000
Encoded 2964/18000
Encoded 2983/18000
Encoded 2997/18000
Encoded 3013/18000
Encoded 3023/18000
Encoded 3037/18000
Encoded 3049/18000
Encoded 3062/18000
Encoded 3073/18000
Encoded 3086/18000
Encoded 3099/18000
Encoded 3114/18000
Encoded 3126/18000
Encoded 3141/18000
Encoded 3157/18000
Encoded 3169/18000
Encoded 3181/18000
Encoded 3199/18000
Encoded 3213/18000
Encoded 3226/18000
Encoded 3242/18000
Encoded 3259/18000
Encoded 3271/18000
Encoded 3287/18000
Encoded 3307/18000
Encoded 3332/18000
Encoded 3350/18000
Encoded 3369/18000
Encoded 3390/18000
Encoded 3408/18000
Encoded 3424/18000
Encoded 3442/18000
Encoded 3460/18000
Encoded 3482/18000
Encoded 3499/18000
Encoded 3518/18000
Encoded 3536/18000
Encoded 3544/18000
Encoded 3560/18000
Encoded 3572/18000
Encoded 3587/18000
Encoded 3601/18000
Encoded 3615/18000
Encoded 3625/18000
Encoded 3637/18000
Encoded 3651/18000
Encoded 3663/18000
Encoded 3676/18000
Encoded 3691/18000
Encoded 3703/18000
Encoded 3719/18000
Encoded 3731/18000
Encoded 3750/18000
Encoded 3767/18000
Encoded 3780/18000
Encoded 3799/18000
Encoded 3815/18000
Encoded 3829/18000
Encoded 3847/18000
Encoded 3862/18000
Encoded 3879/18000
Encoded 3899/18000
Encoded 3913/18000
Encoded 3927/18000
Encoded 3942/18000
Encoded 3955/18000
Encoded 3967/18000
Encoded 3979/18000
Encoded 3993/18000
Encoded 4005/18000
Encoded 4021/18000
Encoded 4037/18000
Encoded 4049/18000
Encoded 4070/18000
Encoded 4085/18000
Encoded 4098/18000
Encoded 4112/18000
Encoded 4130/18000
Encoded 4145/18000
Encoded 4158/18000
Encoded 4172/18000
Encoded 4188/18000
Encoded 4201/18000
Encoded 4216/18000
Encoded 4228/18000
Encoded 4240/18000
Encoded 4253/18000
Encoded 4268/18000
Encoded 4281/18000
Encoded 4296/18000
Encoded 4310/18000
Encoded 4325/18000
Encoded 4340/18000
Encoded 4355/18000
Encoded 4367/18000
Encoded 4384/18000
Encoded 4400/18000
Encoded 4411/18000
Encoded 4424/18000
Encoded 4440/18000
Encoded 4453/18000
Encoded 4464/18000
Encoded 4476/18000
Encoded 4488/18000
Encoded 4497/18000
Encoded 4509/18000
Encoded 4522/18000
Encoded 4534/18000
Encoded 4544/18000
Encoded 4556/18000
Encoded 4566/18000
Encoded 4576/18000
Encoded 4588/18000
Encoded 4597/18000
Encoded 4604/18000
Encoded 4616/18000
Encoded 4628/18000
Encoded 4640/18000
Encoded 4648/18000
Encoded 4660/18000
Encoded 4666/18000
Encoded 4676/18000
Encoded 4688/18000
Encoded 4696/18000
Encoded 4705/18000
Encoded 4715/18000
Encoded 4724/18000
Encoded 4732/18000
Encoded 4741/18000
Encoded 4751/18000
Encoded 4763/18000
Encoded 4773/18000
Encoded 4784/18000
Encoded 4795/18000
Encoded 4807/18000
Encoded 4818/18000
Encoded 4831/18000
Encoded 4844/18000
Encoded 4858/18000
Encoded 4870/18000
Encoded 4884/18000
Encoded 4896/18000
Encoded 4911/18000
Encoded 4921/18000
Encoded 4934/18000
Encoded 4946/18000
Encoded 4955/18000
Encoded 4970/18000
Encoded 4983/18000
Encoded 4992/18000
Encoded 5003/18000
Encoded 5015/18000
Encoded 5027/18000
Encoded 5039/18000
Encoded 5051/18000
Encoded 5063/18000
Encoded 5076/18000
Encoded 5088/18000
Encoded 5102/18000
Encoded 5115/18000
Encoded 5130/18000
Encoded 5143/18000
Encoded 5155/18000
Encoded 5166/18000
Encoded 5181/18000
Encoded 5191/18000
Encoded 5201/18000
Encoded 5213/18000
Encoded 5225/18000
Encoded 5236/18000
Encoded 5247/18000
Encoded 5257/18000
Encoded 5267/18000
Encoded 5279/18000
Encoded 5289/18000
Encoded 5302/18000
Encoded 5314/18000
Encoded 5326/18000
Encoded 5339/18000
Encoded 5350/18000
Encoded 5362/18000
Encoded 5373/18000
Encoded 5387/18000
Encoded 5400/18000
Encoded 5412/18000
Encoded 5424/18000
Encoded 5440/18000
Encoded 5452/18000
Encoded 5465/18000
Encoded 5476/18000
Encoded 5487/18000
Encoded 5501/18000
Encoded 5513/18000
Encoded 5527/18000
Encoded 5537/18000
Encoded 5545/18000
Encoded 5556/18000
Encoded 5568/18000
Encoded 5580/18000
Encoded 5592/18000
Encoded 5604/18000
Encoded 5610/18000
Encoded 5622/18000
Encoded 5628/18000
Encoded 5640/18000
Encoded 5652/18000
Encoded 5664/18000
Encoded 5673/18000
Encoded 5682/18000
Encoded 5688/18000
Encoded 5701/18000
Encoded 5713/18000
Encoded 5725/18000
Encoded 5734/18000
Encoded 5746/18000
Encoded 5762/18000
Encoded 5771/18000
Encoded 5785/18000
Encoded 5798/18000
Encoded 5807/18000
Encoded 5816/18000
Encoded 5828/18000
Encoded 5843/18000
Encoded 5851/18000
Encoded 5864/18000
Encoded 5877/18000
Encoded 5890/18000
Encoded 5904/18000
Encoded 5919/18000
Encoded 5932/18000
Encoded 5945/18000
Encoded 5959/18000
Encoded 5970/18000
Encoded 5988/18000
Encoded 6001/18000
Encoded 6008/18000
Encoded 6023/18000
Encoded 6039/18000
Encoded 6052/18000
Encoded 6071/18000
Encoded 6083/18000
Encoded 6099/18000
Encoded 6112/18000
Encoded 6132/18000
Encoded 6147/18000
Encoded 6163/18000
Encoded 6183/18000
Encoded 6195/18000
Encoded 6213/18000
Encoded 6225/18000
Encoded 6247/18000
Encoded 6261/18000
Encoded 6272/18000
Encoded 6288/18000
Encoded 6302/18000
Encoded 6315/18000
Encoded 6329/18000
Encoded 6339/18000
Encoded 6352/18000
Encoded 6363/18000
Encoded 6372/18000
Encoded 6387/18000
Encoded 6399/18000
Encoded 6411/18000
Encoded 6424/18000
Encoded 6436/18000
Encoded 6451/18000
Encoded 6464/18000
Encoded 6481/18000
Encoded 6492/18000
Encoded 6503/18000
Encoded 6519/18000
Encoded 6533/18000
Encoded 6546/18000
Encoded 6560/18000
Encoded 6572/18000
Encoded 6584/18000
Encoded 6596/18000
Encoded 6609/18000
Encoded 6621/18000
Encoded 6634/18000
Encoded 6649/18000
Encoded 6661/18000
Encoded 6673/18000
Encoded 6685/18000
Encoded 6704/18000
Encoded 6721/18000
Encoded 6733/18000
Encoded 6745/18000
Encoded 6761/18000
Encoded 6775/18000
Encoded 6788/18000
Encoded 6802/18000
Encoded 6815/18000
Encoded 6829/18000
Encoded 6841/18000
Encoded 6857/18000
Encoded 6869/18000
Encoded 6881/18000
Encoded 6899/18000
Encoded 6912/18000
Encoded 6924/18000
Encoded 6939/18000
Encoded 6954/18000
Encoded 6969/18000
Encoded 6984/18000
Encoded 6999/18000
Encoded 7013/18000
Encoded 7030/18000
Encoded 7045/18000
Encoded 7060/18000
Encoded 7077/18000
Encoded 7091/18000
Encoded 7104/18000
Encoded 7125/18000
Encoded 7140/18000
Encoded 7163/18000
Encoded 7175/18000
Encoded 7191/18000
Encoded 7208/18000
Encoded 7225/18000
Encoded 7243/18000
Encoded 7261/18000
Encoded 7278/18000
Encoded 7294/18000
Encoded 7311/18000
Encoded 7327/18000
Encoded 7345/18000
Encoded 7355/18000
Encoded 7369/18000
Encoded 7381/18000
Encoded 7395/18000
Encoded 7405/18000
Encoded 7419/18000
Encoded 7432/18000
Encoded 7446/18000
Encoded 7459/18000
Encoded 7473/18000
Encoded 7488/18000
Encoded 7511/18000
Encoded 7524/18000
Encoded 7536/18000
Encoded 7551/18000
Encoded 7567/18000
Encoded 7583/18000
Encoded 7592/18000
Encoded 7609/18000
Encoded 7624/18000
Encoded 7639/18000
Encoded 7653/18000
Encoded 7667/18000
Encoded 7678/18000
Encoded 7690/18000
Encoded 7704/18000
Encoded 7717/18000
Encoded 7727/18000
Encoded 7741/18000
Encoded 7756/18000
Encoded 7768/18000
Encoded 7784/18000
Encoded 7796/18000
Encoded 7809/18000
Encoded 7825/18000
Encoded 7840/18000
Encoded 7854/18000
Encoded 7865/18000
Encoded 7876/18000
Encoded 7889/18000
Encoded 7901/18000
Encoded 7914/18000
Encoded 7926/18000
Encoded 7938/18000
Encoded 7950/18000
Encoded 7963/18000
Encoded 7974/18000
Encoded 7985/18000
Encoded 7997/18000
Encoded 8009/18000
Encoded 8022/18000
Encoded 8034/18000
Encoded 8046/18000
Encoded 8057/18000
Encoded 8069/18000
Encoded 8081/18000
Encoded 8095/18000
Encoded 8108/18000
Encoded 8119/18000
Encoded 8131/18000
Encoded 8144/18000
Encoded 8153/18000
Encoded 8167/18000
Encoded 8180/18000
Encoded 8192/18000
Encoded 8201/18000
Encoded 8212/18000
Encoded 8220/18000
Encoded 8231/18000
Encoded 8243/18000
Encoded 8255/18000
Encoded 8267/18000
Encoded 8279/18000
Encoded 8291/18000
Encoded 8303/18000
Encoded 8315/18000
Encoded 8327/18000
Encoded 8339/18000
Encoded 8354/18000
Encoded 8367/18000
Encoded 8381/18000
Encoded 8394/18000
Encoded 8404/18000
Encoded 8416/18000
Encoded 8431/18000
Encoded 8445/18000
Encoded 8464/18000
Encoded 8479/18000
Encoded 8491/18000
Encoded 8509/18000
Encoded 8524/18000
Encoded 8541/18000
Encoded 8559/18000
Encoded 8575/18000
Encoded 8593/18000
Encoded 8610/18000
Encoded 8626/18000
Encoded 8643/18000
Encoded 8659/18000
Encoded 8672/18000
Encoded 8685/18000
Encoded 8697/18000
Encoded 8705/18000
Encoded 8716/18000
Encoded 8726/18000
Encoded 8738/18000
Encoded 8748/18000
Encoded 8761/18000
Encoded 8771/18000
Encoded 8782/18000
Encoded 8793/18000
Encoded 8806/18000
Encoded 8817/18000
Encoded 8830/18000
Encoded 8840/18000
Encoded 8851/18000
Encoded 8860/18000
Encoded 8877/18000
Encoded 8888/18000
Encoded 8898/18000
Encoded 8909/18000
Encoded 8922/18000
Encoded 8936/18000
Encoded 8946/18000
Encoded 8958/18000
Encoded 8972/18000
Encoded 8981/18000
Encoded 8994/18000
Encoded 9007/18000
Encoded 9021/18000
Encoded 9033/18000
Encoded 9045/18000
Encoded 9057/18000
Encoded 9069/18000
Encoded 9083/18000
Encoded 9098/18000
Encoded 9115/18000
Encoded 9129/18000
Encoded 9141/18000
Encoded 9153/18000
Encoded 9166/18000
Encoded 9185/18000
Encoded 9201/18000
Encoded 9212/18000
Encoded 9225/18000
Encoded 9240/18000
Encoded 9255/18000
Encoded 9268/18000
Encoded 9282/18000
Encoded 9296/18000
Encoded 9308/18000
Encoded 9322/18000
Encoded 9337/18000
Encoded 9350/18000
Encoded 9362/18000
Encoded 9377/18000
Encoded 9394/18000
Encoded 9407/18000
Encoded 9423/18000
Encoded 9437/18000
Encoded 9455/18000
Encoded 9468/18000
Encoded 9478/18000
Encoded 9494/18000
Encoded 9508/18000
Encoded 9520/18000
Encoded 9531/18000
Encoded 9544/18000
Encoded 9558/18000
Encoded 9566/18000
Encoded 9580/18000
Encoded 9593/18000
Encoded 9604/18000
Encoded 9616/18000
Encoded 9628/18000
Encoded 9644/18000
Encoded 9656/18000
Encoded 9672/18000
Encoded 9687/18000
Encoded 9700/18000
Encoded 9713/18000
Encoded 9728/18000
Encoded 9744/18000
Encoded 9754/18000
Encoded 9770/18000
Encoded 9785/18000
Encoded 9798/18000
Encoded 9813/18000
Encoded 9832/18000
Encoded 9849/18000
Encoded 9867/18000
Encoded 9883/18000
Encoded 9900/18000
Encoded 9917/18000
Encoded 9937/18000
Encoded 9956/18000
Encoded 9973/18000
Encoded 9990/18000
Encoded 10009/18000
Encoded 10022/18000
Encoded 10036/18000
Encoded 10049/18000
Encoded 10064/18000
Encoded 10080/18000
Encoded 10096/18000
Encoded 10108/18000
Encoded 10122/18000
Encoded 10138/18000
Encoded 10151/18000
Encoded 10163/18000
Encoded 10175/18000
Encoded 10194/18000
Encoded 10211/18000
Encoded 10223/18000
Encoded 10235/18000
Encoded 10247/18000
Encoded 10263/18000
Encoded 10280/18000
Encoded 10296/18000
Encoded 10310/18000
Encoded 10319/18000
Encoded 10332/18000
Encoded 10347/18000
Encoded 10359/18000
Encoded 10375/18000
Encoded 10391/18000
Encoded 10403/18000
Encoded 10419/18000
Encoded 10431/18000
Encoded 10444/18000
Encoded 10456/18000
Encoded 10475/18000
Encoded 10488/18000
Encoded 10504/18000
Encoded 10517/18000
Encoded 10531/18000
Encoded 10545/18000
Encoded 10561/18000
Encoded 10573/18000
Encoded 10587/18000
Encoded 10599/18000
Encoded 10611/18000
Encoded 10624/18000
Encoded 10639/18000
Encoded 10653/18000
Encoded 10666/18000
Encoded 10681/18000
Encoded 10696/18000
Encoded 10709/18000
Encoded 10723/18000
Encoded 10738/18000
Encoded 10752/18000
Encoded 10766/18000
Encoded 10778/18000
Encoded 10792/18000
Encoded 10808/18000
Encoded 10824/18000
Encoded 10837/18000
Encoded 10851/18000
Encoded 10866/18000
Encoded 10881/18000
Encoded 10893/18000
Encoded 10905/18000
Encoded 10917/18000
Encoded 10927/18000
Encoded 10938/18000
Encoded 10950/18000
Encoded 10963/18000
Encoded 10970/18000
Encoded 10979/18000
Encoded 10994/18000
Encoded 11003/18000
Encoded 11018/18000
Encoded 11028/18000
Encoded 11043/18000
Encoded 11051/18000
Encoded 11066/18000
Encoded 11079/18000
Encoded 11090/18000
Encoded 11101/18000
Encoded 11113/18000
Encoded 11125/18000
Encoded 11130/18000
Encoded 11141/18000
Encoded 11151/18000
Encoded 11163/18000
Encoded 11176/18000
Encoded 11185/18000
Encoded 11197/18000
Encoded 11207/18000
Encoded 11218/18000
Encoded 11229/18000
Encoded 11241/18000
Encoded 11253/18000
Encoded 11265/18000
Encoded 11277/18000
Encoded 11290/18000
Encoded 11305/18000
Encoded 11317/18000
Encoded 11337/18000
Encoded 11350/18000
Encoded 11363/18000
Encoded 11378/18000
Encoded 11395/18000
Encoded 11402/18000
Encoded 11415/18000
Encoded 11427/18000
Encoded 11440/18000
Encoded 11449/18000
Encoded 11461/18000
Encoded 11473/18000
Encoded 11485/18000
Encoded 11490/18000
Encoded 11502/18000
Encoded 11514/18000
Encoded 11526/18000
Encoded 11538/18000
Encoded 11552/18000
Encoded 11566/18000
Encoded 11580/18000
Encoded 11593/18000
Encoded 11605/18000
Encoded 11621/18000
Encoded 11635/18000
Encoded 11657/18000
Encoded 11688/18000
Encoded 11709/18000
Encoded 11728/18000
Encoded 11747/18000
Encoded 11768/18000
Encoded 11788/18000
Encoded 11807/18000
Encoded 11825/18000
Encoded 11841/18000
Encoded 11853/18000
Encoded 11871/18000
Encoded 11890/18000
Encoded 11911/18000
Encoded 11921/18000
Encoded 11930/18000
Encoded 11936/18000
Encoded 11947/18000
Encoded 11963/18000
Encoded 11977/18000
Encoded 11988/18000
Encoded 12001/18000
Encoded 12013/18000
Encoded 12026/18000
Encoded 12041/18000
Encoded 12054/18000
Encoded 12065/18000
Encoded 12081/18000
Encoded 12093/18000
Encoded 12107/18000
Encoded 12121/18000
Encoded 12134/18000
Encoded 12147/18000
Encoded 12163/18000
Encoded 12180/18000
Encoded 12193/18000
Encoded 12204/18000
Encoded 12211/18000
Encoded 12225/18000
Encoded 12235/18000
Encoded 12248/18000
Encoded 12262/18000
Encoded 12274/18000
Encoded 12286/18000
Encoded 12298/18000
Encoded 12310/18000
Encoded 12323/18000
Encoded 12338/18000
Encoded 12348/18000
Encoded 12362/18000
Encoded 12374/18000
Encoded 12386/18000
Encoded 12398/18000
Encoded 12410/18000
Encoded 12422/18000
Encoded 12435/18000
Encoded 12449/18000
Encoded 12461/18000
Encoded 12471/18000
Encoded 12484/18000
Encoded 12496/18000
Encoded 12507/18000
Encoded 12514/18000
Encoded 12526/18000
Encoded 12538/18000
Encoded 12548/18000
Encoded 12555/18000
Encoded 12567/18000
Encoded 12577/18000
Encoded 12590/18000
Encoded 12602/18000
Encoded 12614/18000
Encoded 12626/18000
Encoded 12639/18000
Encoded 12652/18000
Encoded 12664/18000
Encoded 12675/18000
Encoded 12690/18000
Encoded 12706/18000
Encoded 12720/18000
Encoded 12726/18000
Encoded 12740/18000
Encoded 12753/18000
Encoded 12770/18000
Encoded 12784/18000
Encoded 12796/18000
Encoded 12809/18000
Encoded 12822/18000
Encoded 12837/18000
Encoded 12852/18000
Encoded 12868/18000
Encoded 12884/18000
Encoded 12898/18000
Encoded 12911/18000
Encoded 12926/18000
Encoded 12942/18000
Encoded 12956/18000
Encoded 12970/18000
Encoded 12987/18000
Encoded 12996/18000
Encoded 13009/18000
Encoded 13022/18000
Encoded 13034/18000
Encoded 13045/18000
Encoded 13060/18000
Encoded 13068/18000
Encoded 13079/18000
Encoded 13091/18000
Encoded 13100/18000
Encoded 13113/18000
Encoded 13125/18000
Encoded 13137/18000
Encoded 13150/18000
Encoded 13165/18000
Encoded 13170/18000
Encoded 13183/18000
Encoded 13199/18000
Encoded 13207/18000
Encoded 13218/18000
Encoded 13229/18000
Encoded 13242/18000
Encoded 13251/18000
Encoded 13256/18000
Encoded 13268/18000
Encoded 13269/18000
Encoded 13281/18000
Encoded 13282/18000
Encoded 13294/18000
Encoded 13302/18000
Encoded 13306/18000
Encoded 13318/18000
Encoded 13328/18000
Encoded 13334/18000
Encoded 13343/18000
Encoded 13351/18000
Encoded 13361/18000
Encoded 13370/18000
Encoded 13377/18000
Encoded 13383/18000
Encoded 13391/18000
Encoded 13402/18000
Encoded 13408/18000
Encoded 13422/18000
Encoded 13430/18000
Encoded 13439/18000
Encoded 13443/18000
Encoded 13454/18000
Encoded 13460/18000
Encoded 13463/18000
Encoded 13475/18000
Encoded 13480/18000
Encoded 13487/18000
Encoded 13499/18000
Encoded 13504/18000
Encoded 13519/18000
Encoded 13524/18000
Encoded 13532/18000
Encoded 13540/18000
Encoded 13547/18000
Encoded 13554/18000
Encoded 13566/18000
Encoded 13574/18000
Encoded 13588/18000
Encoded 13595/18000
Encoded 13606/18000
Encoded 13614/18000
Encoded 13627/18000
Encoded 13637/18000
Encoded 13649/18000
Encoded 13662/18000
Encoded 13672/18000
Encoded 13685/18000
Encoded 13695/18000
Encoded 13712/18000
Encoded 13733/18000
Encoded 13747/18000
Encoded 13754/18000
Encoded 13770/18000
Encoded 13787/18000
Encoded 13801/18000
Encoded 13813/18000
Encoded 13824/18000
Encoded 13836/18000
Encoded 13844/18000
Encoded 13855/18000
Encoded 13865/18000
Encoded 13874/18000
Encoded 13886/18000
Encoded 13898/18000
Encoded 13910/18000
Encoded 13922/18000
Encoded 13934/18000
Encoded 13946/18000
Encoded 13959/18000
Encoded 13970/18000
Encoded 13986/18000
Encoded 13998/18000
Encoded 14010/18000
Encoded 14022/18000
Encoded 14030/18000
Encoded 14039/18000
Encoded 14059/18000
Encoded 14070/18000
Encoded 14080/18000
Encoded 14092/18000
Encoded 14102/18000
Encoded 14111/18000
Encoded 14123/18000
Encoded 14137/18000
Encoded 14147/18000
Encoded 14159/18000
Encoded 14171/18000
Encoded 14181/18000
Encoded 14193/18000
Encoded 14208/18000
Encoded 14220/18000
Encoded 14232/18000
Encoded 14246/18000
Encoded 14259/18000
Encoded 14274/18000
Encoded 14286/18000
Encoded 14298/18000
Encoded 14316/18000
Encoded 14329/18000
Encoded 14341/18000
Encoded 14353/18000
Encoded 14373/18000
Encoded 14397/18000
Encoded 14418/18000
Encoded 14438/18000
Encoded 14459/18000
Encoded 14481/18000
Encoded 14503/18000
Encoded 14525/18000
Encoded 14549/18000
Encoded 14569/18000
Encoded 14590/18000
Encoded 14612/18000
Encoded 14633/18000
Encoded 14652/18000
Encoded 14673/18000
Encoded 14695/18000
Encoded 14703/18000
Encoded 14715/18000
Encoded 14727/18000
Encoded 14740/18000
Encoded 14753/18000
Encoded 14763/18000
Encoded 14775/18000
Encoded 14786/18000
Encoded 14798/18000
Encoded 14807/18000
Encoded 14820/18000
Encoded 14832/18000
Encoded 14845/18000
Encoded 14856/18000
Encoded 14869/18000
Encoded 14880/18000
Encoded 14892/18000
Encoded 14906/18000
Encoded 14918/18000
Encoded 14933/18000
Encoded 14946/18000
Encoded 14960/18000
Encoded 14966/18000
Encoded 14978/18000
Encoded 14995/18000
Encoded 15005/18000
Encoded 15018/18000
Encoded 15031/18000
Encoded 15045/18000
Encoded 15057/18000
Encoded 15069/18000
Encoded 15081/18000
Encoded 15093/18000
Encoded 15106/18000
Encoded 15117/18000
Encoded 15131/18000
Encoded 15145/18000
Encoded 15158/18000
Encoded 15173/18000
Encoded 15185/18000
Encoded 15200/18000
Encoded 15213/18000
Encoded 15223/18000
Encoded 15249/18000
Encoded 15273/18000
Encoded 15294/18000
Encoded 15317/18000
Encoded 15337/18000
Encoded 15360/18000
Encoded 15379/18000
Encoded 15402/18000
Encoded 15424/18000
Encoded 15445/18000
Encoded 15461/18000
Encoded 15478/18000
Encoded 15487/18000
Encoded 15500/18000
Encoded 15510/18000
Encoded 15523/18000
Encoded 15531/18000
Encoded 15541/18000
Encoded 15553/18000
Encoded 15565/18000
Encoded 15573/18000
Encoded 15584/18000
Encoded 15593/18000
Encoded 15606/18000
Encoded 15617/18000
Encoded 15631/18000
Encoded 15644/18000
Encoded 15657/18000
Encoded 15671/18000
Encoded 15683/18000
Encoded 15695/18000
Encoded 15706/18000
Encoded 15718/18000
Encoded 15730/18000
Encoded 15745/18000
Encoded 15752/18000
Encoded 15764/18000
Encoded 15776/18000
Encoded 15785/18000
Encoded 15797/18000
Encoded 15808/18000
Encoded 15819/18000
Encoded 15830/18000
Encoded 15839/18000
Encoded 15850/18000
Encoded 15860/18000
Encoded 15870/18000
Encoded 15881/18000
Encoded 15892/18000
Encoded 15902/18000
Encoded 15914/18000
Encoded 15926/18000
Encoded 15938/18000
Encoded 15951/18000
Encoded 15964/18000
Encoded 15976/18000
Encoded 15989/18000
Encoded 16003/18000
Encoded 16015/18000
Encoded 16024/18000
Encoded 16038/18000
Encoded 16056/18000
Encoded 16073/18000
Encoded 16087/18000
Encoded 16099/18000
Encoded 16115/18000
Encoded 16130/18000
Encoded 16142/18000
Encoded 16154/18000
Encoded 16167/18000
Encoded 16179/18000
Encoded 16192/18000
Encoded 16206/18000
Encoded 16219/18000
Encoded 16233/18000
Encoded 16248/18000
Encoded 16263/18000
Encoded 16278/18000
Encoded 16291/18000
Encoded 16300/18000
Encoded 16308/18000
Encoded 16320/18000
Encoded 16330/18000
Encoded 16338/18000
Encoded 16350/18000
Encoded 16359/18000
Encoded 16368/18000
Encoded 16380/18000
Encoded 16390/18000
Encoded 16402/18000
Encoded 16412/18000
Encoded 16422/18000
Encoded 16436/18000
Encoded 16446/18000
Encoded 16458/18000
Encoded 16472/18000
Encoded 16484/18000
Encoded 16498/18000
Encoded 16511/18000
Encoded 16526/18000
Encoded 16540/18000
Encoded 16554/18000
Encoded 16561/18000
Encoded 16570/18000
Encoded 16578/18000
Encoded 16590/18000
Encoded 16602/18000
Encoded 16604/18000
Encoded 16614/18000
Encoded 16619/18000
Encoded 16626/18000
Encoded 16637/18000
Encoded 16647/18000
Encoded 16654/18000
Encoded 16664/18000
Encoded 16677/18000
Encoded 16688/18000
Encoded 16700/18000
Encoded 16712/18000
Encoded 16724/18000
Encoded 16736/18000
Encoded 16749/18000
Encoded 16762/18000
Encoded 16776/18000
Encoded 16788/18000
Encoded 16801/18000
Encoded 16815/18000
Encoded 16827/18000
Encoded 16839/18000
Encoded 16851/18000
Encoded 16860/18000
Encoded 16870/18000
Encoded 16882/18000
Encoded 16893/18000
Encoded 16901/18000
Encoded 16912/18000
Encoded 16926/18000
Encoded 16936/18000
Encoded 16948/18000
Encoded 16960/18000
Encoded 16972/18000
Encoded 16984/18000
Encoded 16997/18000
Encoded 17010/18000
Encoded 17022/18000
Encoded 17034/18000
Encoded 17041/18000
Encoded 17054/18000
Encoded 17065/18000
Encoded 17073/18000
Encoded 17086/18000
Encoded 17096/18000
Encoded 17105/18000
Encoded 17118/18000
Encoded 17127/18000
Encoded 17136/18000
Encoded 17148/18000
Encoded 17158/18000
Encoded 17170/18000
Encoded 17182/18000
Encoded 17194/18000
Encoded 17205/18000
Encoded 17218/18000
Encoded 17230/18000
Encoded 17243/18000
Encoded 17256/18000
Encoded 17269/18000
Encoded 17284/18000
Encoded 17298/18000
Encoded 17311/18000
Encoded 17322/18000
Encoded 17337/18000
Encoded 17348/18000
Encoded 17363/18000
Encoded 17375/18000
Encoded 17387/18000
Encoded 17397/18000
Encoded 17412/18000
Encoded 17424/18000
Encoded 17437/18000
Encoded 17449/18000
Encoded 17459/18000
Encoded 17471/18000
Encoded 17485/18000
Encoded 17496/18000
Encoded 17511/18000
Encoded 17521/18000
Encoded 17531/18000
Encoded 17540/18000
Encoded 17549/18000
Encoded 17562/18000
Encoded 17577/18000
Encoded 17589/18000
Encoded 17601/18000
Encoded 17621/18000
Encoded 17638/18000
Encoded 17656/18000
Encoded 17677/18000
Encoded 17697/18000
Encoded 17714/18000
Encoded 17730/18000
Encoded 17749/18000
Encoded 17768/18000
Encoded 17784/18000
Encoded 17804/18000
Encoded 17821/18000
Encoded 17835/18000
Encoded 17847/18000
Encoded 17858/18000
Encoded 17872/18000
Encoded 17885/18000
Encoded 17897/18000
Encoded 17910/18000
Encoded 17925/18000
Encoded 17941/18000
Encoded 17957/18000
Encoded 17975/18000
Encoded 18000/18000
[34m+                    out/compound.mp4[39m [90m520.3 MB[39m
